"pupal_treatment","emergence_date","sex","adultID","weight","mateID","clutchID","age","green_eggs","orange_eggs","clutch_size","eggs_photographed","clutch_code","X.x","larval_treatment","egg_mean_1B","egg_mean_2A","notes.y","egg_mean_1A","clutch_ID","maternalID"
"mean","11/7/2025","F","CTRL.WTH.42_P3_M",0.0279,"CTRL.WTH.44_P8_M","A.M.2","DONE",0,210,210,"DONE","3510","","ambient",NA,NA,"",0.213242245,"A.M.2","42"
"cool","11/7/2025","F","HOT.WTH.44_P5_C",0.0269,"HOT.WTH.88_P2_C","H.C.3","DONE",7,206,213,"DONE","3462","","hot",NA,NA,"",0.215106508,"H.C.3","44"
"warm","11/9/2025","F","CTRL.WTH.60_P3_W",0.0205,"CTRL.WTH.1_P6_W","A.W.4","DONE",51,9,60,"DONE","9717","second image only has 9 eggs because the rest were green and too shrivelled to photograph","ambient",NA,NA,"only 9 eggs in this image",0.202687541,"A.W.4","60"
"mean","11/11/2025","F","WARM.WTH.1_P2_M",0.0301,"WARM.WTH.41_P2","W.M.5","DONE",0,245,245,"DONE","3985","","warm",NA,NA,"",0.200861251,"W.M.5","1"
"warm","11/11/2025","F","CTRL.WTH.42_P7_W",0.0297,"CTRL.WTH.44_P5_W","A.W.6","DONE",20,15,35,"DONE","2841","","ambient",NA,NA,"",0.206191755,"A.W.6","42"
"ambient","11/13/2025","F","HOT.WTH.15_P4_A",0.0313,"HOT.WTH.25_P2_A","H.A.8","DONE",0,36,36,"DONE","4370","","hot",NA,NA,"",0.198898753,"H.A.8","15"
"ambient","11/13/2025","F","HOT.WTH.60_P3_A",0.0256,"HOT.WTH.53_P3_A","H.A.9","DONE",37,71,108,"DONE","5760","","hot",NA,NA,"",0.209421697,"H.A.9","60"
"mean","11/13/2025","F","CTRL.WTH.44_P7_M",0.026,"CTRL.WTH.15_P5_M","A.M.11","DONE",13,0,13,"DONE","7745","","ambient",NA,NA,"",0.20845642,"A.M.11","44"
"warm","11/13/2025","F","CTRL.WTH.16_P4_W",0.0244,"CTRL.WTH.43_P3_W","A.W.12","DONE",11,0,11,"DONE","3756","too shrivelled to take a second image","ambient",NA,NA,"only 8 eggs in this image",0.205439237,"A.W.12","16"
"mean","11/15/2025","F","HOT.WTH.26_P2_M",0.0326,"HOT.WTH.78_P1_M","H.M.15","DONE",0,199,199,"DONE","6106","","hot",NA,NA,"",0.195,"H.M.15","26"
"mean","11/15/2025","F","CTRL.WTH.60_P2_M",0.0373,"CTRL.WTH.38_P4_M","A.M.17","DONE",2,221,223,"DONE","3887","","ambient",NA,NA,"",0.190188025,"A.M.17","60"
"cool","11/15/2025","F","CTRL.WTH.44_P1_C",0.0254,"CTRL.WTH.50_P5_C","A.C.18","DONE",1,3,4,"DONE","7169","","ambient",NA,NA,"",0.202318287,"A.C.18","44"
"cool","11/15/2025","F","HOT.WTH.102_P6_C",0.0485,"HOT.WTH.23_P7_C","H.C.19","DONE",22,229,251,"DONE","3566","","hot",NA,NA,"",0.236,"H.C.19","102"
"ambient","11/15/2025","F","WARM.WTH.44_P1_A",0.0375,"WARM.WTH.1_P4_C","W.A.21","DONE",38,0,38,"DONE","3979","","warm",NA,NA,"",0.213652496,"W.A.21","44"
"ambient","11/15/2025","F","CTRL.WTH.94_P2_A",0.0324,"CTRL.WTH.44_P6_A","C.A.22","DONE",2,47,49,"DONE","2613","","ambient",NA,NA,"",0.222990285,"C.A.22","94"
"hot","11/17/2025","F","CTRL.WTH.60_P6_H",0.0223,"CTRL.WTH.60_P6_H","A.H.23","DONE",8,160,168,"DONE","1554","","ambient",NA,NA,"",0.189204496,"A.H.23","60"
"warm","11/17/2025","F","HOT.WTH.86_P1_W",0.0401,"HOT.WTH.84_P2_W","H.W.25","DONE",2,185,187,"DONE","5468","","hot",NA,NA,"",0.196440367,"H.W.25","86"
"warm","11/17/2025","F","WARM.WTH.37_P2_W",0.037,"WARM.WTH.78_P5_W","W.W.27","DONE",0,226,226,"DONE","8788","","warm",NA,NA,"",0.197532892,"W.W.27","37"
"ambient","11/17/2025","F","HOT.WTH.152_P3_A",0.0282,"HOT.WTH.48_P1_A","H.A.29","DONE",12,159,171,"DONE","2046","","hot",NA,NA,"",0.215915307,"H.A.29","152"
"ambient","11/17/2025","F","HOT.WTH.117_P1_A",0.0296,"F6.MEAN.HOT_P3_A","H.A.30","DONE",35,176,211,"DONE","8066","","hot",NA,NA,"",0.23,"H.A.30","117"
"cool","11/19/2025","F","CTRL.WTH.164_P4_C",0.025,"CTRL.WTH.13_P6_C","A.C.31","DONE",153,27,180,"DONE","4003","","ambient",NA,NA,"",0.201,"A.C.31","164"
"mean","11/19/2025","F","CTRL.WTH.152_P5_M",0.0212,"CTRL.WTH.16_P2_M","A.M.33","DONE",3,173,176,"DONE","4206","","ambient",NA,NA,"",0.212163847,"A.M.33","152"
"mean","11/19/2025","F","CTRL.WTH.43_P2_M",0.0343,"CTRL.WTH.17_P2_M","A.M.35","DONE",0,42,42,"DONE","8988","","ambient",NA,NA,"",0.198,"A.M.35","43"
"mean","11/21/2025","F","CTRL.WTH.53_P4_M",0.0338,"CTRL.WTH.121_P4_M","A.M.178","DONE",8,294,302,"DONE","5236","","ambient",NA,NA,"",0.20787189,"A.M.178","53"
"mean","11/21/2025","F","CTRL.WTH.117_P4_M",0.0309,"CTRL.WTH.104_P3_M","A.M.36","DONE",0,304,304,"DONE","4994","","ambient",NA,NA,"",0.200639232,"A.M.36","117"
"mean","11/21/2025","F","CTRL.WTH.170_P6_M",0.0231,"CTRL.WTH.48_P1_M","A.M.37","88",90,79,169,"DONE","9357","","ambient",NA,NA,"",0.192,"A.M.37","170"
"mean","11/21/2025","F","WARM.WTH.164_P4_M",0.0242,"WARM.WTH.43_P6_M","W.M.38","DONE",76,6,82,"DONE","1216","","warm",NA,NA,"",0.191,"W.M.38","164"
"cool","11/21/2025","F","CTRL.WTH.60_P4_C",0.0265,"CTRL.WTH.44_P2_C","A.C.40","DONE",12,228,240,"DONE","1293","","ambient",NA,NA,"",0.190826278,"A.C.40","60"
"cool","11/21/2025","F","WARM.WTH.44_P3_C",0.0333,"WARM.WTH.42_P4_C","W.C.41","DONE",0,31,31,"DONE","9156","","warm",NA,NA,"",0.219,"W.C.41","44"
"cool","11/21/2025","F","HOT.WTH.25_P5_C",0.0305,"HOT.WTH.157_P4_C","H.C.42","DONE",16,162,178,"DONE","7215","","hot",NA,NA,"",0.199209738,"H.C.42","25"
"cool","11/21/2025","F","CTRL.WTH.29_P5_C",0.0291,"CTRL.WTH.114_P2_C","A.C.44","DONE",18,136,154,"DONE","9468","","ambient",NA,NA,"",0.190030068,"A.C.44","29"
"warm","11/21/2025","F","HOT.WTH.16_P5_W",0.0361,"HOT.WTH.158_P2_W","H.W.48","DONE",3,244,247,"DONE","9779","","hot",NA,NA,"",0.187852651,"H.W.48","16"
"warm","11/21/2025","F","HOT.WTH.43_P6_W",0.0284,"HOT.WTH.29_P4","H.W.49","DONE",10,0,10,"DONE","2598","","hot",NA,NA,"",0.192460196,"H.W.49","43"
"warm","11/21/2025","F","MEAN.WTH.43_P7_W",0.0093,"F2.MEAN.MEAN_P1_W","M.W.50","DONE",1,24,25,"DONE","2385","","mean",NA,NA,"",0.203731087,"M.W.50","43"
"warm","11/21/2025","F","CTRL.WTH.170_P4_W",0.0262,"CTRL.WTH.117_P3_W","A.W.51","DONE",0,245,245,"DONE","1040","","ambient",NA,NA,"",0.194,"A.W.51","170"
"warm","11/23/2025","F","CTRL.WTH_P8_W",0.0273,"F1.HOT.CTRL_P8_W","A.W.52","DONE",3,87,90,"DONE","9507","","ambient",NA,NA,"",0.192532281,"A.W.52","CTRL.WTH_P8_W"
"cool","11/23/2025","F","CTRL.WTH.49_P2_C",0.0323,"CTRL.WTH.89_P1_C","A.C.56","DONE",28,249,277,"DONE","3906","","ambient",NA,NA,"",0.224948459,"A.C.56","49"
"ambient","11/23/2025","F","CTRL.WTH.60_P5_A",0.0248,"CTRL.WTH.50_P4_A","A.A.57","DONE",5,111,116,"DONE","8390","","ambient",NA,NA,"",0.203361673,"A.A.57","60"
"ambient","11/23/2025","F","WARM.WTH.152_P2_A",0.0172,"WARM.WTH.43_P5_A","W.A.58","DONE",6,96,102,"DONE","7671","","warm",NA,NA,"",0.242194946,"W.A.58","152"
"ambient","11/23/2025","F","HOT.WTH.16_P1_A",0.0295,"HOT.WTH.29_P5_A","H.A.59","DONE",0,53,53,"DONE","8283","","hot",NA,NA,"",0.21,"H.A.59","16"
"mean","11/23/2025","F","WARM.WTH.48_P1_M",0.0245,"WARM.WTH.39_P2_M","W.M.60","DONE",54,22,76,"DONE","3503","","warm",NA,NA,"",0.187698591,"W.M.60","48"
"mean","11/23/2025","F","WARM.WTH.110_P2_M",0.0237,"WARM.WTH.78_P4_M","W.M.61","DONE",0,81,81,"DONE","7741","","warm",NA,NA,"",0.207138717,"W.M.61","110"
"mean","11/23/2025","F","WARM.WTH.23_P4_M",0.0273,"WARM.WTH.96_P3_M","W.M.62","DONE",3,146,149,"DONE","9943","","warm",NA,NA,"",0.217643125,"W.M.62","23"
"mean","11/23/2025","F","HOT.WTH.96_P3_M",0.0232,"HOT.WTH.78_P2_M","H.M.63","DONE",2,11,13,"DONE","3377","","hot",NA,NA,"",0.199,"H.M.63","96"
"mean","11/23/2025","F","CTRL.WTH.22_P2_M",0.0224,"CTRL.WTH.42_P8_M","A.M.64","DONE",3,110,113,"DONE","5043","","ambient",NA,NA,"",0.198101901,"A.M.64","22"
"hot","11/23/2025","F","CTRL.WTH.78_P1_H",0.025,"CTRL.WTH.113_P1_H","A.H.65","DONE",16,0,16,"DONE","4936","","ambient",NA,NA,"eggs are genuinely this small - I have checked this measurement",0.16417072,"A.H.65","78"
"hot","11/25/2025","F","HOT.WTH.17_P1_H",0.0224,"HOT.WTH.15_P3_H","H.H.67","DONE",0,22,22,"DONE","5088","","hot",NA,NA,"",0.211159572,"H.H.67","17"
"mean","11/25/2025","F","WARM.WTH.78_P2_M",0.0299,"WARM.WTH.43_P8_M","W.M.68","DONE",0,158,158,"DONE","1685","","warm",NA,NA,"",0.196175875,"W.M.68","78"
"mean","11/25/2025","F","HOT.WTH.41_P7_M",0.0299,"HOT.WTH.37_P2_M","H.M.69","DONE",2,258,260,"DONE","7077","","hot",NA,NA,"",0.208729973,"H.M.69","41"
"mean","11/25/2025","F","WARM.WTH.117_P3_M",0.025,"WARM.WTH.41_P1_M","W.M.71","DONE",5,195,200,"DONE","6026","","warm",NA,NA,"",0.222045473,"W.M.71","117"
"warm","11/25/2025","F","CTRL.WTH.113_P3_W",0.0112,"CTRL.WTH.127_P1_W","A.W.72","DONE",0,11,11,"DONE","4979","","ambient",NA,NA,"",0.200233639,"A.W.72","113"
"warm","11/25/2025","F","HOT.WTH.86_P8_W",0.0362,"F1.WARM.HOT_P6_W","H.W.74","DONE",1,361,362,"DONE","4229","","hot",NA,NA,"",0.203376552,"H.W.74","86"
"warm","11/25/2025","F","WARM.WTH.1_P6_W",0.0264,"WARM.WTH.94_P1_W","W.W.75","DONE",6,218,224,"DONE","6602","","warm",NA,NA,"",0.180166204,"W.W.75","1"
"warm","11/25/2025","F","CTRL.WTH.88_P1_W",0.03655,"F1.CTRL.WARM_P3_W","A.W.76","DONE",6,162,168,"DONE","5575","","ambient",NA,NA,"",0.189359968,"A.W.76","88"
"cool","11/25/2025","F","WARM.WTH.152_P3_C",0.027,"WARM.WTH.78_P1_C","W.C.75","DONE",32,161,193,"DONE","4782","","warm",NA,NA,"",0.237,"W.C.75","152"
"cool","11/25/2025","F","WARM.WTH.150_P2_C",0.0287,"WARM.WTH.47_P4_C","W.C.76","DONE",3,76,79,"DONE","8830","","warm",NA,NA,"",0.228622016,"W.C.76","150"
"cool","11/25/2025","F","HOT.WTH.92_P1_C",0.0309,"HOT.WTH.106_P6_C","H.C.77","DONE",0,19,19,"DONE","7386","","hot",NA,NA,"",0.196614997,"H.C.77","92"
"cool","11/25/2025","F","CTRL.WTH.48_P3_C",0.0269,"F1.COOL.CTRL??_P2_C","A.C.78","84",76,90,166,"DONE","8280","","ambient",NA,NA,"",0.19023394,"A.C.78","48"
"cool","11/25/2025","F","WARM.WTH.158_P3_C",0.0224,"WARM.WTH.53_P5_C","W.C.79","DONE",23,111,134,"DONE","5714","","warm",NA,NA,"",0.200236618,"W.C.79","158"
"cool","11/25/2025","F","WARM.WTH.37_P4_C",0.0267,"WARM.WTH.88_P1_C","W.C.80","DONE",19,128,147,"DONE","1150","","warm",NA,NA,"",0.196852044,"W.C.80","37"
"ambient","11/25/2025","F","CTRL.WTH.22_P8_A",0.0332,"CTRL.WTH.39_P1_A","A.A.81","DONE",1,57,58,"DONE","7809","","ambient",NA,NA,"",0.208509502,"A.A.81","22"
"ambient","11/25/2025","F","HOT.WTH.15_P1_A",0.0289,"HOT.WTH.151_P4_A","H.A.82","DONE",1,42,43,"DONE","9173","","hot",NA,NA,"",0.202709504,"H.A.82","15"
"ambient","11/25/2025","F","CTRL.WTH.151_P2_A",0.038,"CTRL.WTH.1_P5_A","A.A.83","DONE",0,181,181,"DONE","7910","","ambient",NA,NA,"",0.201584179,"A.A.83","151"
"cool","11/27/2025","F","WARM.WTH.33_P4_C",0.02138,"WARM.WTH.145_P5_C","W.C.84","DONE",6,22,28,"DONE","3207","","warm",NA,NA,"",0.206109438,"W.C.84","33"
"cool","11/27/2025","F","WARM.WTH.25_P7_C",0.0268,"WARM.WTH.42_P3_C","W.C.85","DONE",87,59,146,"DONE","2028","","warm",NA,NA,"",0.200495395,"W.C.85","25"
"cool","11/27/2025","F","HOT.WTH.114_P2_C",0.0284,"HOT.WTH.106_P1_C","H.C.86","DONE",70,61,131,"DONE","9517","","hot",NA,NA,"",0.192664484,"H.C.86","114"
"cool","11/27/2025","F","HOT.WTH.158_P3_C",0.0221,"HOT.WTH.86_P2_C","H.C.88","DONE",40,5,45,"DONE","8447","","hot",NA,NA,"",0.204009595,"H.C.88","158"
"cool","11/27/2025","F","HOT.WTH.110_P3_C",0.0284,"HOT.WTH.22_P9_C","H.C.89","DONE",4,59,63,"DONE","8734","","hot",NA,NA,"",0.204068244,"H.C.89","110"
"cool","11/27/2025","F","HOT.GLF.5_P1_C",0.0288,"HOT.WTH.151_P5_C","H.C.90","DONE",23,99,122,"DONE","9010","","hot",NA,NA,"",0.219542913,"H.C.90","5"
"cool","11/27/2025","F","HOT.WTH.22_P2_C",0.0311,"HOT.WTH.103_P5_C","H.C.91","DONE",28,133,161,"DONE","2955","","hot",NA,NA,"",0.195136841,"H.C.91","22"
"cool","11/27/2025","F","WARM.WTH.23_P2_C",0.0292,"WARM.WTH.113_P1_C","W.C.92","DONE",21,242,263,"DONE","9171","","warm",NA,NA,"",0.20957069,"W.C.92","23"
"hot","11/27/2025","F","HOT.WTH.47_P4_H",0.0331,"HOT.WTH.110_P7_H","H.H.93","DONE",10,159,169,"DONE","7128","","hot",NA,NA,"",0.221865833,"H.H.93","47"
"hot","11/27/2025","F","CTRL.WTH.153_P4_H",0.0237,"CTRL.WTH.88_P2_H","A.H.94","DONE",96,0,96,"DONE","5611","","ambient",NA,NA,"",0.201139682,"A.H.94","153"
"hot","11/27/2025","F","HOT.WTH.104_P3_H",0.0274,"HOT.WTH.110_P2_H","H.H.95","DONE",3,98,101,"DONE","3116","","hot",NA,NA,"",0.193965393,"H.H.95","104"
"ambient","11/27/2025","F","WARM.WTH.42_P2_A",0.0408,"WARM.WTH.23_P3_A","W.A.99","DONE",0,110,110,"DONE","6883","","warm",NA,NA,"",0.21455994,"W.A.99","42"
"mean","11/27/2025","F","HOT.WTH.25_P4_M",0.032,"HOT.WTH.29_P3_M","H.M.100","DONE",4,287,291,"DONE","1984","","hot",NA,NA,"",0.206690127,"H.M.100","25"
"mean","11/27/2025","F","HOT.WTH.148_P6_M",0.0254,"HOT.WTH.70_P2_M","H.M.101","DONE",0,220,220,"DONE","7182","","hot",NA,NA,"",0.19824422,"H.M.101","148"
"mean","11/27/2025","F","MEAN.WTH.16_P2_M",0.0135,"F6.CTRL.MEAN_P3_M","M.M.102","DONE",7,49,56,"DONE","1985","","mean",NA,NA,"",0.184478761,"M.M.102","16"
"mean","11/27/2025","F","HOT.WTH.111_P1_M",0.0362,"HOT.WTH.150_P2_M","H.M.103","DONE",0,94,94,"DONE","5232","","hot",NA,NA,"",0.205789569,"H.M.103","111"
"mean","11/27/2025","F","CTRL.WTH.152_P1_M",0.0291,"CTRL.WTH.111_P3_M","A.M.104","DONE",199,4,203,"DONE","2583","","ambient",NA,NA,"",0.219358352,"A.M.104","152"
"mean","11/27/2025","F","CTRL.WTH.33_P1_M",0.0286,"CTRL.WTH.64_P1_M","A.M.105","DONE",54,180,234,"DONE","5684","","ambient",NA,NA,"",0.193762694,"A.M.105","33"
"mean","11/27/2025","F","CTRL.WTH.148_P5_M",0.0245,"CTRL.WTH.78_P4_M","A.M.106","DONE",7,180,187,"DONE","8863","","ambient",NA,NA,"",0.180051598,"A.M.106","148"
"mean","11/27/2025","F","HOT.WTH.43_P4_M",0.0317,"HOT.WTH.117_P3_M","H.M.107","DONE",0,225,225,"DONE","5775","","hot",NA,NA,"",0.207992639,"H.M.107","43"
"mean","11/27/2025","F","MEAN.WTH.43_P6_M",0.0123,"MEAN.WTH.42_P2_M","M.M.108","DONE",1,66,67,"DONE","7643","","mean",NA,NA,"",0.213145135,"M.M.108","43"
"mean","11/27/2025","F","HOT.BLG.15_P3_M",0.0192,"HOT.WTH.152_P2_M","H.M.109","DONE",1,15,16,"DONE","9912","","hot",NA,NA,"",0.196969057,"H.M.109","15"
"warm","11/27/2025","F","HOT.WTH.43_P1_W",0.0313,"HOT.WTH.42_P4_W","H.W.110","DONE",10,180,190,"DONE","8126","","hot",NA,NA,"",0.199151749,"H.W.110","43"
"warm","11/27/2025","F","CTRL.WTH.42_P4_W",0.0277,"CTRL.WTH.110_P3_W","A.W.111","DONE",3,56,59,"DONE","4357","","ambient",NA,NA,"",0.22046901,"A.W.111","42"
"warm","11/27/2025","F","HOT.WTH.84_P1_W",0.0422,"HOT.WTH.60_P9_W","H.W.113","DONE",0,292,292,"DONE","9535","","hot",NA,NA,"",0.206164829,"H.W.113","84"
"cool","11/29/2025","F","HOT.WTH.151_P1_C",0.038,"HOT.WTH.98_P4_C","H.C.116","DONE",159,155,314,"DONE","1681","","hot",NA,NA,"",0.187812495,"H.C.116","151"
"cool","11/29/2025","F","CTRL.WTH.42_P6_C",0.0322,"CTRL.WTH.92_P3_C","A.C.117","DONE",9,0,9,"DONE","3506","","ambient",NA,NA,"",0.201943256,"A.C.117","42"
"cool","11/29/2025","F","HOT.WTH.153_P1_C",0.0268,"HOT.WTH.123_P3_C","H.C.118","DONE",74,0,74,"DONE","1194","","hot",NA,NA,"",0.226766683,"H.C.118","153"
"cool","11/29/2025","F","CTRL.WTH.1_P1_C",0.0257,"CTRL.WTH.110_P1_C","A.C.121","DONE",13,0,13,"DONE","5649","","ambient",NA,NA,"",0.210882325,"A.C.121","1"
"hot","11/29/2025","F","CTRL.WTH.25_P1_H",0.0286,"CTRL.WTH.48_P4_H","A.H.123","DONE",4,238,242,"DONE","3131","","ambient",NA,NA,"",0.219358352,"A.H.123","25"
"hot","11/29/2025","F","HOT.WTH.44_P2_H",0.0341,"HOT.WTH.96_P7_H","H.H.124","DONE",0,6,6,"DONE","7133","","hot",NA,NA,"",0.205861929,"H.H.124","44"
"hot","11/29/2025","F","CTRL.WTH.42_P2_H",0.0237,"CTRL.WTH.50_P1_H","A.H.125","DONE",51,0,51,"DONE","1754","","ambient",NA,NA,"",0.192383294,"A.H.125","42"
"hot","11/29/2025","F","WARM.WTH.53_P6_H",0.0203,"WARM.WTH.127_P4_H","W.H.126","DONE",0,280,280,"DONE","7552","","warm",NA,NA,"",0.209838923,"W.H.126","53"
"warm","11/29/2025","F","CTRL.WTH.159_P4_W",0.0228,"CTRL.WTH.33_P2_W","A.W.128","DONE",10,25,35,"DONE","4463","","ambient",NA,NA,"",0.180404189,"A.W.128","159"
"warm","11/29/2025","F","WARM.WTH.41_P6_W",0.0325,"WARM.WTH.96_P6_W","W.W.129","DONE",1,45,46,"DONE","4948","","warm",NA,NA,"",0.208512083,"W.W.129","41"
"warm","11/29/2025","F","CTRL.WTH.176_P4_W",0.03,"CTRL.WTH.167_P2_W","A.W.130","DONE",0,283,283,"DONE","8756","","ambient",NA,NA,"",0.196509049,"A.W.130","176"
"warm","11/29/2025","F","HOT.WTH.158_P5_W",0.0337,"HOT.WTH.44_P3_W","H.W.131","DONE",1,24,25,"DONE","3757","","hot",NA,NA,"",0.222564394,"H.W.131","158"
"warm","11/29/2025","F","MEAN.WTH.44_P2_W",0.0153,"MEAN.WTH.53_P1_W","M.W.132","DONE",0,44,44,"DONE","4832","","mean",NA,NA,"",0.194314459,"M.W.132","44"
"ambient","11/29/2025","F","HOT.WH.139_P2_A",0.032,"HOT.WTH.42_P3_A","H.A.135","DONE",2,181,183,"DONE","1711","","hot",NA,NA,"",0.212186268,"H.A.135","139"
"ambient","11/29/2025","F","WARM.WTH.127_P2_A",0.0246,"WARM.WTH.60_P8_A","W.A.138","DONE",2,12,14,"DONE","6369","","warm",NA,NA,"",0.237945933,"W.A.138","127"
"ambient","11/29/2025","F","CTRL.WTH.145_P6_A",0.0257,"CTRL.WTH.158_P4_A","A.A.139","DONE",2,194,196,"DONE","4500","","ambient",NA,NA,"",0.227431352,"A.A.139","145"
"ambient","11/29/2025","F","MEAN.WTH.130_P4_A",0.0081,"MEAN.WTH.49_P2","M.A.140","DONE",1,0,1,"DONE","4068","","mean",NA,NA,"only one egg in this image",0.199,"M.A.140","130"
"ambient","11/29/2025","F","WARM.WTH.29_P6_A",0.0222,"WARM.WTH.50_P8_A","W.A.141","DONE",1,35,36,"DONE","9719","","warm",NA,NA,"",0.191640832,"W.A.141","29"
"ambient","11/29/2025","F","CTRL.WTH.13_P5_A",0.0364,"CTRL.WTH.150_P3_A","A.A.142","DONE",2,166,168,"DONE","5054","","ambient",NA,NA,"",0.21659667,"A.A.142","13"
"ambient","11/29/2025","F","CTRL.WTH.47_P5_A",0.0308,"CTRL.WTH.48_P2_A","A.A.144","DONE",0,62,62,"DONE","7097","","ambient",NA,NA,"",0.212028595,"A.A.144","47"
"ambient","11/29/2025","F","WARM.WTH.121_P3_A",0.0389,"WARM.WTH.53_P2_A","W.A.145","DONE",0,60,60,"DONE","2148","","warm",NA,NA,"",0.22682027,"W.A.145","121"
"ambient","11/29/2025","F","WARM.WTH.25_P3",0.0178,"WARM.WTH.37_P3_A","W.A.146","DONE",0,56,56,"DONE","3036","","warm",NA,NA,"",0.212795656,"W.A.146","25"
"hot","12/1/2025","F","CTRL.WTH.170_P3_H",0.0199,"F4.CTRL.CTRL_P1_H","A.H.147","DONE",2,94,96,"DONE","6427","","ambient",NA,NA,"",0.201,"A.H.147","170"
"hot","12/1/2025","F","CTRL.WTH.152_P6_H",0.0204,"CTRL.WTH.86_P2_H","A.H.148","DONE",11,110,121,"DONE","3312","","ambient",NA,NA,"",0.231991851,"A.H.148","152"
"hot","12/1/2025","F","MEAN.WTH.92_P1_H",0.0112,"MEAN.WTH.16_P1_H","M.H.149","DONE",7,14,21,"DONE","8740","","mean",NA,NA,"",0.19813812,"M.H.149","92"
"cool","12/1/2025","F","WARM.WTH.98_P11_C",0.0162,"WARM.WTH.111_P4_C","W.C.150","DONE",0,38,38,"DONE","9649","","warm",NA,NA,"",0.20398501,"W.C.150","98"
"cool","12/1/2025","F","WARM.WTH.164_P6_C",0.0199,"WARM.WTH.151_P1_C","W.C.152","DONE",78,0,78,"DONE","2077","","warm",NA,NA,"",0.196919026,"W.C.152","164"
"cool","12/1/2025","F","CTRL.WTH.161_P1_C",0.0217,"CTRL.WTH.160_P2_C","A.C.154","DONE",35,0,35,"DONE","6014","","ambient",NA,NA,"",0.193679513,"A.C.154","161"
"cool","12/1/2025","F","CTRL.WTH.176_P3_C",0.0291,"CTRL.WTH.42_P1_C","A.C.155","DONE",51,115,166,"DONE","6657","","ambient",NA,NA,"",0.188948794,"A.C.155","176"
"cool","12/1/2025","F","WARM.WTH.17_P4_C",0.0226,"WARM.WTH.155_P1","W.C.156","DONE",36,125,161,"DONE","7378","","warm",NA,NA,"",0.232300553,"W.C.156","17"
"cool","12/1/2025","F","CTRL.WTH.53_P2_C",0.0376,"CTRL.WTH.153_P5_C","A.C.158","DONE",220,0,220,"DONE","1184","","ambient",NA,NA,"",0.209348151,"A.C.158","53"
"warm","12/1/2025","F","CTRL.WTH.22_P6_W",0.0275,"CTRL.WTH.160_P6_W","A.W.159","DONE",2,235,237,"DONE","8932","","ambient",NA,NA,"",0.194082748,"A.W.159","22"
"warm","12/1/2025","F","HOT.WTH.127_P1_W",0.0277,"HOT.WTH.153_P6_W","H.W.160","DONE",1,100,101,"DONE","1412","","hot",NA,NA,"",0.201222647,"H.W.160","127"
"warm","12/1/2025","F","HOT.WTH.110_P1_W",0.025,"HOT.WTH.104_P5_W","H.W.161","DONE",17,93,110,"DONE","5722","","hot",NA,NA,"",0.205508273,"H.W.161","110"
"warm","12/1/2025","F","WARM.WTH.110_P3_W",0.022,"WARM.WTH.50_P4_W","W.W.162","DONE",0,76,76,"DONE","2332","","warm",NA,NA,"",0.206651033,"W.W.162","110"
"warm","12/1/2025","F","HOT.WTH.106_P7_W",0.0292,"HOT.WTH.70_P3_W","H.W.164","DONE",0,199,199,"DONE","5874","","hot",NA,NA,"",0.210115947,"H.W.164","106"
"mean","12/1/2025","F","HOT.WTH.153_P7_M",0.0335,"HOT.WTH.64_P6_M","H.M.168","DONE",30,199,229,"DONE","1563","","hot",NA,NA,"",0.222681267,"H.M.168","153"
"mean","12/1/2025","F","WARM.WTH.170_P1_M",0.0183,"WARM.WTH.37_P1_M","W.M.169","DONE",0,143,143,"DONE","4798","","warm",NA,NA,"",0.219702033,"W.M.169","170"
"mean","12/1/2025","F","HOT.WTH.33_P3_M",0.0311,"HOT.WTH.161_P3_M","H.M.170","DONE",41,0,41,"DONE","5255","","hot",NA,NA,"",0.196236908,"H.M.170","33"
"mean","12/1/2025","F","HOT.WTH.118_P3_M",0.0355,"HOT.WTH.161_P7_M","H.M.171","DONE",108,0,108,"DONE","4580","","hot",NA,NA,"",0.212347022,"H.M.171","118"
"mean","12/1/2025","F","HOT.WTH.123_P2_M",0.0243,"HOT.WTH.38_P1_M","H.M.172","DONE",7,106,113,"DONE","4128","","hot",NA,NA,"",0.191861586,"H.M.172","123"
"mean","12/1/2025","F","WARM.WTH.25_P2_M",0.0225,"WARM.WTH.64_P2_M","W.M.173","DONE",0,35,35,"DONE","7600","","warm",NA,NA,"",0.210147402,"W.M.173","25"
"mean","12/1/2025","F","CTRL.WTH.148_P7_M",0.0196,"CTRL.WTH.103_P3_M","A.M.174","DONE",59,8,67,"DONE","5712","","ambient",NA,NA,"",0.193466566,"A.M.174","148"
"mean","12/1/2025","F","WARM.WTH.89_P8_M",0.0189,"WARM.WTH.29_P2_M","W.M.175","DONE",0,25,25,"DONE","9548","","warm",NA,NA,"",0.195235512,"W.M.175","89"
"mean","12/1/2025","F","HOT.WTH.167_P2_M",0.0335,"HOT.WTH.170_P4","H.M.176","DONE",0,74,74,"DONE","1278","","hot",NA,NA,"",0.193724226,"H.M.176","167"
"mean","12/1/2025","F","MEAN.WTH.170_P1_M",0.01,"MEAN.WTH.13_P1_M","M.M.177","DONE",0,23,23,"DONE","5365","","mean",NA,NA,"",0.211460994,"M.M.177","170"
"ambient","12/1/2025","F","WARM.WTH.98_P5_A",0.0152,"WARM.WTH.153_P1_A","W.A.168","DONE",0,61,61,"DONE","7789","","warm",NA,NA,"",0.236137116,"W.A.168","98"
"ambient","12/1/2025","F","WARM.WTH.150_P3_A",0.0132,"WARM.WTH.170_P9_A","W.A.169","DONE",6,43,49,"DONE","7490","","warm",NA,NA,"",0.204736419,"W.A.169","150"
"ambient","12/1/2025","F","CTRL.WTH.167_P3_A",0.0245,"CTRL.WTH.117_P2_A","A.A.172","78",20,54,74,"DONE","4200","","ambient",NA,NA,"",0.223321968,"A.A.172","167"
"ambient","12/1/2025","F","HOT.WTH.47_P2_A",0.0315,"HOT.WTH.106_P5_A","H.A.173","DONE",2,55,57,"DONE","3265","","hot",NA,NA,"",0.204327653,"H.A.173","47"
"cool","12/3/2025","F","CTRL.WTH.152_P4_C",0.0189,"F1.CTRL.CTRL_P2_C","A.C.181","DONE",40,69,109,"DONE","1617","1617_1A and 1617_1B are the same 10 eggs, 1617_2A is a different set of 10","ambient",0.238231998,0.236825953,"",0.239070514,"A.C.181","152"
"ambient","12/3/2025","F","MEAN.WTH.111_P1_A",0.0151,"MEAN.WTH.160_P1_A","M.A.183","DONE",2,3,5,"DONE","9528","","mean",NA,NA,"5 eggs in this image",0.219,"M.A.183","111"
"ambient","12/3/2025","F","WARM.WTH.84_P6_A",0.027,"WARM.WTH.89_P6_A","W.A.184","DONE",0,261,261,"DONE","1538","","warm",NA,NA,"9 eggs in this image",0.213625406,"W.A.184","84"
"ambient","12/3/2025","F","HOT.WTH.22_P4_A",0.0394,"HOT.WTH.159_P1_A","H.A.185","DONE",0,13,13,"DONE","4624","","hot",NA,NA,"",0.203538993,"H.A.185","22"
"ambient","12/3/2025","F","WARM.WTH.74_P6_A",0.0174,"F1.COOL.WARM_P7_A","W.A.186","DONE",2,45,47,"DONE","7867","","warm",NA,NA,"",0.22083909,"W.A.186","74"
"ambient","12/3/2025","F","COOL.WTH.96_P1_A",0.0121,"COOL.WTH.17_P2_A","C.A.187","DONE",0,57,57,"DONE","4461","","cool",NA,NA,"",0.208319457,"C.A.187","96"
"ambient","12/3/2025","F","HOT.WTH.102_P3_A",0.029,"HOT.WTH.158_P4_A","H.A.188","DONE",0,186,186,"DONE","6617","1A,1B, 2A","hot",NA,NA,"",0.191256196,"H.A.188","102"
"ambient","12/3/2025","F","HOT.WTH.148_P3_A",0.0283,"HOT.WTH.103_P4_A","H.A.189","DONE",0,230,230,"DONE","7814","1A,1B, 2A","hot",0.190956648,0.174387725,"",0.195804686,"H.A.189","148"
"ambient","12/3/2025","F","WARM.WTH.102_P2_A",0.0151,"WARM.WTH.104_P5_A","W.A.190","DONE",0,18,18,"DONE","8004","","warm",NA,NA,"",0.189702614,"W.A.190","102"
"ambient","12/3/2025","F","WARM.WTH.164_P3_A",0.0231,"WARM.WTH.106_P5_A","W.A.191","DONE",5,54,59,"DONE","7800","1A,1B, 2A","warm",0.204825841,0.213359555,"1A had 10 eggs and 1B had 9 eggs, so cannot really use this one for repeatability.",0.211387534,"W.A.191","164"
"ambient","12/3/2025","F","WARM.WTH.92_P3_A",0.0387,"WARM.WTH.152_P6_A","W.A.192","DONE",0,44,44,"DONE","4007","","warm",NA,NA,"",0.219015657,"W.A.192","92"
"hot","12/3/2025","F","CTRL.WTH.92_P4_H",0.0293,"CTRL.WTH.74_P5_H","A.H.193","DONE",0,307,307,"DONE","7803","1A,1B, 2A","ambient",0.185291624,0.190587288,"",0.187400459,"A.H.193","92"
"hot","12/3/2025","F","CTRL.WTH.130_P6_H",0.0224,"F1.CTRL.CTRL_P4_H","A.H.195","DONE",4,110,114,"DONE","3285","1A,1B, 2A","ambient",0.19404217,0.202351027,"",0.200167272,"A.H.195","130"
"hot","12/3/2025","F","HOT.WTH.42_P2_H",0.0301,"HOT.WTH.70_P1_H","H.H.196","DONE",0,175,175,"DONE","6792","1A,1B, 2A","hot",0.218020625,0.213574264,"",0.219327409,"H.H.196","42"
"hot","12/3/2025","F","HOT.WTH.78_P4_H",0.0288,"HOT.WTH.1_P5_H","H.H.198","DONE",0,119,119,"DONE","8683","1A,1B, 2A","hot",0.199969819,0.194879135,"",0.195936768,"H.H.198","78"
"hot","12/3/2025","F","HOT.WTH.39_P1_H",0.0322,"HOT.WTH.29_P2_H","H.H.199","DONE",0,109,109,"DONE","9935","1A,1B, 2A","hot",0.204092769,0.209903894,"",0.201921084,"H.H.199","39"
"hot","12/3/2025","F","CTRL.WTH.123_P4_H",0.0186,"CTRL.WTH.98_P4_H","A.H.200","DONE",0,46,46,"DONE","6508","","ambient",NA,NA,"",0.205798157,"A.H.200","123"
"hot","12/3/2025","F","CTRL.WTH.114_P4_H",0.0243,"F4.CTRL.CTRL_P1_H","A.H.201","DONE",8,54,62,"DONE","5212","","ambient",NA,NA,"",0.176970393,"A.H.201","114"
"hot","12/3/2025","F","HOT.WTH.92_P5_H",0.0354,"HOT.WTH.103_P1_H","H.H.202","DONE",0,254,254,"DONE","8825","","hot",NA,NA,"",0.196976683,"H.H.202","92"
"mean","12/3/2025","F","WARM.WTH.170_P3_M",0.0157,"WARM.WTH.70_P1_M","W.M.203","DONE",3,31,34,"DONE","2705","","warm",NA,NA,"",0.20135804,"W.M.203","170"
"mean","12/3/2025","F","HOT.WTH.158_P6_M",0.0329,"HOT.WTH.153_P4_M","H.M.204","DONE",6,0,6,"DONE","8878","","hot",NA,NA,"this image has 6 eggs",0.190462043,"H.M.204","158"
"mean","12/3/2025","F","WARM.WTH.159_P5_M",0.0146,"WARM.WTH.89_P2_M","W.M.207","DONE",0,91,91,"DONE","9080","1A,1B, 2A","warm",0.196877998,0.190923685,"",0.189531918,"W.M.207","159"
"warm","12/3/2025","F","WARM.WTH.43_P7_W",0.0301,"WARM.WTH.89_P3_W","W.W.210","DONE",0,229,229,"DONE","1987","1A,1B, 2A","warm",0.187577187,0.186761937,"",0.189754199,"W.W.210","43"
"warm","12/3/2025","F","WARM.WTH.25_P6_W",0.0201,"WARM.WTH.88_P3_W","W.W.212","DONE",13,32,45,"DONE","9977","","warm",NA,NA,"",0.190474883,"W.W.212","25"
"warm","12/3/2025","F","CTRL.WTH.158_P1_W",0.0256,"CTRL.WTH.103_P1_W","A.W.211","DONE",0,184,184,"DONE","5806","1A,1B,2A","ambient",0.196789112,0.189920293,"",0.199250742,"A.W.211","158"
"warm","12/3/2025","F","WARM.WTH.13_P3_W",0.0338,"WARM.WTH.49_P3_W","W.W.214","DONE",0,7,7,"DONE","6587","","warm",NA,NA,"this image has 7 eggs",0.188502538,"W.W.214","13"
"warm","12/3/2025","F","CTRL.WTH.159_P3_W",0.0253,"F4.CTRL.CTRL_P7_W","A.W.215","DONE",32,224,256,"DONE","4808","1A,1B,2A","ambient",0.195668628,0.19427068,"",0.197865299,"A.W.215","159"
"warm","12/3/2025","F","HOT.WTH.33_P4_W",0.0367,"HOT.WTH.179_P2_W","H.W.218","DONE",0,230,230,"DONE","8425","1A,1B,2A","hot",0.21826115,0.209927996,"1A has 9 eggs, and 1B has 10 eggs, so can't really use for repeatability",0.208069562,"H.W.218","33"
"warm","12/5/2025","F","WARM.WTH.158_P1_W",0.0239,"WARM.WTH.153_P8_W","W.W.215","DONE",0,177,177,"DONE","3224","","warm",NA,NA,"",0.204,"W.W.215","158"
"warm","12/5/2025","F","MEAN.WTH.25_P1_W",0.0102,"F5.CTRL.MEAN_P2_W","M.W.218","DONE",1,0,1,"DONE","2164","","mean",NA,NA,"this image has 1 egg",0.227,"M.W.218","25"
"warm","12/5/2025","F","HOT.WTH.98_P5_W",0.0291,"HOT.WTH.106_P4_W","H.W.219","DONE",0,35,35,"DONE","7082","1A,1B,2A","hot",0.215940119,0.215999476,"",0.207403008,"H.W.219","98"
"warm","12/5/2025","F","CTRL.WTH.148_P6_W",0.0294,"CTRL.WTH.47_P1_W","A.W.220","DONE",10,220,230,"DONE","8633","1A,1B,2A","ambient",0.208025295,0.201696918,"",0.206923547,"A.W.220","148"
"warm","12/5/2025","F","HOT.WTH.114_P1_W",0.0351,"HOT.WTH.153_P5_W","H.W.221","DONE",2,68,70,"DONE","3212","1A,1B,2A","hot",0.226116383,0.203615847,"",0.212458513,"H.W.221","114"
"warm","12/5/2025","F","HOT.WTH.114_P7_W",0.0297,"HOT.WTH.155_P10_W","H.W.222","DONE",0,184,184,"DONE","2611","1A,1B,2A","hot",0.183804195,0.184670906,"",0.188992747,"H.W.222","114"
"warm","12/5/2025","F","HOT.WTH.25_P1_W",0.029,"HOT.WTH.43_P6_W","H.W.223","DONE",8,69,77,"DONE","4852","","hot",NA,NA,"",0.203470142,"H.W.223","25"
"warm","12/5/2025","F","WARM.WTH.98_P8_W",0.0112,"WARM.WTH.170_P11_W","W.W.224","DONE",1,9,10,"DONE","6564","","warm",NA,NA,"one egg in this image is really very small + shrivelled, likely biasing the mean",0.19011191,"W.W.224","98"
"warm","12/5/2025","F","CTRL.WTH.153_P1_W",0.0262,"CTRL.WTH.146_P3_W","A.W.228","DONE",0,95,95,"DONE","3469","","ambient",NA,NA,"",0.212497813,"A.W.228","153"
"warm","12/5/2025","F","WARM.WTH.170_P2_W",0.0149,"WARM.WTH.152_P1_W","W.W.229","DONE",0,60,60,"DONE","3111","","warm",NA,NA,"",0.18812694,"W.W.229","170"
"warm","12/5/2025","F","WARM.WTH.117_P4_W",0.0232,"WARM.WTH.38_P3_W","W.W.230","DONE",0,41,41,"DONE","7223","","warm",NA,NA,"",0.216792768,"W.W.230","117"
"cool","12/5/2025","F","HOT.WTH.16_P2_C",0.0362,"HOT.WTH.1_P3_C","H.C.231","DONE",9,182,191,"DONE","4034","1A,1B,2A","hot",0.203574494,0.217007656,"1B raw results not saved correctly",0.207580496,"H.C.231","16"
"cool","12/5/2025","F","CTRL.WTH.23_P2_C",0.0254,"CTRL.WTH.48_P5_C","A.C.232","DONE",4,19,23,"DONE","3338","","ambient",NA,NA,"",0.222820136,"A.C.232","23"
"hot","12/5/2025","F","HOT.WTH.148_P2_H",0.0301,"HOT.WTH.94_P2_H","H.H.235","DONE",0,256,256,"DONE","7908","","hot",NA,NA,"",0.194782419,"H.H.235","148"
"hot","12/5/2025","F","CTRL.WTH.13_P4_H",0.0314,"CTRL.WTH.155_P2_H","A.H.236","DONE",1,110,111,"DONE","2346","","ambient",NA,NA,"",0.198535038,"A.H.236","13"
"hot","12/5/2025","F","HOT.WTH.162_P2_H",0.0319,"HOT.WTH.158_P1_H","H.H.237","DONE",0,246,246,"DONE","7622","","hot",NA,NA,"",0.221528412,"H.H.237","162"
"hot","12/5/2025","F","MEAN.WTH.22_P1_H",0.0176,"MEAN.WTH.157_P1_H","M.H.238","DONE",0,106,106,"DONE","76221","","mean",NA,NA,"",0.193191156,"M.H.238","22"
"hot","12/5/2025","F","HOT.WTH.123_P1_H",0.0357,"HOT.WTH.53_P2_H","H.H.241","DONE",0,15,15,"DONE","6000","","hot",NA,NA,"",0.204905744,"H.H.241","123"
"mean","12/5/2025","F","HOT.WTH.138_P3_M",0.0298,"HOT.WTH.86_P6_M","H.M.243","DONE",0,23,23,"DONE","6406","","hot",NA,NA,"",0.20653158,"H.M.243","138"
"mean","12/5/2025","F","HOT.WTH.162_P8_M",0.0298,"HOT.WTH.22_P6_M","H.M.244","DONE",0,232,232,"DONE","6853","","hot",NA,NA,"",0.218031224,"H.M.244","162"
"mean","12/5/2025","F","MEAN.WTH.53_P3_M",0.0122,"MEAN.WTH.145_P2_M","M.M.247","DONE",0,10,10,"DONE","5387","","mean",NA,NA,"",0.201244441,"M.M.247","53"
"mean","12/5/2025","F","HOT.WTH.168_P6_M",0.0231,"HOT.WTH.89_P2_M","H.M.248","DONE",1,102,103,"DONE","6345","","hot",NA,NA,"",0.196637358,"H.M.248","168"
"mean","12/5/2025","F","WARM.WTH.26_P1_M",0.0276,"WARM.WTH.157_P4_M","W.M.251","74",3,41,44,"DONE","2834","","warm",NA,NA,"",0.184629994,"W.M.251","26"
"ambient","12/5/2025","F","WARM.WTH.130_P7_A",0.0298,"WARM.WTH.160_P4_A","W.A.252","DONE",1,89,90,"DONE","4110","1A,1B,2A","warm",0.213906725,0.219646626,"",0.20982857,"W.A.252","130"
"ambient","12/5/2025","F","HOT.WTH.84_P3_A",0.0405,"HOT.WTH.23_P3_A","H.A.253","DONE",1,173,174,"DONE","7308","1A,1B,2A","hot",0.214248584,0.225847319,"",0.222529923,"H.A.253","84"
"ambient","12/5/2025","F","CTRL.WTH.153_P2_A",0.0261,"CTRL.WTH.170_P1_A","A.A.254","DONE",90,0,90,"DONE","9928","","ambient",NA,NA,"",0.232157527,"A.A.254","153"
"mean","12/7/2025","F","CTRL.WTH.89_P3_M",0.0252,"CTRL.WTH.127_P2_M","A.M.255","DONE",2,6,8,"DONE","9274","","ambient",NA,NA,"",0.179626606,"A.M.255","89"
"mean","12/7/2025","F","HOT.WTH.98_P7_M",0.0332,"F3.CTRL.HOT_P9_M","H.M.256","DONE",0,16,16,"DONE","4467","","hot",NA,NA,"",0.209640684,"H.M.256","98"
"mean","12/7/2025","F","WARM.WTH.148_P5_M",0.0236,"WARM.MUN.1_P2_M","W.M.257","DONE",4,228,232,"DONE","8376","1A,1B,2A","warm",0.192925062,0.186265187,"",0.193760584,"W.M.257","148"
"mean","12/7/2025","F","MEAN.WTH.70_P1_M",0.0113,"MEAN.WTH.162_P5_M","M.M.258","DONE",0,60,60,"DONE","5171","1A,1B,2A","mean",0.184367255,0.187436945,"",0.186761363,"M.M.258","70"
"mean","12/7/2025","F","HOT.WTH.103_P6_M",0.0246,"HOT.WTH.155_P9_M","H.M.260","DONE",5,21,26,"DONE","8384","","hot",NA,NA,"",0.211805875,"H.M.260","103"
"mean","12/7/2025","F","WARM.WTH.103_P7_M",0.0275,"WARM.WTH.138_P6_M","W.M.261","DONE",39,0,39,"DONE","8089","","warm",NA,NA,"",0.220804277,"W.M.261","103"
"mean","12/7/2025","F","WARM.WTH.160_P7_M",0.0196,"F3.MEAN.WARM_P6_M","W.M.264","72",3,0,3,"DONE","7517","","warm",NA,NA,"",0.201326874,"W.M.264","160"
"mean","12/7/2025","F","HOT.WTH.102_P4_M",0.0352,"HOT.GLF.5_P5_M","H.M.267","DONE",25,36,61,"DONE","3162","1A,1B,2A","hot",0.202428918,0.190932269,"",0.204377236,"H.M.267","102"
"mean","12/7/2025","F","CTRL.WTH.70_P5_M",0.0255,"CTRL.WTH.138_P4_M","A.M.269","DONE",150,0,150,"DONE","26900","","ambient",NA,NA,"",0.188056127,"A.M.269","70"
"hot","12/7/2025","F","WARM.WTH.145_P4_H",0.0308,"WARM.WTH.96_P5_H","W.H.275","DONE",0,249,249,"DONE","8632","","warm",NA,NA,"",0.209711341,"W.H.275","145"
"cool","12/7/2025","F","CTRL.BLG.15_P10_C",0.0155,"CTRL.WTH.139_P8_C","A.C.276","DONE",8,0,8,"DONE","16811","","ambient",NA,NA,"only 8 eggs in this image",0.219314186,"A.C.276","15"
"cool","12/7/2025","F","HOT.WTH.94_P1_C",0.0315,"HOT.WTH.96_P9_C","H.C.277","DONE",0,263,263,"DONE","8081","1A,1B,2A","hot",0.195550024,0.200382471,"",0.191221254,"H.C.277","94"
"cool","12/7/2025","F","HOT.WTH.179_P5_C",0.0253,"HOT.WTH.159_P5_C","H.C.279","DONE",0,213,213,"DONE","2561","","hot",NA,NA,"",0.216675917,"H.C.279","179"
"cool","12/7/2025","F","WARM.WTH.98_P8_C",0.0176,"WARM.WTH.89_P9_C","W.C.280","DONE",80,28,108,"DONE","7540","","warm",NA,NA,"",0.194445058,"W.C.280","98"
"ambient","12/7/2025","F","WARM.WTH.103_P4_A",0.0338,"WARM.WTH.159_P3","W.A.284","DONE",0,22,22,"DONE","4813","","warm",NA,NA,"",0.202656969,"W.A.284","103"
"ambient","12/7/2025","F","HOT.WTH.155_P6_A",0.0224,"HOT.WTH.98_P2_A","H.A.286","DONE",0,201,201,"DONE","5051","","hot",NA,NA,"",0.216218657,"H.A.286","155"
"ambient","12/7/2025","F","WARM.WTH.121_P6_A",0.024,"WARM.WTH.168_P1_A","W.A.287","DONE",0,182,182,"DONE","9175","","warm",NA,NA,"",0.210616206,"W.A.287","121"
"ambient","12/7/2025","F","HOT.GLF.16_P5_A",0.0207,"HOT.WTH.111_P2_A","H.A.288","DONE",0,132,132,"DONE","6566","","hot",NA,NA,"",0.202905433,"H.A.288","16"
"ambient","12/7/2025","F","CTRL.GLF.5_P6_A",0.0265,"CTRL.WTH.154_P3_A","A.A.289","DONE",0,218,218,"DONE","2361","","ambient",NA,NA,"",0.224508935,"A.A.289","5"
"ambient","12/7/2025","F","WARM.WTH.148_P4_A",0.0299,"WARM.WTH.139_P5_A","W.A.290","DONE",3,230,233,"DONE","3153","","warm",NA,NA,"",0.214471361,"W.A.290","148"
"ambient","12/7/2025","F","WARM.WTH.70_P4_A",0.0177,"WARM.GLF.5_P2_A","W.A.293","DONE",0,100,100,"DONE","4958","","warm",NA,NA,"didn't save this image - oops",0.217336254,"W.A.293","70"
"ambient","12/7/2025","F","HOT.WTH.160_P3_A",0.028,"HOT.WTH.170_P1_A","H.A.295","DONE",0,53,53,"DONE","7154","","hot",NA,NA,"",0.204116719,"H.A.295","160"
"ambient","12/7/2025","F","CTRL.WTH.179_P2_A",0.0328,"CTRL.WTH.15_P4_A","A.A.297","DONE",8,119,127,"DONE","5720","","ambient",NA,NA,"",0.203380009,"A.A.297","179"
"warm","12/7/2025","F","WARM.WTH.154_P2_W",0.0138,"F7.COOL.WARM_P5_W","W.W.299","DONE",0,68,68,"DONE","1385","","warm",NA,NA,"",0.220059655,"W.W.299","154"
"warm","12/7/2025","F","HOT.WTH.148_P5_W",0.0149,"HOT.WTH.159_P2_W","H.W.301","DONE",5,245,250,"DONE","9332","","hot",NA,NA,"",0.208436659,"H.W.301","148"
"warm","12/7/2025","F","WARM.WTH.123_P5_W",0.0287,"WARM.WTH.102_P5_W","W.W.302","DONE",0,10,10,"DONE","1030","","warm",NA,NA,"",0.202812627,"W.W.302","123"
"warm","12/7/2025","F","MEAN.WTH.153_P1_W",0.0282,"MEAN.WTH.64_P2_W","M.W.300","DONE",1,71,72,"DONE","5189","","mean",NA,NA,"",0.216491225,"M.W.300","153"
"cool","12/9/2025","F","HOT.WTH.84_P4_C",0.0338,"HOT.WTH.139_P7_C","H.C.303","DONE",205,0,205,"DONE","4785","","hot",NA,NA,"",0.205959625,"H.C.303","84"
"cool","12/9/2025","F","HOT.WTH.161_P4_C",0.0269,"HOT.WTH.162_P7_C","H.C.304","DONE",18,0,18,"DONE","8587","","hot",NA,NA,"",0.196068462,"H.C.304","161"
"warm","12/9/2025","F","WARM.WTH.43_P3_W",0.0271,"WARM.WTH.47_P1_W","W.W.308","DONE",11,39,50,"DONE","9369","","warm",NA,NA,"",0.203549432,"W.W.308","43"
"warm","12/9/2025","F","HOT.WTH.22_P5_W",0.0295,"HOT.WTH.13_P2_W","H.W.310","DONE",0,64,64,"DONE","6531","","hot",NA,NA,"",0.195098975,"H.W.310","22"
"warm","12/9/2025","F","CTRL.WTH.64_P6_W",0.0338,"CTRL.WTH.162_P1_W","A.W.311","DONE",0,36,36,"DONE","5619","","ambient",NA,NA,"",0.195417789,"A.W.311","64"
"warm","12/9/2025","F","WARM.WTH.26_P3_W",0.0208,"WARM.WTH.118_P2_W","W.W.312","DONE",0,134,134,"DONE","6697","","warm",NA,NA,"",0.204768652,"W.W.312","26"
"warm","12/9/2025","F","HOT.WTH.64_P1_W",0.0264,"HOT.WTH.121_P8_W","H.W.313","70",9,130,139,"DONE","1203","","hot",NA,NA,"",0.214419169,"H.W.313","64"
"warm","12/9/2025","F","CTRL.WTH.94_P1_W",0.0287,"F4.CTRL.CTRL_P3_W","A.W.314","DONE",2,259,261,"DONE","4246","","ambient",NA,NA,"",0.189247362,"A.W.314","94"
"warm","12/9/2025","F","HOT.WTH.74_P8_W",0.0316,"HOT.WTH.117_P4_W","H.W.315","DONE",3,150,153,"DONE","3420","","hot",NA,NA,"",0.215360756,"H.W.315","74"
"warm","12/9/2025","F","WARM.WTH.111_P5_W",0.025,"WARM.WTH.155_P2_W","W.W.316","DONE",0,178,178,"DONE","9855","","warm",NA,NA,"",0.2159406,"W.W.316","111"
"warm","12/9/2025","F","WARM.WTH.104_P2_W",0.0279,"WARM.WTH.148_P3_W","W.W.317","DONE",2,204,206,"DONE","8631","","warm",NA,NA,"",0.215256692,"W.W.317","104"
"mean","12/9/2025","F","HOT.WTH.145_P6_M",0.028,"HOT.WTH.179_P4_M","H.M.318","DONE",9,210,219,"DONE","3431","","hot",NA,NA,"",0.209574045,"H.M.318","145"
"mean","12/9/2025","F","CTRL.WTH.167_P1_M ",0.0307,"CTRL.WTH.123_P2_M","A.M.321","DONE",27,246,273,"DONE","6241","","ambient",NA,NA,"",0.206147829,"A.M.321","167"
"ambient","12/9/2025","F","CTRL.WTH.102_P2_M ",0.033,"CTRL.WTH.121_P7_M","A.M.322","DONE",4,38,42,"DONE","62412","","ambient",NA,NA,"",0.198699802,"A.M.322","102"
"hot","12/9/2025","F","WARM.WTH.50_P5_H",0.0285,"WARM.WTH.33_P5_H","W.H.323","DONE",1,107,108,"DONE","8566","","warm",NA,NA,"",0.207503512,"W.H.323","50"
"hot","12/9/2025","F","WARM.WTH.22_P7_H",0.0322,"WARM.WTH.26_P5_H","W.H.325","DONE",0,41,41,"DONE","3362","","warm",NA,NA,"",0.191196294,"W.H.325","22"
"hot","12/9/2025","F","HOT.WTH.138_P1_H",0.03,"HOT.WTH.41_P8_H","H.H.326","DONE",2,28,30,"DONE","1258","","hot",NA,NA,"",0.210137176,"H.H.326","138"
"hot","12/9/2025","F","MEAN.WTH.23_P2_H",0.0221,"MEAN.WTH.103_P2","M.H.327","DONE",4,149,153,"DONE","6984","","mean",NA,NA,"",0.2126,"M.H.327","23"
"hot","12/9/2025","F","CTRL.WTH.43_P1_H",0.0385,"CTRL.WTH.160_P4_H","A.H.328","DONE",4,273,277,"DONE","6408","","ambient",NA,NA,"",0.213777901,"A.H.328","43"
"hot","12/9/2025","F","WARM.WTH.39_P1_H",0.0319,"WARM.WTH.43_P9_H","W.H.330","DONE",3,338,341,"DONE","8215","","warm",NA,NA,"",0.195325009,"W.H.330","39"
"hot","12/9/2025","F","CTRL.WTH.53_P3_H",0.0328,"CTRL.WTH.179_P4_H","A.H.331","DONE",1,196,197,"DONE","2324","","ambient",NA,NA,"",0.202766582,"A.H.331","53"
"mean","12/11/2025","F","CTRL.WTH.151_P4_M",0.0321,"CTRL.WTH.153_P5_M","A.M.335","DONE",2,92,94,"DONE","5105","","ambient",NA,NA,"",0.213037964,"A.M.335","151"
"mean","12/11/2025","F","HOT.GLF.16_P8_M",0.0239,"F7.COOL.HOT_P7_M","H.M.337","DONE",44,95,139,"DONE","5265","","hot",NA,NA,"",0.207587632,"H.M.337","16"
"mean","12/11/2025","F","HOT.WTH.106_P3_M",0.0352,"HOT.GLF.16_P2_M","H.M.339","DONE",0,195,195,"DONE","8515","","hot",NA,NA,"",0.206729147,"H.M.339","106"
"warm","12/11/2025","F","HOT.WTH.152_P1_W",0.0256,"HOT.WTH.89_P3_W","H.W.341","68",9,28,37,"DONE","3449","","hot",NA,NA,"",0.256931345,"H.W.341","152"
"cool","12/11/2025","F","HOT.WTH.164_P4_C",0.0245,"HOT.WTH.161_P1_C","H.C.346","DONE",88,0,88,"DONE","2232","","hot",NA,NA,"",0.191495891,"H.C.346","164"
"hot","12/11/2025","F","MEAN.MUN.1_P2_H",0.0153,"CTRL.BLG.15_P2_H","M.H.350","DONE",0,91,91,"DONE","5356","","mean",NA,NA,"",0.201930758,"M.H.350","1"
"hot","12/11/2025","F","HOT.WTH.168_P1_H",0.033,"HOT.WTH.22_P8_H","H.H.351","DONE",1,249,250,"DONE","3588","","hot",NA,NA,"",0.191843569,"H.H.351","168"
"hot","12/11/2025","F","WARM.WTH.158_P4_H",0.0219,"WARM.WTH.42_P1_H","W.H.352","DONE",0,92,92,"DONE","7469","","warm",NA,NA,"",0.189221672,"W.H.352","158"
"hot","12/11/2025","F","WARM.WTH.130_P4_H",0.0291,"WARM.WTH.117_P1_H","W.H.353","DONE",134,0,134,"DONE","6193","","warm",NA,NA,"",0.206661172,"W.H.353","130"
"hot","12/11/2025","F","WARM.WTH.164_P7_H",0.0153,"WARM.WTH.159_P4_H","W.H.354","DONE",2,31,33,"DONE","61931","","warm",NA,NA,"",0.209573028,"W.H.354","164"
"warm","12/12/2025","F","WARM.WTH.121_P5_W",0.0269,"WARM.WTH.159_P2_W","W.W.356","DONE",0,161,161,"DONE","2608","","warm",NA,NA,"",0.210931494,"W.W.356","121"
"warm","12/13/2025","F","WARM.WTH.22_P9_W",0.0257,"WARM.WTH.114_P8_W","W.W.358","DONE",2,174,176,"DONE","7006","","warm",NA,NA,"",0.195182793,"W.W.358","22"
"warm","12/13/2025","F","COOL.WTH.111_P1_W",0.0128,"COOL.WTH.104_P1_W","C.W.359","66",0,75,75,"DONE","6381","","cool",NA,NA,"",0.207696278,"C.W.359","111"
"warm","12/13/2025","F","WARM.WTH.150_P4_W",0.0139,"WARM.WTH.142_142_W","W.W.360","DONE",0,28,28,"DONE","2759","","warm",NA,NA,"",0.214510297,"W.W.360","150"
"warm","12/13/2025","F","WARM.WTH.74_P4_W",0.02,"WARM.WTH.138_P5_W","W.W.361","DONE",0,86,86,"DONE","9756","","warm",NA,NA,"",0.227183113,"W.W.361","74"
"warm","12/13/2025","F","WARM.WTH.23_P5_W",0.0305,"WARM.BLG.15_P7_W","W.W.363","66",2,145,147,"DONE","6338","","warm",NA,NA,"",0.23076659,"W.W.363","23"
"warm","12/13/2025","F","HOT.WTH.162_P6_W",0.0293,"HOT.WTH.106_P2_W","H.W.366","DONE",0,248,248,"DONE","7839","","hot",NA,NA,"",0.215589889,"H.W.366","162"
"warm","12/13/2025","F","WARM.WTH.64_P3_W",0.0211,"WARM.WTH.103_P8_W","W.W.368","DONE",20,0,20,"DONE","4423","","warm",NA,NA,"",0.203560622,"W.W.368","64"
"cool","12/13/2025","F","WARM.BLG.15_P1_C",0.0162,"WARM.WTH.70_P5_C","W.C.374","DONE",49,0,49,"DONE","6085","","warm",NA,NA,"",0.239267759,"W.C.374","15"
"cool","12/13/2025","F","CTRL.WTH.130_P5_C",0.0299,"CTRL.WTH.98_P3_C","A.C.375","DONE",211,0,211,"DONE","5547","","ambient",NA,NA,"",0.215354409,"A.C.375","130"
"hot","12/13/2025","F","HOT.WTH.162_P5_H",0.0295,"HOT.WTH.153_P3_H","H.H.378","DONE",1,139,140,"DONE","2947","","hot",NA,NA,"",0.223870036,"H.H.378","162"
"hot","12/13/2025","F","WARM.WTH.104_P3_H",0.0222,"WARM.WTH.98_P3_H","W.H.380","DONE",3,135,138,"DONE","6698","","warm",NA,NA,"",0.195506062,"W.H.380","104"
"hot","12/13/2025","F","HOT.GLF.16_P7_H",0.0207,"HOT.GLF.5.P6_H","H.H.381","DONE",0,180,180,"DONE","2959","","hot",NA,NA,"",0.21489753,"H.H.381","16"
"hot","12/13/2025","F","CTRL.GLF.16_P10_H",0.0205,"CTRL.GLF.5_P3_H","A.H.382","DONE",45,18,63,"DONE","1645","","ambient",NA,NA,"",0.21110772,"A.H.382","16"
"hot","12/13/2025","F","CTRL.WTH.64_P4_H",0.0291,"CTRL.WTH.114_P5_H","A.H.383","DONE",0,127,127,"DONE","2059","","ambient",NA,NA,"",0.195742255,"A.H.383","64"
"hot","12/13/2025","F","WARM.WTH.130_P1_H",0.0304,"WARM.WTH.123_P4_H","W.H.384","DONE",32,0,32,"DONE","4126","","warm",NA,NA,"",0.218994731,"W.H.384","130"
"hot","12/13/2025","F","HOT.WTH.60_P10_H",0.0279,"HOT.WTH.159_P3_H","H.H.387","DONE",2,232,234,"DONE","5083","","hot",NA,NA,"",0.199791208,"H.H.387","60"
"hot","12/13/2025","F","WARM.WTH.78_P7_H",0.0268,"WARM.WTH.139_P1_H","W.H.388","DONE",3,73,76,"DONE","4081","","warm",NA,NA,"",0.202095948,"W.H.388","78"
"hot","12/13/2025","F","WARM.WTH.103_P5_H",0.0256,"WARM.WTH.167_P4_H","W.H.389","DONE",2,69,71,"DONE","4493","","warm",NA,NA,"",0.192276119,"W.H.389","103"
"hot","12/13/2025","F","WARM.WTH.153_P3_H",0.0198,"WARM.WTH.153_P5_H","W.H.390","DONE",162,1,163,"DONE","6731","","warm",NA,NA,"",0.200171791,"W.H.390","153"
"hot","12/13/2025","F","WARM.WTH.102_P6_H",0.0176,"WARM.WTH.41_P5_H","W.H.391","DONE",8,63,71,"DONE","2203","","warm",NA,NA,"",0.191085615,"W.H.391","102"
"mean","12/13/2025","F","WARM.WTH.114_P6_M",0.0197,"WARM.WTH.103_P6_M","W.M.392","DONE",3,166,169,"DONE","5373","","warm",NA,NA,"",0.193890293,"W.M.392","114"
"mean","12/15/2025","F","MEAN.WTH.151_P1_M",0.0146,"MEAN.WTH.102_P1_M","M.M.394","DONE",5,77,82,"DONE","9432","","mean",NA,NA,"",0.214769679,"M.M.394","151"
"mean","12/15/2025","F","CTRL.WTH.49_P7_M",0.0282,"CTRL.WTH.176_P1_M","A.M.395","DONE",29,218,247,"DONE","5119","","ambient",NA,NA,"",0.209769105,"A.M.395","49"
"mean","12/15/2025","F","HOT.WTH.160_P2_M",0.0257,"HOT.WTH.49_P5_M","H.M.396","DONE",0,119,119,"DONE","7822","","hot",NA,NA,"",0.210671247,"H.M.396","160"
"mean","12/15/2025","F","COOL.WTH.110_P1_M",0.0106,"COOL.WTH.17_P1_M","C.M.397","DONE",31,0,31,"DONE","8726","","cool",NA,NA,"",0.221544912,"C.M.397","110"
"hot","12/15/2025","F","HOT.WTH.154_P7_H",0.032,"HOT.WTH.145_P3_H","H.H.398","DONE",0,11,11,"DONE","9123","","hot",NA,NA,"this image has 9 eggs",0.191499896,"H.H.398","154"
"hot","12/15/2025","F","HOT.WTH.152_P4_H",0.0283,"HOT.WTH.150_P1_H","H.H.399","DONE",4,159,163,"DONE","3084","","hot",NA,NA,"",0.22407847,"H.H.399","152"
"hot","12/15/2025","F","CTRL.WTH.145_P4_H",0.0304,"CTRL.WTH.160_P1_H","A.H.403","64",115,0,115,"DONE","6422","","ambient",NA,NA,"",0.198700213,"A.H.403","145"
"hot","12/15/2025","F","MEAN.WTH.168_P1_H",0.0138,"MEAN.WTH.70_P4_H","M.H.404","64",0,78,78,"DONE","2742","","mean",NA,NA,"",0.202349777,"M.H.404","168"
"ambient","12/15/2025","F","HOT.WTH.39_P5_A ",0.0322,"HOT.WTH.13_P3_A","H.A.407","DONE",17,214,231,"DONE","4983","","hot",NA,NA,"",0.216159107,"H.A.407","39"
"warm","12/15/2025","F","CTRL.WTH.64_P2_W",0.0247,"CTRL.GLF.16_P2_W","A.W.408","64",46,0,46,"DONE","8879","","ambient",NA,NA,"",0.20776799,"A.W.408","64"
"warm","12/15/2025","F","WARM.WTH.84_P3_W",0.0185,"WARM.MUN.1_P3_W","W.W.410","64",0,19,19,"DONE","6790","","warm",NA,NA,"",0.207774393,"W.W.410","84"
"warm","12/15/2025","F","HOT.MUN.1_P2_W",0.0413,"HOT.BLG.15_P6_W","H.W.413","64",5,38,43,"DONE","9569","","hot",NA,NA,"",0.217887678,"H.W.413","1"
"warm","12/15/2025","F","HOT.WTH.48_P3_W",0.0236,"HOT.WTH.155_P3_W","H.W.414","64",31,123,154,"DONE","1548","","hot",NA,NA,"",0.208924031,"H.W.414","48"
"cool","12/17/2025","F","HOT.WTH.152_P6_C",0.0292,"HOT.WTH.160_P5_C","H.C.419","62",71,0,71,"DONE","6734","1A,1B,2A","hot",0.260648521,0.252566051,"",0.26616489,"H.C.419","152"
"cool","12/17/2025","F","HOT.WTH.42_P1_C",0.0371,"HOT.WTH.145_P4_C","H.C.420","62",90,160,250,"DONE","3095","","hot",NA,NA,"",0.209398778,"H.C.420","42"
"cool","12/17/2025","F","CTRL.WTH.74_P1_C",0.0314,"CTRL.WTH.162_P5_C","A.C.421","62",18,0,18,"DONE","5488","","ambient",NA,NA,"",0.201459367,"A.C.421","74"
"cool","12/17/2025","F","WARM.WTH.114_P7_C",0.0177,"WARM.WTH.139_P3_C","W.C.425","62",107,0,107,"DONE","9994","1A,1B,2A","warm",0.213199148,0.212865779,"",0.218588612,"W.C.425","114"
"cool","12/17/2025","F","MEAN.WTH.29_P2_C",0.0137,"MEAN.WTH.106_P1_C","M.C.428","DONE",27,0,27,"DONE","6308","","mean",NA,NA,"",0.214363061,"M.C.428","29"
"cool","12/17/2025","F","HOT.WTH.74_P3_C",0.0284,"HOT.WTH.162_P4_C","H.C.430","62",142,0,142,"DONE","9137","","hot",NA,NA,"",0.207551796,"H.C.430","74"
"cool","12/17/2025","F","MEAN.WTH.25_P2_C",0.0117,"MEAN.WTH.167_P1_C","M.C.432","DONE",27,0,27,"DONE","9502","","mean",NA,NA,"",0.211312647,"M.C.432","25"
"mean","12/17/2025","F","CTRL.GLF.16_P4_M",0.0211,"CTRL.WTH.121_P3_M","A.M.439","62",44,0,44,"DONE","2441","","ambient",NA,NA,"",0.203651728,"A.M.439","16"
"mean","12/17/2025","F","CTRL.WTH.155_P3_M",0.0297,"CTRL.WTH.13_P1_M","A.M.441","62",57,0,57,"DONE","6501","","ambient",NA,NA,"",0.200731009,"A.M.441","155"
"hot","12/19/2025","F","CTRL.WTH.153_P3_H",0.0273,"CTRL.WTH.157_P5_H","A.H.444","60",18,250,268,"DONE","3085","","ambient",NA,NA,"",0.186477152,"A.H.444","153"
"hot","12/19/2025","F","COOL.WTH.98_P3_H",0.0098,"COOL.WTH.157_P2_H","C.H.446","60",6,0,6,"DONE","1318","","cool",NA,NA,"only 7 eggs in this photo",0.231483989,"C.H.446","98"
"mean","12/19/2025","F","COOL.WTH.16_P1_M",0.0103,"COOL.MUN.1_P2_M","C.M.450","DONE",9,0,9,"DONE","3893","","cool",NA,NA,"only 7 eggs in this photo",0.195800686,"C.M.450","16"
"mean","12/19/2025","F","WARM.ART.3_P1_M",0.0127,"WARM.GLF.16_P1_M","W.M.451","DONE",6,0,6,"DONE","8569","","warm",NA,NA,"0nly 6 eggs in this photo",0.236897398,"W.M.451","3"
"cool","12/19/2025","F","WARM.WTH.103_P1_C",0.0302,"WARM.WTH.49_P7_C","W.C.452","DONE",36,216,252,"DONE","2665","","warm",NA,NA,"no photograph!!",0.21052415,"W.C.452","103"
"cool","12/19/2025","F","HOT.WTH.130_P2_C",0.0355,"HOT.BLG.15_P4_C","H.C.455","DONE",6,0,6,"DONE","9311","","hot",NA,NA,"only 5 eggs in this photo",0.216015935,"H.C.455","130"
"cool","12/21/2025","F","WARM.WTH.159_P1_C",0.0201,"WARM.EDI.12_P1_C","W.C.459","DONE",9,0,9,"DONE","3759","","warm",NA,NA,"only 9 eggs in this photo",0.193238054,"W.C.459","159"
"cool","12/21/2025","F","WARM.WTH.148_P1_C",0.029,"WARM.WTH.138_P4_C","W.C.460","DONE",71,66,137,"DONE","8498","","warm",NA,NA,"",0.196611396,"W.C.460","148"
"cool","12/21/2025","F","HOT.WTH.121_P3_C",0.0328,"HOT.WTH.134_P5_C","H.C.461","DONE",204,0,204,"DONE","2556","","hot",NA,NA,"",0.199807268,"H.C.461","121"
"hot","12/21/2025","F","COOL.ART.3_P1_H",0.0129,"COOL.WTH.106_P1_H","C.H.465","DONE",0,4,4,"DONE","7584","","cool",NA,NA,"only 4 eggs in this image",0.219686615,"C.H.465","3"
"hot","12/21/2025","F","COOL.WTH.161_P2_H",0.0136,"COOL.WTH.121_P2_H","C.H.466","58",1,2,3,"DONE","8366","","cool",NA,NA,"only 1 egg in this image",0.188,"C.H.466","161"
"hot","12/23/2025","F","WARM.GLF.5_P1_H",0.0254,"WARM.BLG.15_P2_H","W.H.468","56",102,109,211,"DONE","4570","","warm",NA,NA,"",0.214976015,"W.H.468","5"
"cool","12/23/2025","F","WARM.WTH.102_P7_C",0.0187,"WARM.WTH.123_P1_C","W.C.472","DONE",127,1,128,"DONE","1598","","warm",NA,NA,"",0.20461886,"W.C.472","102"
"cool","12/23/2025","F","WARM.WTH.160_P5_C",0.021,"WARM.WTH.167_P1_C","W.C.474","DONE",59,0,59,"DONE","9972","","warm",NA,NA,"",0.206484248,"W.C.474","160"
"cool","12/23/2025","F","COOL.WTH.123_P1_C",0.0147,"COOL.WTH.157_P1_C","C.C.476","DONE",14,0,14,"DONE","7820","","cool",NA,NA,"",0.202799934,"C.C.476","123"
"cool","12/23/2025","F","HOT.WTH.47_P3_C",0.0387,"HOT.WTH.154_P6_C","H.C.477","DONE",75,0,75,"DONE","1133","","hot",NA,NA,"",0.220461283,"H.C.477","47"
"cool","12/23/2025","F","HOT.WTH.64_P5_PC",0.0307,"HOT.ART.3_P1_C","H.C.478","DONE",169,0,169,"DONE","5519","","hot",NA,NA,"",0.212669284,"H.C.478","64"
"cool","12/25/2025","F","WARM.WTH.160_P3_C",0.0197,"WARM.WTH.114_P4_C","W.C.490","DONE",27,0,27,"DONE","6919","","warm",NA,NA,"no image",0.205150388,"W.C.490","160"
"warm","1/9/2026","F","WARM.URD.1_P4_W",0.0141,"HOT.URD.1_P5_W","W.W.504","39",55,0,55,"DONE","6595","","warm",NA,NA,"",0.201264099,"W.W.504","1"
"wild",NA,"F","WTH.1",NA,NA,NA,NA,0,87,87,NA,"WTH.1",NA,"wild",NA,NA,NA,0.199804187,"WTH.1","WTH.1"
"wild",NA,"F","WTH.2",NA,NA,NA,NA,1,110,111,NA,"WTH.2",NA,"wild",NA,NA,NA,0.203247619,"WTH.2","WTH.2"
"wild",NA,"F","WTH.3",NA,NA,NA,NA,0,36,36,NA,"WTH.3",NA,"wild",NA,NA,NA,0.229459758,"WTH.3","WTH.3"
"wild",NA,"F","WTH.5",NA,NA,NA,NA,1,253,254,NA,"WTH.5",NA,"wild",NA,NA,NA,0.201881894,"WTH.5","WTH.5"
"wild",NA,"F","WTH.6",NA,NA,NA,NA,0,164,164,NA,"WTH.6",NA,"wild",NA,NA,NA,0.212846927,"WTH.6","WTH.6"
"wild",NA,"F","WTH.8",NA,NA,NA,NA,14,267,281,NA,"WTH.8",NA,"wild",NA,NA,NA,0.213717213,"WTH.8","WTH.8"
"wild",NA,"F","WTH.9",NA,NA,NA,NA,11,48,59,NA,"WTH.9",NA,"wild",NA,NA,NA,0.202450431,"WTH.9","WTH.9"
"wild",NA,"F","WTH.10",NA,NA,NA,NA,0,386,386,NA,"WTH.10",NA,"wild",NA,NA,NA,0.175243068,"WTH.10","WTH.10"
"wild",NA,"F","WTH.11",NA,NA,NA,NA,0,52,52,NA,"WTH.11",NA,"wild",NA,NA,NA,0.21252984,"WTH.11","WTH.11"
"wild",NA,"F","WTH.12",NA,NA,NA,NA,0,318,318,NA,"WTH.12",NA,"wild",NA,NA,NA,0.201404464,"WTH.12","WTH.12"
"wild",NA,"F","WTH.13",NA,NA,NA,NA,0,37,37,NA,"WTH.13",NA,"wild",NA,NA,NA,0.220254991,"WTH.13","WTH.13"
"wild",NA,"F","WTH.14",NA,NA,NA,NA,0,8,8,NA,"WTH.14",NA,"wild",NA,NA,NA,0.202431643,"WTH.14","WTH.14"
"wild",NA,"F","WTH.15",NA,NA,NA,NA,0,21,21,NA,"WTH.15",NA,"wild",NA,NA,NA,0.201787074,"WTH.15","WTH.15"
"wild",NA,"F","WTH.17",NA,NA,NA,NA,0,16,16,NA,"WTH.17",NA,"wild",NA,NA,NA,0.210666971,"WTH.17","WTH.17"
"wild",NA,"F","WTH.18",NA,NA,NA,NA,0,12,12,NA,"WTH.18",NA,"wild",NA,NA,NA,0.204655659,"WTH.18","WTH.18"
"wild",NA,"F","WTH.19",NA,NA,NA,NA,2,143,145,NA,"WTH.19",NA,"wild",NA,NA,NA,0.209661378,"WTH.19","WTH.19"
"wild",NA,"F","WTH.20",NA,NA,NA,NA,0,66,66,NA,"WTH.20",NA,"wild",NA,NA,NA,0.215286197,"WTH.20","WTH.20"
"wild",NA,"F","WTH.22",NA,NA,NA,NA,0,64,64,NA,"WTH.22",NA,"wild",NA,NA,NA,0.193488635,"WTH.22","WTH.22"
"wild",NA,"F","WTH.23",NA,NA,NA,NA,1,46,47,NA,"WTH.23",NA,"wild",NA,NA,NA,0.211878019,"WTH.23","WTH.23"
"wild",NA,"F","WTH.24",NA,NA,NA,NA,0,7,7,NA,"WTH.24",NA,"wild",NA,NA,NA,0.193649184,"WTH.24","WTH.24"
"wild",NA,"F","WTH.25",NA,NA,NA,NA,1,52,53,NA,"WTH.25",NA,"wild",NA,NA,NA,0.172681431,"WTH.25","WTH.25"
"wild",NA,"F","WTH.27",NA,NA,NA,NA,0,100,100,NA,"WTH.27",NA,"wild",NA,NA,NA,0.204867615,"WTH.27","WTH.27"
"wild",NA,"F","WTH.28",NA,NA,NA,NA,0,159,159,NA,"WTH.28",NA,"wild",NA,NA,NA,0.214573509,"WTH.28","WTH.28"
"wild",NA,"F","WTH.29",NA,NA,NA,NA,0,27,27,NA,"WTH.29",NA,"wild",NA,NA,NA,0.209258368,"WTH.29","WTH.29"
"wild",NA,"F","WTH.30",NA,NA,NA,NA,1,119,120,NA,"WTH.30",NA,"wild",NA,NA,NA,0.193296703,"WTH.30","WTH.30"
"wild",NA,"F","WTH.31",NA,NA,NA,NA,1,40,41,NA,"WTH.31",NA,"wild",NA,NA,NA,0.20856114,"WTH.31","WTH.31"
"wild",NA,"F","WTH.32",NA,NA,NA,NA,2,307,309,NA,"WTH.32",NA,"wild",NA,NA,NA,0.223342597,"WTH.32","WTH.32"
"wild",NA,"F","WTH.33",NA,NA,NA,NA,0,80,80,NA,"WTH.33",NA,"wild",NA,NA,NA,0.209916381,"WTH.33","WTH.33"
"wild",NA,"F","WTH.34",NA,NA,NA,NA,0,70,70,NA,"WTH.34",NA,"wild",NA,NA,NA,0.206095049,"WTH.34","WTH.34"
"wild",NA,"F","WTH.35",NA,NA,NA,NA,5,184,189,NA,"WTH.35",NA,"wild",NA,NA,NA,0.199326159,"WTH.35","WTH.35"
"wild",NA,"F","WTH.36",NA,NA,NA,NA,0,97,97,NA,"WTH.36",NA,"wild",NA,NA,NA,0.207248126,"WTH.36","WTH.36"
"wild",NA,"F","WTH.37",NA,NA,NA,NA,8,27,35,NA,"WTH.37",NA,"wild",NA,NA,NA,0.207956719,"WTH.37","WTH.37"
"wild",NA,"F","WTH.38",NA,NA,NA,NA,8,82,90,NA,"WTH.38",NA,"wild",NA,NA,NA,0.191340269,"WTH.38","WTH.38"
"wild",NA,"F","WTH.39",NA,NA,NA,NA,0,168,168,NA,"WTH.39",NA,"wild",NA,NA,NA,0.213519748,"WTH.39","WTH.39"
"wild",NA,"F","WTH.40",NA,NA,NA,NA,9,69,78,NA,"WTH.40",NA,"wild",NA,NA,NA,0.207633107,"WTH.40","WTH.40"
"wild",NA,"F","WTH.41",NA,NA,NA,NA,0,104,104,NA,"WTH.41",NA,"wild",NA,NA,NA,0.218350538,"WTH.41","WTH.41"
"wild",NA,"F","WTH.42",NA,NA,NA,NA,0,25,25,NA,"WTH.42",NA,"wild",NA,NA,NA,0.207488912,"WTH.42","WTH.42"
"wild",NA,"F","WTH.44",NA,NA,NA,NA,0,120,120,NA,"WTH.44",NA,"wild",NA,NA,NA,0.224060241,"WTH.44","WTH.44"
"wild",NA,"F","WTH.45",NA,NA,NA,NA,0,9,9,NA,"WTH.45",NA,"wild",NA,NA,NA,0.22554579,"WTH.45","WTH.45"
"wild",NA,"F","WTH.46",NA,NA,NA,NA,2,106,108,NA,"WTH.46",NA,"wild",NA,NA,NA,0.215779151,"WTH.46","WTH.46"
"wild",NA,"F","WTH.47",NA,NA,NA,NA,1,83,84,NA,"WTH.47",NA,"wild",NA,NA,NA,0.20806012,"WTH.47","WTH.47"
"wild",NA,"F","WTH.48",NA,NA,NA,NA,0,3,3,NA,"WTH.48",NA,"wild",NA,NA,NA,0.21926387,"WTH.48","WTH.48"
"wild",NA,"F","WTH.50",NA,NA,NA,NA,2,183,185,NA,"WTH.50",NA,"wild",NA,NA,NA,0.204148514,"WTH.50","WTH.50"
"wild",NA,"F","WTH.51",NA,NA,NA,NA,0,107,107,NA,"WTH.51",NA,"wild",NA,NA,NA,0.196987422,"WTH.51","WTH.51"
"wild",NA,"F","WTH.52",NA,NA,NA,NA,0,29,29,NA,"WTH.52",NA,"wild",NA,NA,NA,0.187856288,"WTH.52","WTH.52"
"wild",NA,"F","WTH.53",NA,NA,NA,NA,0,1,1,NA,"WTH.53",NA,"wild",NA,NA,NA,0.182307676,"WTH.53","WTH.53"
"wild",NA,"F","WTH.54",NA,NA,NA,NA,1,40,41,NA,"WTH.54",NA,"wild",NA,NA,NA,0.186450442,"WTH.54","WTH.54"
"wild",NA,"F","WTH.55",NA,NA,NA,NA,1,219,220,NA,"WTH.55",NA,"wild",NA,NA,NA,0.187427823,"WTH.55","WTH.55"
"wild",NA,"F","WTH.56",NA,NA,NA,NA,1,11,12,NA,"WTH.56",NA,"wild",NA,NA,NA,0.193614891,"WTH.56","WTH.56"
"wild",NA,"F","WTH.59",NA,NA,NA,NA,0,72,72,NA,"WTH.59",NA,"wild",NA,NA,NA,0.205711759,"WTH.59","WTH.59"
"wild",NA,"F","WTH.60",NA,NA,NA,NA,0,4,4,NA,"WTH.60",NA,"wild",NA,NA,NA,0.199438822,"WTH.60","WTH.60"
"wild",NA,"F","WTH.61",NA,NA,NA,NA,1,34,35,NA,"WTH.61",NA,"wild",NA,NA,NA,0.20872029,"WTH.61","WTH.61"
"wild",NA,"F","WTH.63",NA,NA,NA,NA,1,0,1,NA,"WTH.63",NA,"wild",NA,NA,NA,0.202891067,"WTH.63","WTH.63"
"wild",NA,"F","WTH.64",NA,NA,NA,NA,25,160,185,NA,"WTH.64",NA,"wild",NA,NA,NA,0.201912889,"WTH.64","WTH.64"
"wild",NA,"F","WTH.65",NA,NA,NA,NA,0,187,187,NA,"WTH.65",NA,"wild",NA,NA,NA,0.216194376,"WTH.65","WTH.65"
"wild",NA,"F","WTH.66",NA,NA,NA,NA,0,133,133,NA,"WTH.66",NA,"wild",NA,NA,NA,0.192877686,"WTH.66","WTH.66"
"wild",NA,"F","WTH.67",NA,NA,NA,NA,1,11,12,NA,"WTH.67",NA,"wild",NA,NA,NA,0.190087948,"WTH.67","WTH.67"
"wild",NA,"F","WTH.68",NA,NA,NA,NA,1,168,169,NA,"WTH.68",NA,"wild",NA,NA,NA,0.219204367,"WTH.68","WTH.68"
"wild",NA,"F","WTH.69",NA,NA,NA,NA,0,19,19,NA,"WTH.69",NA,"wild",NA,NA,NA,0.209646315,"WTH.69","WTH.69"
"wild",NA,"F","WTH.70",NA,NA,NA,NA,0,105,105,NA,"WTH.70",NA,"wild",NA,NA,NA,0.189391813,"WTH.70","WTH.70"
"wild",NA,"F","WTH.71",NA,NA,NA,NA,2,231,233,NA,"WTH.71",NA,"wild",NA,NA,NA,0.211476242,"WTH.71","WTH.71"
"wild",NA,"F","WTH.72",NA,NA,NA,NA,0,8,8,NA,"WTH.72",NA,"wild",NA,NA,NA,0.218098084,"WTH.72","WTH.72"
"wild",NA,"F","WTH.73",NA,NA,NA,NA,1,1,2,NA,"WTH.73",NA,"wild",NA,NA,NA,0.207999063,"WTH.73","WTH.73"
"wild",NA,"F","WTH.74",NA,NA,NA,NA,0,16,16,NA,"WTH.74",NA,"wild",NA,NA,NA,0.204568855,"WTH.74","WTH.74"
"wild",NA,"F","WTH.75",NA,NA,NA,NA,0,92,92,NA,"WTH.75",NA,"wild",NA,NA,NA,0.198628906,"WTH.75","WTH.75"
"wild",NA,"F","WTH.76",NA,NA,NA,NA,0,7,7,NA,"WTH.76",NA,"wild",NA,NA,NA,0.201398406,"WTH.76","WTH.76"
"wild",NA,"F","WTH.77",NA,NA,NA,NA,0,203,203,NA,"WTH.77",NA,"wild",NA,NA,NA,0.190182596,"WTH.77","WTH.77"
"wild",NA,"F","WTH.78",NA,NA,NA,NA,0,21,21,NA,"WTH.78",NA,"wild",NA,NA,NA,0.189454179,"WTH.78","WTH.78"
"wild",NA,"F","WTH.79",NA,NA,NA,NA,8,20,28,NA,"WTH.79",NA,"wild",NA,NA,NA,0.182790634,"WTH.79","WTH.79"
