clutch_code,egg_number,label,area,length,max width,volume,ellipse deviation,surface area,left R^2,right R^2,mean_volume,
1216,1,Egg_Measurement.txt,1.32E+04,6.49E-01,3.95E-01,5.22E-02,3.81E-04,7.04E-01,9.91E-01,9.87E-01,,
1216,2,Egg_Measurement.txt,1.15E+04,5.99E-01,3.76E-01,4.37E-02,3.14E-04,6.23E-01,9.94E-01,8.78E-01,,
1216,3,Egg_Measurement.txt,1.25E+04,5.95E-01,4.10E-01,5.37E-02,5.04E-05,7.05E-01,9.80E-01,9.90E-01,,
1216,4,Egg_Measurement.txt,1.34E+04,6.39E-01,4.08E-01,5.64E-02,1.59E-05,7.35E-01,9.73E-01,9.72E-01,,
1216,5,Egg_Measurement.txt,1.62E+04,6.68E-01,4.83E-01,8.17E-02,1.03E-05,9.27E-01,9.94E-01,9.93E-01,,
1216,6,Egg_Measurement.txt,1.27E+04,6.55E-01,3.84E-01,5.08E-02,2.38E-04,6.96E-01,9.89E-01,1.00E+00,,
1216,7,Egg_Measurement.txt,1.18E+04,6.24E-01,3.75E-01,4.46E-02,5.60E-04,6.36E-01,9.88E-01,9.64E-01,,
1216,8,Egg_Measurement.txt,1.24E+04,6.60E-01,3.76E-01,4.83E-02,2.27E-04,6.75E-01,9.74E-01,9.34E-01,,
1216,9,Egg_Measurement.txt,1.26E+04,6.39E-01,3.86E-01,4.98E-02,1.51E-04,6.83E-01,9.80E-01,9.45E-01,,
1216,10,Egg_Measurement.txt,1.26E+04,6.33E-01,4.00E-01,5.29E-02,1.49E-04,7.06E-01,9.46E-01,9.81E-01,5.34E-02,
1554,1,Egg_Measurement.txt,5.22E+04,6.82E-01,3.56E-01,4.40E-02,4.35E-04,6.46E-01,9.92E-01,9.09E-01,,
1554,2,Egg_Measurement.txt,5.11E+04,6.13E-01,3.91E-01,4.86E-02,3.30E-04,6.67E-01,9.68E-01,9.56E-01,,
1554,3,Egg_Measurement.txt,5.60E+04,6.51E-01,3.91E-01,5.25E-02,2.25E-06,7.07E-01,9.62E-01,8.95E-01,,
1554,4,Egg_Measurement.txt,5.31E+04,6.48E-01,3.77E-01,4.74E-02,3.26E-04,6.65E-01,8.99E-01,9.53E-01,,
1554,5,Egg_Measurement.txt,4.93E+04,6.26E-01,3.54E-01,4.10E-02,2.13E-04,6.07E-01,9.50E-01,9.94E-01,,
1554,6,Egg_Measurement.txt,5.13E+04,5.97E-01,3.86E-01,4.68E-02,1.26E-04,6.49E-01,9.40E-01,9.99E-01,,
1554,7,Egg_Measurement.txt,5.11E+04,6.21E-01,3.82E-01,4.75E-02,2.59E-06,6.59E-01,9.70E-01,9.72E-01,,
1554,8,Egg_Measurement.txt,5.39E+04,6.44E-01,3.90E-01,4.98E-02,6.94E-04,6.85E-01,9.68E-01,9.80E-01,,
1554,9,Egg_Measurement.txt,5.26E+04,6.75E-01,3.55E-01,4.37E-02,3.63E-04,6.41E-01,9.73E-01,9.48E-01,,
1554,10,Egg_Measurement.txt,5.18E+04,6.19E-01,3.96E-01,4.92E-02,9.41E-04,6.75E-01,9.61E-01,9.70E-01,4.71E-02,
2046,1,,4.08E+04,6.36E-01,4.34E-01,6.01E-02,3.98E-04,7.61E-01,9.88E-01,9.88E-01,,
2046,2,,4.17E+04,6.46E-01,4.22E-01,6.01E-02,1.35E-04,7.65E-01,9.89E-01,9.64E-01,,
2046,3,,4.18E+04,6.64E-01,4.16E-01,5.97E-02,1.01E-04,7.66E-01,9.99E-01,9.75E-01,,
2046,4,,4.24E+04,6.34E-01,4.48E-01,6.61E-02,2.08E-04,8.08E-01,9.78E-01,9.93E-01,,
2046,5,,4.72E+04,6.58E-01,4.60E-01,7.28E-02,1.41E-05,8.62E-01,9.95E-01,9.81E-01,,
2046,6,,4.29E+04,6.05E-01,4.53E-01,6.56E-02,2.02E-05,7.98E-01,9.97E-01,9.90E-01,,
2046,7,,4.59E+04,6.14E-01,4.82E-01,7.45E-02,2.34E-04,8.66E-01,9.88E-01,9.70E-01,,
2046,8,Egg_Measurement.txt,4.33E+04,6.50E-01,4.42E-01,6.49E-02,6.78E-04,8.03E-01,9.50E-01,9.86E-01,,
2046,9,Egg_Measurement.txt,4.10E+04,6.04E-01,4.42E-01,6.17E-02,2.22E-05,7.67E-01,9.95E-01,9.58E-01,,
2046,10,Egg_Measurement.txt,4.05E+04,6.37E-01,4.06E-01,5.63E-02,2.18E-05,7.35E-01,9.58E-01,9.86E-01,6.42E-02,
2598,1,Egg_Measurement.txt,1.31E+04,6.15E-01,4.03E-01,5.23E-02,6.75E-05,6.97E-01,9.86E-01,9.52E-01,,
2598,2,Egg_Measurement.txt,1.21E+04,6.26E-01,3.75E-01,4.63E-02,7.02E-05,6.50E-01,9.72E-01,9.87E-01,,
2598,3,Egg_Measurement.txt,1.22E+04,5.89E-01,4.00E-01,5.01E-02,6.14E-05,6.75E-01,9.92E-01,9.86E-01,,
2598,4,Egg_Measurement.txt,1.15E+04,6.09E-01,3.69E-01,4.32E-02,1.29E-04,6.21E-01,9.75E-01,9.85E-01,,
2598,5,Egg_Measurement.txt,1.24E+04,6.07E-01,3.97E-01,5.00E-02,1.01E-04,6.77E-01,9.95E-01,9.76E-01,,
2598,6,Egg_Measurement.txt,1.17E+04,6.05E-01,3.80E-01,4.47E-02,7.02E-04,6.34E-01,9.88E-01,9.90E-01,,
2598,7,Egg_Measurement.txt,1.32E+04,6.14E-01,4.20E-01,5.62E-02,3.40E-04,7.28E-01,9.94E-01,9.92E-01,,
2598,8,Egg_Measurement.txt,1.32E+04,6.34E-01,4.12E-01,5.56E-02,2.94E-04,7.28E-01,9.88E-01,9.66E-01,,
2598,9,Egg_Measurement.txt,1.27E+04,6.16E-01,4.05E-01,5.27E-02,1.93E-04,7.00E-01,9.86E-01,9.84E-01,,
2598,10,Egg_Measurement.txt,1.22E+04,5.99E-01,4.03E-01,5.01E-02,2.18E-05,6.74E-01,9.58E-01,9.99E-01,5.01E-02,
2613,1,Egg_Measurement.txt,4.31E+04,6.05E-01,4.53E-01,6.57E-02,2.10E-05,7.99E-01,9.78E-01,9.84E-01,,
2613,2,Egg_Measurement.txt,4.44E+04,6.17E-01,4.84E-01,6.90E-02,6.58E-04,8.22E-01,9.99E-01,9.97E-01,,
2613,3,Egg_Measurement.txt,4.82E+04,6.96E-01,4.55E-01,7.53E-02,2.43E-04,8.90E-01,9.90E-01,9.70E-01,,
2613,4,Egg_Measurement.txt,4.56E+04,6.48E-01,4.47E-01,6.81E-02,4.56E-05,8.25E-01,9.71E-01,9.95E-01,,
2613,5,Egg_Measurement.txt,4.53E+04,6.77E-01,4.26E-01,6.37E-02,5.31E-04,8.01E-01,9.91E-01,9.85E-01,,
2613,6,Egg_Measurement.txt,4.23E+04,6.48E-01,4.04E-01,5.58E-02,1.62E-04,7.33E-01,9.88E-01,9.63E-01,,
2613,7,Egg_Measurement.txt,4.02E+04,6.40E-01,4.05E-01,5.39E-02,6.13E-04,7.17E-01,9.64E-01,9.96E-01,,
2613,8,Egg_Measurement.txt,4.20E+04,6.43E-01,4.37E-01,6.29E-02,6.39E-04,7.87E-01,9.92E-01,9.40E-01,,
2613,9,Egg_Measurement.txt,4.36E+04,6.28E-01,4.39E-01,6.38E-02,2.03E-04,7.90E-01,9.93E-01,9.96E-01,,
2613,10,Egg_Measurement.txt,4.28E+04,6.39E-01,4.32E-01,6.15E-02,5.10E-04,7.76E-01,9.47E-01,9.89E-01,6.40E-02,"don’t use this one for repeatability, eggs measured in wrong order"
2841,1,Egg_Measurement.txt,3.49E+04,6.84E-01,4.17E-01,6.15E-02,3.54E-04,7.86E-01,9.97E-01,9.60E-01,,"don’t use this one for repeatability, eggs measured in wrong order"
2841,2,Egg_Measurement.txt,3.50E+04,6.45E-01,4.36E-01,6.51E-02,9.03E-06,8.03E-01,9.79E-01,9.87E-01,,"don’t use this one for repeatability, eggs measured in wrong order"
2841,3,Egg_Measurement.txt,3.49E+04,6.75E-01,4.12E-01,5.96E-02,1.63E-04,7.69E-01,9.40E-01,9.86E-01,,"don’t use this one for repeatability, eggs measured in wrong order"
2841,4,Egg_Measurement.txt,3.55E+04,6.90E-01,4.20E-01,6.30E-02,2.50E-04,7.98E-01,9.30E-01,9.79E-01,,"don’t use this one for repeatability, eggs measured in wrong order"
2841,5,Egg_Measurement.txt,3.28E+04,6.63E-01,3.95E-01,5.33E-02,3.04E-04,7.17E-01,9.18E-01,9.81E-01,,"don’t use this one for repeatability, eggs measured in wrong order"
2841,6,Egg_Measurement.txt,3.55E+04,6.54E-01,4.38E-01,6.57E-02,3.31E-04,8.10E-01,9.59E-01,9.98E-01,,"don’t use this one for repeatability, eggs measured in wrong order"
2841,7,Egg_Measurement.txt,3.01E+04,6.59E-01,3.70E-01,4.77E-02,1.79E-04,6.72E-01,9.15E-01,9.88E-01,,"don’t use this one for repeatability, eggs measured in wrong order"
2841,8,Egg_Measurement.txt,3.12E+04,6.57E-01,3.89E-01,5.13E-02,2.90E-04,7.00E-01,9.61E-01,9.32E-01,,"don’t use this one for repeatability, eggs measured in wrong order"
2841,9,Egg_Measurement.txt,3.43E+04,6.46E-01,4.17E-01,5.91E-02,3.81E-06,7.57E-01,9.93E-01,9.93E-01,,"don’t use this one for repeatability, eggs measured in wrong order"
2841,10,Egg_Measurement.txt,2.92E+04,6.30E-01,3.72E-01,4.64E-02,1.73E-04,6.54E-01,9.94E-01,9.13E-01,5.73E-02,
3462,1,Egg_Measurement.txt,1.70E+04,6.62E-01,3.34E-01,3.84E-02,1.74E-04,5.93E-01,9.43E-01,9.58E-01,,
3462,2,Egg_Measurement.txt,2.25E+04,6.69E-01,4.32E-01,6.27E-02,1.26E-04,7.87E-01,9.90E-01,9.74E-01,,
3462,3,Egg_Measurement.txt,2.22E+04,6.85E-01,4.21E-01,6.18E-02,3.24E-04,7.87E-01,9.78E-01,9.61E-01,,
3462,4,Egg_Measurement.txt,1.90E+04,6.56E-01,3.66E-01,4.59E-02,1.60E-04,6.55E-01,9.90E-01,9.58E-01,,
3462,5,Egg_Measurement.txt,2.13E+04,6.24E-01,4.34E-01,5.94E-02,5.87E-04,7.54E-01,9.96E-01,9.68E-01,,
3462,6,Egg_Measurement.txt,2.14E+04,6.57E-01,4.23E-01,5.89E-02,7.10E-04,7.58E-01,9.86E-01,9.99E-01,,
3462,7,Egg_Measurement.txt,2.23E+04,6.47E-01,4.21E-01,6.03E-02,7.74E-05,7.67E-01,9.84E-01,9.92E-01,,
3462,8,Egg_Measurement.txt,2.35E+04,6.71E-01,4.59E-01,6.83E-02,3.29E-04,8.28E-01,9.91E-01,9.92E-01,,
3462,9,Egg_Measurement.txt,2.37E+04,6.77E-01,4.56E-01,6.94E-02,1.78E-04,8.37E-01,9.84E-01,9.98E-01,,
3462,10,Egg_Measurement.txt,2.24E+04,6.64E-01,4.27E-01,6.13E-02,4.39E-04,7.77E-01,9.89E-01,9.48E-01,5.86E-02,
3510,1,Egg_Measurement.txt,3.08E+04,7.35E-01,3.90E-01,5.94E-02,4.93E-05,7.84E-01,9.58E-01,9.88E-01,,
3510,2,Egg_Measurement.txt,3.25E+04,6.58E-01,4.46E-01,6.90E-02,5.05E-05,8.34E-01,9.91E-01,9.95E-01,,
3510,3,Egg_Measurement.txt,2.94E+04,6.62E-01,4.06E-01,5.63E-02,3.82E-04,7.40E-01,9.96E-01,9.63E-01,,
3510,4,Egg_Measurement.txt,3.11E+04,6.73E-01,4.18E-01,6.22E-02,1.60E-04,7.89E-01,9.88E-01,9.87E-01,,
3510,5,Egg_Measurement.txt,3.05E+04,6.60E-01,4.13E-01,5.95E-02,2.61E-05,7.64E-01,9.97E-01,9.67E-01,,
3510,6,Egg_Measurement.txt,3.32E+04,6.53E-01,4.49E-01,6.83E-02,2.59E-04,8.28E-01,9.97E-01,9.93E-01,,
3510,7,Egg_Measurement.txt,2.94E+04,6.43E-01,4.01E-01,5.39E-02,9.95E-05,7.16E-01,9.70E-01,9.41E-01,,
3510,8,Egg_Measurement.txt,3.18E+04,6.63E-01,4.29E-01,6.29E-02,3.51E-04,7.91E-01,9.76E-01,9.89E-01,,
3510,9,Egg_Measurement.txt,3.06E+04,6.35E-01,4.25E-01,5.87E-02,5.34E-04,7.53E-01,9.66E-01,9.64E-01,,
3510,10,Egg_Measurement.txt,3.20E+04,6.80E-01,4.27E-01,6.28E-02,8.30E-04,7.95E-01,9.49E-01,9.53E-01,6.13E-02,
3566,1,Egg_Measurement.txt,4.06E+04,7.22E-01,4.59E-01,7.77E-02,6.26E-04,9.14E-01,9.66E-01,9.89E-01,,
3566,2,Egg_Measurement.txt,3.94E+04,6.96E-01,4.59E-01,7.46E-02,7.59E-04,8.86E-01,9.54E-01,9.86E-01,,
3566,3,Egg_Measurement.txt,4.06E+04,7.15E-01,4.48E-01,7.34E-02,6.23E-04,8.81E-01,9.54E-01,9.61E-01,,
3566,4,Egg_Measurement.txt,3.68E+04,7.09E-01,4.17E-01,6.36E-02,4.30E-04,8.08E-01,9.82E-01,9.75E-01,,
3566,5,Egg_Measurement.txt,3.97E+04,7.08E-01,4.49E-01,7.28E-02,6.08E-04,8.75E-01,9.62E-01,9.76E-01,,
3566,6,Egg_Measurement.txt,3.87E+04,7.16E-01,4.33E-01,6.90E-02,4.80E-04,8.50E-01,9.75E-01,9.98E-01,,
3566,7,Egg_Measurement.txt,3.39E+04,6.53E-01,4.12E-01,5.73E-02,3.75E-04,7.46E-01,9.75E-01,9.51E-01,,
3566,8,Egg_Measurement.txt,3.68E+04,7.03E-01,4.24E-01,6.52E-02,3.21E-04,8.18E-01,9.59E-01,9.83E-01,,
3566,9,Egg_Measurement.txt,3.91E+04,7.18E-01,4.39E-01,7.16E-02,4.22E-04,8.69E-01,9.94E-01,9.44E-01,,
3566,10,Egg_Measurement.txt,4.01E+04,7.11E-01,4.57E-01,7.55E-02,7.51E-04,8.96E-01,9.66E-01,9.75E-01,7.01E-02,
3756,1,Egg_Measurement.txt,4.01E+04,6.11E-01,4.25E-01,5.73E-02,3.16E-04,7.36E-01,9.68E-01,9.86E-01,,
3756,2,Egg_Measurement.txt,3.82E+04,6.07E-01,4.06E-01,5.19E-02,2.14E-04,6.92E-01,9.93E-01,9.81E-01,,
3756,3,Egg_Measurement.txt,4.75E+04,6.24E-01,5.01E-01,8.07E-02,3.63E-04,9.12E-01,9.96E-01,9.96E-01,,
3756,4,Egg_Measurement.txt,3.66E+04,5.87E-01,4.12E-01,5.21E-02,3.05E-05,6.89E-01,9.70E-01,9.41E-01,,
3756,5,Egg_Measurement.txt,4.71E+04,6.42E-01,4.85E-01,7.84E-02,2.49E-04,8.98E-01,9.93E-01,9.93E-01,,
3756,6,Egg_Measurement.txt,3.81E+04,6.30E-01,4.05E-01,5.28E-02,1.06E-04,7.03E-01,9.87E-01,9.99E-01,,
3756,7,Egg_Measurement.txt,3.94E+04,6.33E-01,4.13E-01,5.57E-02,3.60E-04,7.28E-01,9.65E-01,9.96E-01,,
3756,8,Egg_Measurement.txt,3.88E+04,5.69E-01,4.51E-01,5.98E-02,4.77E-04,7.48E-01,9.85E-01,9.81E-01,6.11E-02,
3887,1,Egg_Measurement.txt,3.61E+04,5.99E-01,4.02E-01,4.93E-02,3.06E-04,6.68E-01,9.95E-01,9.98E-01,,
3887,2,Egg_Measurement.txt,3.87E+04,6.09E-01,4.20E-01,5.59E-02,2.79E-04,7.24E-01,9.85E-01,9.93E-01,,
3887,3,Egg_Measurement.txt,3.29E+04,5.84E-01,3.75E-01,4.28E-02,2.52E-04,6.12E-01,9.66E-01,9.90E-01,,
3887,4,Egg_Measurement.txt,3.46E+04,6.00E-01,3.89E-01,4.69E-02,3.65E-04,6.50E-01,9.96E-01,9.76E-01,,
3887,5,Egg_Measurement.txt,3.63E+04,6.04E-01,3.89E-01,4.81E-02,1.76E-04,6.61E-01,9.96E-01,9.93E-01,,
3887,6,Egg_Measurement.txt,3.61E+04,6.08E-01,3.91E-01,4.79E-02,1.17E-04,6.59E-01,9.96E-01,9.82E-01,,
3887,7,Egg_Measurement.txt,4.04E+04,6.34E-01,4.17E-01,5.70E-02,3.65E-04,7.39E-01,9.88E-01,9.92E-01,,
3887,8,Egg_Measurement.txt,3.65E+04,5.75E-01,4.09E-01,4.98E-02,2.97E-04,6.68E-01,9.85E-01,9.90E-01,,
3887,9,Egg_Measurement.txt,3.67E+04,5.92E-01,4.04E-01,5.09E-02,7.61E-05,6.81E-01,9.89E-01,9.96E-01,,
3887,10,Egg_Measurement.txt,3.72E+04,6.00E-01,4.16E-01,5.37E-02,3.26E-04,7.05E-01,9.87E-01,9.79E-01,5.02E-02,
4003,1,Egg_Measurement.txt,4.86E+04,6.20E-01,4.18E-01,5.68E-02,1.36E-04,7.34E-01,9.94E-01,9.70E-01,,
4003,2,Egg_Measurement.txt,5.51E+04,6.67E-01,4.47E-01,6.95E-02,1.83E-04,8.40E-01,9.81E-01,9.94E-01,,
4003,3,Egg_Measurement.txt,3.56E+04,6.41E-01,4.29E-01,6.27E-02,1.13E-04,7.85E-01,9.98E-01,9.94E-01,,
4003,4,Egg_Measurement.txt,4.36E+04,6.01E-01,3.96E-01,4.90E-02,9.43E-05,6.67E-01,9.78E-01,9.68E-01,,
4003,5,Egg_Measurement.txt,4.43E+04,6.14E-01,3.84E-01,4.64E-02,4.92E-04,6.50E-01,8.97E-01,9.91E-01,,
4003,6,Egg_Measurement.txt,5.61E+04,6.59E-01,4.65E-01,7.59E-02,3.45E-05,8.85E-01,9.91E-01,9.97E-01,,
4003,7,Egg_Measurement.txt,5.37E+04,6.65E-01,4.51E-01,7.03E-02,1.24E-04,8.45E-01,9.73E-01,9.72E-01,,
4003,8,Egg_Measurement.txt,4.23E+04,6.05E-01,3.88E-01,4.70E-02,4.08E-04,6.52E-01,9.84E-01,9.67E-01,,
4003,9,Egg_Measurement.txt,4.94E+04,6.30E-01,4.25E-01,5.76E-02,3.94E-04,7.41E-01,9.90E-01,9.92E-01,,
4003,10,Egg_Measurement.txt,4.34E+04,6.15E-01,3.85E-01,4.78E-02,6.48E-05,6.60E-01,9.86E-01,7.89E-01,5.83E-02,
4206,1,Egg_Measurement.txt,5.50E+04,6.79E-01,4.32E-01,6.67E-02,1.92E-05,8.23E-01,9.85E-01,9.80E-01,,
4206,2,Egg_Measurement.txt,4.99E+04,6.84E-01,3.96E-01,5.52E-02,3.47E-04,7.38E-01,9.25E-01,9.51E-01,,
4206,3,Egg_Measurement.txt,4.69E+04,6.45E-01,3.91E-01,5.18E-02,1.99E-04,7.01E-01,8.47E-01,9.96E-01,,
4206,4,Egg_Measurement.txt,3.78E+04,5.51E-01,3.66E-01,3.93E-02,1.61E-05,5.75E-01,9.55E-01,9.64E-01,,
4206,5,Egg_Measurement.txt,4.94E+04,6.61E-01,4.06E-01,5.64E-02,2.87E-04,7.40E-01,9.74E-01,9.61E-01,,
4206,6,Egg_Measurement.txt,4.92E+04,6.66E-01,3.90E-01,5.27E-02,2.13E-04,7.13E-01,9.82E-01,9.86E-01,,
4206,7,Egg_Measurement.txt,5.96E+04,7.06E-01,4.61E-01,7.86E-02,4.68E-05,9.15E-01,9.87E-01,9.95E-01,,
4206,8,Egg_Measurement.txt,5.48E+04,7.04E-01,4.20E-01,6.41E-02,2.81E-04,8.10E-01,9.67E-01,9.42E-01,,
4206,9,Egg_Measurement.txt,5.92E+04,6.85E-01,4.55E-01,7.52E-02,4.35E-05,8.86E-01,9.93E-01,9.94E-01,,
4206,10,Egg_Measurement.txt,4.89E+04,6.58E-01,4.05E-01,5.54E-02,4.95E-04,7.32E-01,9.75E-01,9.34E-01,5.95E-02,
4370,1,Egg_Measurement.txt,4.09E+04,6.35E-01,4.24E-01,6.04E-02,5.92E-05,7.65E-01,9.86E-01,9.97E-01,,
4370,2,Egg_Measurement.txt,3.72E+04,6.25E-01,3.83E-01,4.73E-02,3.13E-04,6.58E-01,9.89E-01,9.71E-01,,
4370,3,Egg_Measurement.txt,4.12E+04,6.48E-01,4.26E-01,6.02E-02,5.66E-04,7.67E-01,9.92E-01,9.82E-01,,
4370,4,Egg_Measurement.txt,4.16E+04,6.34E-01,4.25E-01,5.94E-02,3.57E-04,7.58E-01,9.61E-01,9.89E-01,,
4370,5,Egg_Measurement.txt,3.88E+04,6.37E-01,3.95E-01,5.19E-02,3.98E-04,7.00E-01,9.66E-01,9.72E-01,,
4370,6,Egg_Measurement.txt,4.05E+04,6.39E-01,4.33E-01,6.17E-02,4.40E-04,7.76E-01,9.62E-01,9.32E-01,,
4370,7,Egg_Measurement.txt,4.20E+04,6.53E-01,4.42E-01,6.57E-02,3.33E-04,8.09E-01,9.94E-01,9.71E-01,,
4370,8,Egg_Measurement.txt,3.67E+04,6.29E-01,3.78E-01,4.67E-02,3.09E-04,6.55E-01,9.47E-01,9.93E-01,,
4370,9,Egg_Measurement.txt,4.17E+04,6.66E-01,4.29E-01,6.27E-02,5.11E-04,7.91E-01,9.74E-01,9.13E-01,,
4370,10,Egg_Measurement.txt,4.02E+04,6.34E-01,4.11E-01,5.55E-02,3.85E-04,7.28E-01,9.96E-01,9.85E-01,5.72E-02,
4936,1,Egg_Measurement.txt,4.40E+04,5.54E-01,3.70E-01,3.95E-02,1.93E-04,5.76E-01,9.56E-01,9.56E-01,,
4936,2,Egg_Measurement.txt,4.18E+04,5.96E-01,3.26E-01,3.22E-02,4.68E-04,5.21E-01,9.72E-01,9.40E-01,,
4936,3,Egg_Measurement.txt,4.09E+04,5.13E-01,3.71E-01,3.68E-02,2.23E-05,5.45E-01,9.98E-01,9.83E-01,,
4936,4,Egg_Measurement.txt,4.60E+04,5.96E-01,3.52E-01,3.85E-02,6.94E-05,5.77E-01,9.89E-01,9.92E-01,,
4936,5,Egg_Measurement.txt,4.65E+04,5.64E-01,3.78E-01,4.24E-02,4.26E-05,6.04E-01,9.75E-01,9.94E-01,,
4936,6,Egg_Measurement.txt,4.38E+04,5.55E-01,3.71E-01,3.92E-02,9.06E-05,5.73E-01,9.95E-01,9.96E-01,,
4936,7,Egg_Measurement.txt,5.88E+04,5.99E-01,4.50E-01,6.31E-02,1.61E-04,7.78E-01,9.88E-01,9.97E-01,,
4936,8,Egg_Measurement.txt,4.78E+04,5.59E-01,3.97E-01,4.52E-02,1.27E-04,6.26E-01,9.95E-01,9.98E-01,,
4936,9,Egg_Measurement.txt,4.74E+04,5.64E-01,3.86E-01,4.31E-02,2.98E-04,6.10E-01,9.86E-01,9.96E-01,,
4936,10,Egg_Measurement.txt,4.88E+04,5.71E-01,3.93E-01,4.56E-02,4.00E-04,6.33E-01,9.70E-01,9.59E-01,4.26E-02,
4994,1,,5.74E+04,6.36E-01,4.26E-01,5.97E-02,3.24E-04,7.60E-01,9.78E-01,9.72E-01,,
4994,2,,5.56E+04,6.26E-01,4.08E-01,5.39E-02,4.18E-04,7.13E-01,9.70E-01,9.89E-01,,
4994,3,,5.43E+04,6.11E-01,4.06E-01,5.30E-02,8.87E-05,7.02E-01,9.64E-01,9.84E-01,,
4994,4,,5.79E+04,6.43E-01,4.21E-01,5.84E-02,5.90E-04,7.52E-01,9.87E-01,9.73E-01,,
4994,5,,5.87E+04,6.60E-01,4.21E-01,6.07E-02,1.60E-04,7.72E-01,9.95E-01,9.82E-01,,
4994,6,,5.44E+04,6.37E-01,4.05E-01,5.34E-02,6.00E-04,7.12E-01,9.93E-01,9.65E-01,,
4994,7,,6.06E+04,6.60E-01,4.28E-01,6.27E-02,1.54E-04,7.88E-01,9.88E-01,1.00E+00,,
4994,8,,5.56E+04,6.36E-01,4.14E-01,5.58E-02,5.14E-04,7.30E-01,9.87E-01,9.75E-01,,
4994,9,Egg_Measurement.txt,5.33E+04,6.29E-01,4.05E-01,5.22E-02,2.31E-04,6.98E-01,9.93E-01,9.71E-01,,
4994,10,Egg_Measurement.txt,5.73E+04,6.57E-01,4.13E-01,5.90E-02,6.28E-05,7.60E-01,9.74E-01,9.36E-01,5.69E-02,
5088,1,Egg_Measurement.txt,5.75E+04,6.79E-01,3.96E-01,5.46E-02,3.70E-04,7.31E-01,9.62E-01,9.44E-01,,
5088,2,Egg_Measurement.txt,5.41E+04,6.23E-01,4.03E-01,5.32E-02,1.62E-05,7.06E-01,9.81E-01,9.85E-01,,
5088,3,Egg_Measurement.txt,5.84E+04,6.58E-01,4.07E-01,5.70E-02,7.95E-05,7.44E-01,9.50E-01,9.76E-01,,
5088,4,Egg_Measurement.txt,5.98E+04,6.65E-01,4.16E-01,6.03E-02,3.96E-04,7.74E-01,9.74E-01,9.93E-01,,
5088,5,Egg_Measurement.txt,5.80E+04,6.70E-01,4.18E-01,6.11E-02,5.72E-04,7.81E-01,9.90E-01,9.83E-01,,
5088,6,Egg_Measurement.txt,6.06E+04,6.73E-01,4.32E-01,6.48E-02,3.29E-04,8.08E-01,9.71E-01,9.71E-01,,
5088,7,Egg_Measurement.txt,5.48E+04,6.68E-01,3.99E-01,5.52E-02,3.14E-04,7.33E-01,9.74E-01,9.68E-01,,
5088,8,Egg_Measurement.txt,6.03E+04,6.41E-01,4.32E-01,6.26E-02,2.14E-04,7.83E-01,9.53E-01,9.76E-01,,
5088,9,Egg_Measurement.txt,5.54E+04,6.59E-01,3.92E-01,5.27E-02,1.90E-04,7.11E-01,9.74E-01,9.76E-01,,
5088,10,Egg_Measurement.txt,5.63E+04,6.63E-01,3.84E-01,5.10E-02,1.82E-04,6.99E-01,9.50E-01,9.57E-01,5.73E-02,
5236,1,Egg_Measurement.txt,5.52E+04,6.63E-01,4.49E-01,6.90E-02,4.19E-04,8.36E-01,9.77E-01,9.95E-01,,
5236,2,Egg_Measurement.txt,5.25E+04,6.56E-01,4.38E-01,6.52E-02,3.09E-04,8.06E-01,9.58E-01,9.75E-01,,
5236,3,Egg_Measurement.txt,5.36E+04,6.56E-01,4.39E-01,6.53E-02,4.72E-04,8.07E-01,9.78E-01,9.98E-01,,
5236,4,Egg_Measurement.txt,4.55E+04,6.27E-01,3.95E-01,5.01E-02,5.29E-04,6.82E-01,9.44E-01,9.90E-01,,
5236,5,Egg_Measurement.txt,5.00E+04,6.25E-01,4.31E-01,6.05E-02,2.76E-04,7.64E-01,9.83E-01,9.85E-01,,
5236,6,Egg_Measurement.txt,5.35E+04,6.40E-01,4.46E-01,6.72E-02,1.55E-04,8.18E-01,9.75E-01,9.95E-01,,
5236,7,Egg_Measurement.txt,5.18E+04,6.36E-01,4.38E-01,6.35E-02,2.10E-04,7.88E-01,9.41E-01,9.86E-01,,
5236,8,Egg_Measurement.txt,5.09E+04,6.59E-01,4.17E-01,6.02E-02,1.22E-04,7.69E-01,9.85E-01,9.92E-01,,
5236,9,Egg_Measurement.txt,5.03E+04,6.29E-01,4.26E-01,6.05E-02,1.52E-04,7.65E-01,9.83E-01,9.80E-01,,
5236,10,Egg_Measurement.txt,4.42E+04,6.45E-01,3.73E-01,4.66E-02,1.93E-04,6.58E-01,9.60E-01,9.06E-01,6.08E-02,
5468,1,Egg_Measurement.txt,5.49E+04,6.67E-01,4.59E-01,7.19E-02,6.28E-04,8.59E-01,9.54E-01,9.80E-01,,
5468,2,Egg_Measurement.txt,5.25E+04,6.51E-01,4.36E-01,6.50E-02,3.45E-04,8.05E-01,9.89E-01,9.98E-01,,
5468,3,Egg_Measurement.txt,5.32E+04,6.59E-01,4.36E-01,6.49E-02,3.22E-04,8.05E-01,9.87E-01,9.98E-01,,
5468,4,Egg_Measurement.txt,4.57E+04,6.21E-01,3.99E-01,5.04E-02,6.01E-04,6.84E-01,9.81E-01,9.60E-01,,
5468,5,Egg_Measurement.txt,5.02E+04,6.34E-01,4.34E-01,6.16E-02,4.42E-04,7.75E-01,9.82E-01,9.71E-01,,
5468,6,Egg_Measurement.txt,5.38E+04,6.46E-01,4.50E-01,6.86E-02,1.46E-04,8.29E-01,9.91E-01,9.84E-01,,
5468,7,Egg_Measurement.txt,5.20E+04,6.47E-01,4.39E-01,6.47E-02,3.26E-04,8.00E-01,9.70E-01,9.85E-01,,
5468,8,Egg_Measurement.txt,5.08E+04,6.57E-01,4.21E-01,6.05E-02,2.76E-04,7.71E-01,9.68E-01,9.85E-01,,
5468,9,Egg_Measurement.txt,4.96E+04,6.31E-01,4.26E-01,6.04E-02,1.23E-04,7.64E-01,9.77E-01,9.49E-01,,
5468,10,Egg_Measurement.txt,4.44E+04,6.39E-01,3.71E-01,4.56E-02,2.79E-04,6.49E-01,9.06E-01,9.60E-01,6.14E-02,
5760,1,Egg_Measurement.txt,4.86E+04,6.44E-01,5.11E-01,8.63E-02,3.19E-04,9.54E-01,9.95E-01,9.50E-01,,
5760,2,Egg_Measurement.txt,3.87E+04,6.33E-01,4.14E-01,5.56E-02,5.29E-04,7.28E-01,9.57E-01,9.59E-01,,
5760,3,Egg_Measurement.txt,3.93E+04,6.20E-01,4.20E-01,5.63E-02,4.80E-04,7.30E-01,9.60E-01,9.84E-01,,
5760,4,Egg_Measurement.txt,4.34E+04,6.70E-01,4.43E-01,6.62E-02,1.46E-04,8.14E-01,9.91E-01,9.86E-01,,
5760,5,Egg_Measurement.txt,3.77E+04,6.38E-01,3.81E-01,4.88E-02,2.97E-06,6.74E-01,9.82E-01,9.80E-01,,
5760,6,Egg_Measurement.txt,4.00E+04,5.57E-01,4.60E-01,6.06E-02,1.26E-04,7.51E-01,9.96E-01,9.98E-01,,
5760,7,Egg_Measurement.txt,4.41E+04,6.32E-01,4.61E-01,6.57E-02,2.32E-04,8.00E-01,9.98E-01,9.96E-01,,
5760,8,Egg_Measurement.txt,4.17E+04,6.04E-01,4.49E-01,6.28E-02,4.22E-04,7.77E-01,9.92E-01,9.56E-01,,
5760,9,Egg_Measurement.txt,4.12E+04,5.81E-01,4.61E-01,6.31E-02,8.48E-04,7.77E-01,9.83E-01,9.99E-01,,
5760,10,Egg_Measurement.txt,4.27E+04,6.51E-01,4.23E-01,6.01E-02,3.07E-04,7.66E-01,9.84E-01,9.92E-01,6.26E-02,
6106,1,Egg_Measurement.txt,3.31E+04,6.33E-01,4.16E-01,5.69E-02,2.51E-04,7.38E-01,9.83E-01,9.80E-01,,
6106,2,Egg_Measurement.txt,3.38E+04,6.55E-01,4.15E-01,5.80E-02,3.81E-04,7.52E-01,9.89E-01,9.89E-01,,
6106,3,Egg_Measurement.txt,3.51E+04,6.42E-01,4.32E-01,6.27E-02,1.59E-04,7.84E-01,9.81E-01,9.88E-01,,
6106,4,Egg_Measurement.txt,3.25E+04,6.41E-01,4.01E-01,5.40E-02,3.42E-05,7.16E-01,9.79E-01,9.74E-01,,
6106,5,Egg_Measurement.txt,3.19E+04,6.39E-01,4.04E-01,5.38E-02,2.79E-04,7.14E-01,9.64E-01,9.87E-01,,
6106,6,Egg_Measurement.txt,3.33E+04,6.35E-01,4.18E-01,5.79E-02,9.83E-05,7.46E-01,9.71E-01,9.93E-01,,
6106,7,Egg_Measurement.txt,3.30E+04,6.52E-01,4.09E-01,5.61E-02,3.35E-04,7.36E-01,9.94E-01,9.86E-01,,
6106,8,Egg_Measurement.txt,3.12E+04,6.16E-01,4.04E-01,5.12E-02,6.95E-04,6.89E-01,9.63E-01,9.73E-01,,
6106,9,Egg_Measurement.txt,3.14E+04,6.18E-01,4.04E-01,5.20E-02,3.30E-04,6.95E-01,9.99E-01,9.85E-01,,
6106,10,Egg_Measurement.txt,3.23E+04,6.28E-01,4.10E-01,5.52E-02,1.81E-04,7.23E-01,9.84E-01,9.58E-01,5.58E-02,
7169,1,Egg_Measurement.txt,4.08E+04,6.90E-01,3.86E-01,5.33E-02,4.66E-04,7.25E-01,9.89E-01,9.87E-01,,
7169,2,Egg_Measurement.txt,4.01E+04,6.42E-01,3.96E-01,5.24E-02,1.81E-04,7.04E-01,9.77E-01,9.69E-01,,
7169,3,Egg_Measurement.txt,4.12E+04,6.34E-01,4.01E-01,5.32E-02,3.83E-04,7.10E-01,9.83E-01,9.86E-01,5.30E-02,
7215,1,Egg_Measurement.txt,1.44E+04,6.42E-01,4.50E-01,6.76E-02,2.89E-04,8.21E-01,9.62E-01,9.90E-01,,
7215,2,Egg_Measurement.txt,1.40E+04,6.27E-01,4.55E-01,6.64E-02,2.31E-04,8.07E-01,9.95E-01,9.63E-01,,
7215,3,Egg_Measurement.txt,1.36E+04,6.63E-01,4.18E-01,5.95E-02,5.04E-04,7.66E-01,9.76E-01,9.65E-01,,
7215,4,Egg_Measurement.txt,1.28E+04,5.80E-01,4.32E-01,5.67E-02,1.14E-04,7.25E-01,9.89E-01,9.93E-01,,
7215,5,Egg_Measurement.txt,1.01E+04,5.01E-01,3.99E-01,4.18E-02,2.86E-05,5.88E-01,9.92E-01,9.96E-01,,
7215,6,Egg_Measurement.txt,1.31E+04,6.74E-01,3.91E-01,5.33E-02,2.82E-04,7.19E-01,9.44E-01,9.32E-01,,
7215,7,Egg_Measurement.txt,1.29E+04,6.58E-01,3.91E-01,5.24E-02,8.12E-05,7.08E-01,9.66E-01,9.28E-01,,
7215,8,Egg_Measurement.txt,1.32E+04,6.34E-01,4.10E-01,5.53E-02,2.17E-04,7.25E-01,9.94E-01,9.97E-01,,
7215,9,Egg_Measurement.txt,1.28E+04,6.08E-01,4.17E-01,5.47E-02,1.16E-04,7.14E-01,9.97E-01,9.98E-01,,
7215,10,Egg_Measurement.txt,1.34E+04,6.28E-01,4.18E-01,5.72E-02,1.89E-04,7.39E-01,9.56E-01,9.92E-01,5.65E-02,
7745,1,Egg_Measurement.txt,5.74E+04,6.75E-01,4.02E-01,5.45E-02,9.92E-04,7.31E-01,9.82E-01,9.88E-01,,
7745,2,Egg_Measurement.txt,5.75E+04,6.86E-01,3.92E-01,5.27E-02,9.07E-04,7.19E-01,9.77E-01,9.79E-01,,
7745,3,Egg_Measurement.txt,5.73E+04,6.17E-01,4.19E-01,5.69E-02,1.48E-04,7.34E-01,9.83E-01,9.55E-01,,
7745,4,Egg_Measurement.txt,5.99E+04,6.65E-01,4.13E-01,5.94E-02,2.00E-04,7.66E-01,9.78E-01,9.59E-01,,
7745,5,Egg_Measurement.txt,5.59E+04,6.69E-01,3.82E-01,5.06E-02,2.16E-04,6.96E-01,9.52E-01,9.82E-01,,
7745,6,Egg_Measurement.txt,5.71E+04,6.59E-01,3.98E-01,5.47E-02,1.87E-04,7.27E-01,9.24E-01,9.86E-01,,
7745,7,Egg_Measurement.txt,5.70E+04,6.50E-01,4.08E-01,5.62E-02,2.78E-04,7.36E-01,9.90E-01,9.77E-01,,
7745,8,Egg_Measurement.txt,5.67E+04,6.56E-01,4.04E-01,5.51E-02,4.27E-04,7.30E-01,9.59E-01,9.76E-01,,
7745,9,Egg_Measurement.txt,5.64E+04,6.65E-01,4.03E-01,5.53E-02,7.76E-04,7.35E-01,9.92E-01,9.90E-01,,
7745,10,Egg_Measurement.txt,5.83E+04,6.66E-01,4.19E-01,5.99E-02,4.17E-04,7.69E-01,9.69E-01,9.46E-01,5.55E-02,
8066,1,Egg_Measurement.txt,5.40E+04,6.80E-01,4.29E-01,6.41E-02,5.06E-04,8.04E-01,9.91E-01,9.60E-01,,
8066,2,Egg_Measurement.txt,5.38E+04,6.86E-01,4.20E-01,6.20E-02,3.98E-04,7.90E-01,9.85E-01,9.87E-01,,
8066,3,Egg_Measurement.txt,5.95E+04,6.72E-01,4.70E-01,7.83E-02,4.46E-05,9.04E-01,9.84E-01,9.84E-01,,
8066,4,Egg_Measurement.txt,4.87E+04,6.56E-01,4.01E-01,5.48E-02,1.82E-04,7.26E-01,9.64E-01,9.43E-01,,
8066,5,Egg_Measurement.txt,5.08E+04,6.41E-01,4.22E-01,5.90E-02,2.36E-04,7.56E-01,9.82E-01,9.58E-01,,
8066,6,Egg_Measurement.txt,5.37E+04,6.78E-01,4.28E-01,6.46E-02,8.80E-05,8.07E-01,9.74E-01,9.89E-01,,
8066,7,Egg_Measurement.txt,5.22E+04,6.60E-01,4.22E-01,6.17E-02,9.55E-05,7.81E-01,9.46E-01,9.99E-01,,
8066,8,Egg_Measurement.txt,4.99E+04,6.51E-01,4.22E-01,5.97E-02,3.50E-04,7.63E-01,9.87E-01,9.92E-01,,
8066,9,Egg_Measurement.txt,6.73E+04,7.10E-01,5.16E-01,9.79E-02,2.44E-05,1.04E+00,9.99E-01,9.90E-01,,
8066,10,Egg_Measurement.txt,5.29E+04,6.57E-01,4.36E-01,6.52E-02,1.93E-04,8.06E-01,9.85E-01,9.89E-01,6.67E-02,
8988,1,Egg_Measurement.txt,4.20E+04,5.91E-01,3.84E-01,4.56E-02,8.84E-05,6.37E-01,9.97E-01,9.94E-01,,
8988,2,Egg_Measurement.txt,4.61E+04,6.56E-01,3.85E-01,4.97E-02,5.15E-04,6.87E-01,8.83E-01,9.79E-01,,
8988,3,Egg_Measurement.txt,5.19E+04,6.41E-01,4.35E-01,6.33E-02,4.16E-04,7.90E-01,9.88E-01,9.96E-01,,
8988,4,Egg_Measurement.txt,4.71E+04,6.08E-01,4.18E-01,5.57E-02,1.24E-04,7.23E-01,9.62E-01,9.90E-01,,
8988,5,Egg_Measurement.txt,4.48E+04,6.35E-01,3.80E-01,4.86E-02,1.50E-04,6.73E-01,9.33E-01,9.88E-01,,
8988,6,Egg_Measurement.txt,5.34E+04,6.31E-01,4.53E-01,6.73E-02,1.91E-04,8.16E-01,9.88E-01,9.82E-01,,
8988,7,Egg_Measurement.txt,5.16E+04,6.49E-01,4.36E-01,6.47E-02,5.87E-06,8.00E-01,9.91E-01,9.72E-01,,
8988,8,Egg_Measurement.txt,5.00E+04,6.16E-01,4.43E-01,6.26E-02,3.01E-04,7.78E-01,9.72E-01,9.93E-01,,
8988,9,Egg_Measurement.txt,4.58E+04,6.27E-01,3.87E-01,5.01E-02,2.71E-04,6.84E-01,9.82E-01,9.95E-01,,
8988,10,Egg_Measurement.txt,4.93E+04,6.09E-01,4.47E-01,6.11E-02,5.43E-04,7.64E-01,9.96E-01,9.86E-01,5.69E-02,
9156,1,Egg_Measurement.txt,6.93E+04,7.10E-01,4.57E-01,7.60E-02,5.15E-04,8.99E-01,9.47E-01,9.87E-01,,
9156,2,Egg_Measurement.txt,5.81E+04,6.48E-01,4.20E-01,5.96E-02,1.43E-04,7.62E-01,9.89E-01,9.94E-01,,
9156,3,Egg_Measurement.txt,5.83E+04,6.73E-01,4.04E-01,5.72E-02,3.47E-04,7.50E-01,9.68E-01,9.90E-01,,
9156,4,Egg_Measurement.txt,5.57E+04,6.28E-01,4.15E-01,5.57E-02,4.08E-04,7.27E-01,9.86E-01,9.87E-01,,
9156,5,Egg_Measurement.txt,6.02E+04,6.83E-01,4.18E-01,6.20E-02,2.12E-04,7.89E-01,9.94E-01,9.68E-01,,
9156,6,Egg_Measurement.txt,6.11E+04,6.87E-01,4.22E-01,6.38E-02,3.61E-04,8.04E-01,9.93E-01,9.63E-01,6.24E-02,
9357,1,Egg_Measurement.txt,5.33E+04,6.15E-01,4.02E-01,5.15E-02,4.55E-04,6.92E-01,9.84E-01,9.72E-01,,
9357,2,Egg_Measurement.txt,4.55E+04,6.03E-01,3.39E-01,3.75E-02,6.51E-05,5.71E-01,9.87E-01,9.81E-01,,
9357,3,Egg_Measurement.txt,4.88E+04,6.01E-01,3.69E-01,4.33E-02,2.00E-04,6.21E-01,9.90E-01,9.91E-01,,
9357,4,Egg_Measurement.txt,5.35E+04,6.28E-01,4.00E-01,5.25E-02,1.62E-06,7.01E-01,9.92E-01,9.90E-01,,
9357,5,Egg_Measurement.txt,6.20E+04,6.17E-01,4.59E-01,6.77E-02,5.41E-06,8.15E-01,9.96E-01,9.97E-01,,
9357,6,Egg_Measurement.txt,4.95E+04,6.11E-01,3.84E-01,4.70E-02,1.63E-04,6.53E-01,9.94E-01,9.85E-01,,
9357,7,Egg_Measurement.txt,5.31E+04,6.03E-01,4.08E-01,5.22E-02,3.19E-04,6.94E-01,9.86E-01,9.94E-01,,
9357,8,Egg_Measurement.txt,5.27E+04,5.76E-01,4.16E-01,5.33E-02,7.20E-05,6.97E-01,9.99E-01,9.97E-01,,
9357,9,Egg_Measurement.txt,5.55E+04,6.05E-01,4.26E-01,5.73E-02,1.31E-04,7.34E-01,9.75E-01,9.83E-01,,
9357,10,Egg_Measurement.txt,5.19E+04,6.28E-01,3.91E-01,5.01E-02,4.96E-05,6.82E-01,9.67E-01,9.65E-01,5.12E-02,
9717,1,Egg_Measurement.txt,2.65E+04,5.72E-01,4.43E-01,5.72E-02,9.77E-04,7.29E-01,9.72E-01,9.86E-01,,
9717,2,Egg_Measurement.txt,2.79E+04,6.25E-01,4.29E-01,5.78E-02,7.67E-04,7.42E-01,9.97E-01,9.67E-01,,
9717,3,Egg_Measurement.txt,2.93E+04,6.76E-01,4.26E-01,6.07E-02,1.12E-04,7.73E-01,9.93E-01,9.02E-01,,
9717,4,Egg_Measurement.txt,2.91E+04,6.64E-01,3.99E-01,5.37E-02,5.84E-04,7.21E-01,9.78E-01,9.44E-01,,
9717,5,Egg_Measurement.txt,2.71E+04,6.28E-01,3.73E-01,4.60E-02,1.38E-04,6.49E-01,9.89E-01,1.00E+00,,
9717,6,Egg_Measurement.txt,2.85E+04,6.12E-01,4.09E-01,5.20E-02,8.05E-04,6.96E-01,9.93E-01,9.99E-01,,
9717,7,Egg_Measurement.txt,2.75E+04,5.80E-01,4.05E-01,4.99E-02,2.20E-05,6.70E-01,9.87E-01,9.78E-01,,
9717,8,Egg_Measurement.txt,2.92E+04,6.49E-01,4.13E-01,5.77E-02,3.10E-05,7.47E-01,9.24E-01,9.88E-01,,
9717,9,Egg_Measurement.txt,2.47E+04,5.63E-01,3.82E-01,4.29E-02,2.08E-04,6.09E-01,9.93E-01,9.99E-01,,
9717,10,Egg_Measurement.txt,2.94E+04,6.31E-01,4.16E-01,5.71E-02,1.03E-04,7.38E-01,9.74E-01,9.73E-01,5.35E-02,
9779,1,Egg_Measurement.txt,1.27E+04,6.22E-01,4.12E-01,5.36E-02,7.24E-04,7.10E-01,9.69E-01,9.89E-01,,
9779,2,Egg_Measurement.txt,1.20E+04,6.05E-01,3.90E-01,4.72E-02,4.57E-04,6.54E-01,9.58E-01,9.88E-01,,
9779,3,Egg_Measurement.txt,1.16E+04,6.10E-01,3.73E-01,4.31E-02,5.90E-04,6.21E-01,9.91E-01,9.53E-01,,
9779,4,Egg_Measurement.txt,1.20E+04,6.14E-01,3.91E-01,4.77E-02,6.74E-04,6.61E-01,9.91E-01,9.62E-01,,
9779,5,Egg_Measurement.txt,1.21E+04,6.10E-01,3.96E-01,4.85E-02,7.35E-04,6.66E-01,9.95E-01,9.83E-01,,
9779,6,Egg_Measurement.txt,1.27E+04,6.15E-01,4.11E-01,5.28E-02,7.73E-04,7.02E-01,9.73E-01,9.51E-01,,
9779,7,Egg_Measurement.txt,1.23E+04,6.05E-01,3.92E-01,4.81E-02,3.91E-04,6.62E-01,9.87E-01,9.84E-01,,
9779,8,Egg_Measurement.txt,1.27E+04,5.93E-01,4.23E-01,5.50E-02,3.25E-04,7.14E-01,9.86E-01,9.77E-01,,
9779,9,Egg_Measurement.txt,1.29E+04,6.22E-01,4.10E-01,5.35E-02,5.33E-04,7.09E-01,9.97E-01,9.77E-01,,
9779,10,Egg_Measurement.txt,1.18E+04,5.99E-01,3.86E-01,4.66E-02,3.25E-04,6.48E-01,9.95E-01,9.89E-01,4.96E-02,
8788,1,Egg_Measurement.txt,1.30E+04,6.03E-01,4.21E-01,5.66E-02,9.44E-05,7.29E-01,9.88E-01,9.60E-01,,
8788,2,Egg_Measurement.txt,1.28E+04,6.30E-01,4.07E-01,5.51E-02,1.62E-04,7.23E-01,9.91E-01,9.84E-01,,
8788,3,Egg_Measurement.txt,1.20E+04,6.15E-01,3.86E-01,4.79E-02,2.87E-04,6.62E-01,9.55E-01,9.81E-01,,
8788,4,Egg_Measurement.txt,1.30E+04,6.12E-01,4.18E-01,5.54E-02,2.76E-04,7.21E-01,9.66E-01,9.79E-01,,
8788,5,Egg_Measurement.txt,1.29E+04,6.16E-01,4.15E-01,5.49E-02,4.17E-04,7.19E-01,9.84E-01,9.42E-01,,
8788,6,Egg_Measurement.txt,1.31E+04,6.21E-01,4.14E-01,5.55E-02,1.65E-04,7.23E-01,9.70E-01,9.72E-01,,
8788,7,Egg_Measurement.txt,1.28E+04,6.25E-01,4.12E-01,5.40E-02,7.13E-04,7.14E-01,9.55E-01,9.65E-01,,
8788,8,Egg_Measurement.txt,1.28E+04,6.12E-01,4.11E-01,5.30E-02,4.83E-04,7.02E-01,9.93E-01,9.61E-01,,
8788,9,Egg_Measurement.txt,1.31E+04,6.22E-01,4.12E-01,5.47E-02,3.57E-04,7.18E-01,9.38E-01,9.81E-01,,
8788,10,Egg_Measurement.txt,1.33E+04,6.37E-01,4.10E-01,5.57E-02,1.93E-04,7.29E-01,9.58E-01,9.79E-01,5.43E-02,
3979,1,Egg_Measurement.txt,4.20E+04,6.54E-01,4.11E-01,5.82E-02,6.78E-05,7.53E-01,9.88E-01,9.41E-01,,
3979,2,Egg_Measurement.txt,4.38E+04,6.47E-01,4.41E-01,6.51E-02,3.18E-04,8.03E-01,9.91E-01,9.88E-01,,
3979,3,Egg_Measurement.txt,4.13E+04,6.51E-01,4.17E-01,5.78E-02,4.59E-04,7.48E-01,9.80E-01,9.95E-01,6.04E-02,
3985,1,Egg_Measurement.txt,2.52E+04,5.75E-01,4.21E-01,5.24E-02,1.59E-04,6.89E-01,9.87E-01,9.82E-01,,
3985,2,Egg_Measurement.txt,2.73E+04,6.25E-01,4.18E-01,5.59E-02,5.70E-04,7.28E-01,9.83E-01,9.98E-01,,
3985,3,Egg_Measurement.txt,2.56E+04,6.15E-01,3.84E-01,4.65E-02,4.60E-04,6.51E-01,9.73E-01,9.76E-01,,
3985,4,Egg_Measurement.txt,2.83E+04,6.29E-01,4.14E-01,5.49E-02,7.27E-04,7.22E-01,9.76E-01,9.65E-01,,
3985,5,Egg_Measurement.txt,2.74E+04,6.17E-01,4.16E-01,5.41E-02,6.31E-04,7.12E-01,9.84E-01,9.93E-01,,
3985,6,Egg_Measurement.txt,2.75E+04,6.10E-01,4.33E-01,5.92E-02,3.78E-04,7.51E-01,9.85E-01,9.65E-01,,
3985,7,Egg_Measurement.txt,3.00E+04,6.36E-01,4.41E-01,6.24E-02,7.48E-04,7.80E-01,9.93E-01,9.97E-01,,
3985,8,Egg_Measurement.txt,2.76E+04,6.13E-01,4.10E-01,5.53E-02,7.87E-05,7.22E-01,9.98E-01,9.98E-01,,
3985,9,Egg_Measurement.txt,2.64E+04,5.85E-01,3.99E-01,4.76E-02,6.08E-04,6.53E-01,9.73E-01,9.73E-01,,
3985,10,Egg_Measurement.txt,2.74E+04,5.97E-01,4.13E-01,5.41E-02,7.65E-05,7.08E-01,9.95E-01,9.87E-01,5.42E-02,"don’t use for repeatability, eggs measured in wrong order"
3906,1,Egg_Measurement.txt,6.81E+04,7.06E-01,4.41E-01,7.08E-02,4.74E-04,8.61E-01,9.67E-01,9.81E-01,,"don’t use for repeatability, eggs measured in wrong order"
3906,2,Egg_Measurement.txt,5.73E+04,6.82E-01,3.90E-01,5.34E-02,3.14E-04,7.22E-01,9.91E-01,9.62E-01,,"don’t use for repeatability, eggs measured in wrong order"
3906,3,Egg_Measurement.txt,5.70E+04,6.91E-01,3.78E-01,5.10E-02,2.26E-04,7.06E-01,8.95E-01,9.83E-01,,"don’t use for repeatability, eggs measured in wrong order"
3906,4,Egg_Measurement.txt,7.05E+04,6.92E-01,4.58E-01,7.65E-02,6.98E-05,8.97E-01,9.92E-01,9.91E-01,,"don’t use for repeatability, eggs measured in wrong order"
3906,5,Egg_Measurement.txt,6.75E+04,7.05E-01,4.46E-01,7.24E-02,2.91E-04,8.71E-01,9.91E-01,9.98E-01,,"don’t use for repeatability, eggs measured in wrong order"
3906,6,Egg_Measurement.txt,5.74E+04,7.01E-01,3.78E-01,5.19E-02,3.33E-04,7.16E-01,9.61E-01,9.79E-01,,"don’t use for repeatability, eggs measured in wrong order"
3906,7,Egg_Measurement.txt,5.69E+04,6.44E-01,4.05E-01,5.50E-02,1.84E-04,7.26E-01,9.77E-01,9.82E-01,,"don’t use for repeatability, eggs measured in wrong order"
3906,8,Egg_Measurement.txt,6.05E+04,6.85E-01,4.14E-01,5.99E-02,5.16E-04,7.74E-01,9.84E-01,9.10E-01,,"don’t use for repeatability, eggs measured in wrong order"
3906,9,Egg_Measurement.txt,6.60E+04,6.51E-01,4.63E-01,7.19E-02,5.11E-04,8.55E-01,9.85E-01,9.95E-01,,"don’t use for repeatability, eggs measured in wrong order"
3906,10,Egg_Measurement.txt,6.18E+04,6.48E-01,4.33E-01,6.37E-02,1.38E-04,7.93E-01,9.99E-01,9.87E-01,6.27E-02,
1293,1,,4.74E+04,6.23E-01,3.53E-01,3.90E-02,6.81E-04,5.88E-01,9.94E-01,9.21E-01,,
1293,2,,4.87E+04,6.23E-01,3.56E-01,4.09E-02,2.60E-04,6.04E-01,9.76E-01,9.60E-01,,
1293,3,,5.10E+04,6.03E-01,3.75E-01,4.41E-02,1.60E-04,6.26E-01,9.74E-01,9.77E-01,,
1293,4,,5.08E+04,6.10E-01,3.78E-01,4.56E-02,7.58E-05,6.41E-01,1.00E+00,1.00E+00,,
1293,5,Egg_Measurement.txt,5.86E+04,6.35E-01,4.24E-01,5.81E-02,6.45E-04,7.48E-01,9.91E-01,9.90E-01,,
1293,6,Egg_Measurement.txt,5.91E+04,6.73E-01,4.06E-01,5.70E-02,4.15E-04,7.49E-01,9.84E-01,9.63E-01,,
1293,7,Egg_Measurement.txt,5.88E+04,6.28E-01,4.26E-01,5.91E-02,2.90E-04,7.54E-01,9.97E-01,9.64E-01,,
1293,8,Egg_Measurement.txt,5.94E+04,6.01E-01,4.60E-01,6.10E-02,4.29E-04,7.58E-01,9.92E-01,9.98E-01,,
1293,9,Egg_Measurement.txt,5.49E+04,6.51E-01,4.01E-01,4.97E-02,3.37E-04,6.79E-01,9.65E-01,9.93E-01,,
1293,10,Egg_Measurement.txt,5.89E+04,6.08E-01,4.30E-01,5.92E-02,1.81E-04,7.50E-01,9.94E-01,9.93E-01,5.14E-02,
9468,1,Egg_Measurement.txt,5.06E+04,6.18E-01,3.75E-01,4.50E-02,2.16E-04,6.38E-01,9.55E-01,9.21E-01,,
9468,2,Egg_Measurement.txt,5.68E+04,6.44E-01,3.96E-01,5.30E-02,1.67E-04,7.09E-01,9.37E-01,9.70E-01,,
9468,3,Egg_Measurement.txt,5.48E+04,6.41E-01,3.74E-01,4.83E-02,7.98E-05,6.72E-01,9.86E-01,9.67E-01,,
9468,4,Egg_Measurement.txt,4.88E+04,6.07E-01,3.72E-01,4.22E-02,9.90E-04,6.13E-01,9.70E-01,9.64E-01,,
9468,5,Egg_Measurement.txt,5.64E+04,6.24E-01,4.13E-01,5.51E-02,2.52E-04,7.21E-01,9.56E-01,9.65E-01,,
9468,6,Egg_Measurement.txt,5.44E+04,6.15E-01,4.08E-01,5.36E-02,1.03E-06,7.07E-01,8.44E-01,9.36E-01,,
9468,7,Egg_Measurement.txt,4.81E+04,6.17E-01,3.58E-01,4.16E-02,8.61E-07,6.09E-01,9.76E-01,9.44E-01,,
9468,8,Egg_Measurement.txt,5.49E+04,5.84E-01,4.20E-01,5.41E-02,3.15E-06,7.04E-01,9.94E-01,9.71E-01,,
9468,9,Egg_Measurement.txt,4.73E+04,5.36E-01,3.87E-01,4.21E-02,2.29E-05,5.96E-01,1.00E+00,1.00E+00,,
9468,10,Egg_Measurement.txt,6.64E+04,6.53E-01,4.56E-01,7.07E-02,1.68E-04,8.45E-01,9.60E-01,9.66E-01,5.06E-02,
1040,1,Egg_Measurement.txt,5.16E+04,6.39E-01,3.77E-01,4.75E-02,1.90E-04,6.64E-01,9.81E-01,9.92E-01,,
1040,2,Egg_Measurement.txt,5.43E+04,6.82E-01,3.70E-01,4.78E-02,4.02E-04,6.77E-01,9.78E-01,9.67E-01,,
1040,3,Egg_Measurement.txt,5.16E+04,6.41E-01,3.71E-01,4.54E-02,3.13E-04,6.47E-01,9.93E-01,9.11E-01,,
1040,4,Egg_Measurement.txt,5.93E+04,6.95E-01,3.86E-01,5.37E-02,1.57E-04,7.27E-01,9.98E-01,9.93E-01,,
1040,5,Egg_Measurement.txt,5.50E+04,6.08E-01,4.08E-01,5.39E-02,1.12E-05,7.09E-01,9.83E-01,9.96E-01,,
1040,6,Egg_Measurement.txt,5.08E+04,6.66E-01,3.52E-01,4.31E-02,9.28E-05,6.34E-01,9.94E-01,9.95E-01,,
1040,7,Egg_Measurement.txt,5.92E+04,6.17E-01,4.22E-01,5.85E-02,2.73E-05,7.46E-01,9.90E-01,9.93E-01,,
1040,8,Egg_Measurement.txt,5.56E+04,6.92E-01,3.71E-01,4.99E-02,2.55E-05,6.97E-01,9.76E-01,9.98E-01,,
1040,9,Egg_Measurement.txt,5.88E+04,6.42E-01,4.19E-01,5.82E-02,2.66E-04,7.50E-01,9.81E-01,9.79E-01,,
1040,10,Egg_Measurement.txt,4.97E+04,6.55E-01,3.49E-01,4.14E-02,1.50E-04,6.16E-01,9.81E-01,9.64E-01,4.99E-02,
9507,1,Egg_Measurement.txt,6.37E+04,6.46E-01,4.09E-01,5.61E-02,2.43E-04,7.35E-01,9.74E-01,9.74E-01,,
9507,2,Egg_Measurement.txt,6.25E+04,6.20E-01,4.00E-01,5.18E-02,3.30E-04,6.96E-01,9.77E-01,9.91E-01,,
9507,3,Egg_Measurement.txt,6.20E+04,6.33E-01,4.01E-01,5.27E-02,2.58E-04,7.05E-01,9.71E-01,9.88E-01,,
9507,4,Egg_Measurement.txt,5.82E+04,6.34E-01,3.75E-01,4.62E-02,4.36E-04,6.53E-01,9.55E-01,9.82E-01,,
9507,5,Egg_Measurement.txt,5.70E+04,6.22E-01,3.74E-01,4.44E-02,5.73E-04,6.35E-01,9.77E-01,9.31E-01,,
9507,6,Egg_Measurement.txt,6.26E+04,6.40E-01,3.94E-01,5.01E-02,4.61E-04,6.83E-01,9.95E-01,9.61E-01,,
9507,7,Egg_Measurement.txt,5.75E+04,6.26E-01,3.65E-01,4.32E-02,5.27E-04,6.26E-01,9.73E-01,9.91E-01,,
9507,8,Egg_Measurement.txt,6.43E+04,6.14E-01,4.18E-01,5.60E-02,3.49E-04,7.27E-01,9.73E-01,9.89E-01,,
9507,9,Egg_Measurement.txt,6.34E+04,6.11E-01,4.11E-01,5.58E-02,1.37E-04,7.25E-01,9.97E-01,9.98E-01,,
9507,10,Egg_Measurement.txt,6.30E+04,6.20E-01,4.15E-01,5.50E-02,4.39E-04,7.20E-01,9.77E-01,9.91E-01,5.11E-02,
8390,1,Egg_Measurement.txt,7.12E+04,6.01E-01,4.67E-01,6.76E-02,2.99E-05,8.11E-01,9.92E-01,9.85E-01,,
8390,2,Egg_Measurement.txt,7.00E+04,5.91E-01,4.96E-01,6.70E-02,1.21E-03,8.04E-01,9.91E-01,9.98E-01,,
8390,3,Egg_Measurement.txt,6.72E+04,6.11E-01,4.49E-01,6.40E-02,2.89E-04,7.87E-01,9.89E-01,9.78E-01,,
8390,4,Egg_Measurement.txt,7.01E+04,6.64E-01,4.17E-01,6.05E-02,2.66E-05,7.72E-01,9.43E-01,9.98E-01,,
8390,5,Egg_Measurement.txt,6.13E+04,6.24E-01,3.94E-01,5.17E-02,4.51E-05,6.95E-01,9.85E-01,9.81E-01,,
8390,6,Egg_Measurement.txt,6.61E+04,6.14E-01,4.41E-01,6.10E-02,4.46E-04,7.65E-01,9.99E-01,9.97E-01,,
8390,7,Egg_Measurement.txt,6.73E+04,6.25E-01,4.26E-01,5.83E-02,5.53E-04,7.48E-01,9.75E-01,9.81E-01,,
8390,8,Egg_Measurement.txt,6.37E+04,6.16E-01,4.00E-01,5.20E-02,1.14E-04,6.95E-01,9.96E-01,9.85E-01,,
8390,9,Egg_Measurement.txt,6.80E+04,6.32E-01,4.23E-01,5.97E-02,1.24E-04,7.59E-01,9.85E-01,9.67E-01,,
8390,10,Egg_Measurement.txt,6.63E+04,6.10E-01,4.29E-01,5.82E-02,2.91E-04,7.42E-01,9.95E-01,9.95E-01,6.00E-02,
7671,1,Egg_Measurement.txt,7.80E+04,6.69E-01,4.41E-01,6.82E-02,2.24E-04,8.32E-01,9.95E-01,9.92E-01,,
7671,2,Egg_Measurement.txt,7.50E+04,6.00E-01,4.77E-01,7.16E-02,2.94E-05,8.41E-01,9.93E-01,9.86E-01,,
7671,3,Egg_Measurement.txt,7.97E+04,6.35E-01,4.79E-01,7.63E-02,7.88E-05,8.82E-01,9.78E-01,9.91E-01,,
7671,4,Egg_Measurement.txt,7.46E+04,6.29E-01,4.64E-01,7.14E-02,2.33E-06,8.45E-01,9.97E-01,9.95E-01,,
7671,5,Egg_Measurement.txt,8.27E+04,6.93E-01,4.87E-01,8.38E-02,7.82E-05,9.45E-01,9.92E-01,9.99E-01,,
7671,6,Egg_Measurement.txt,8.33E+04,6.73E-01,4.82E-01,8.21E-02,9.09E-05,9.31E-01,9.96E-01,9.94E-01,,
7671,7,Egg_Measurement.txt,7.92E+04,6.90E-01,4.59E-01,7.47E-02,1.22E-04,8.82E-01,9.72E-01,9.99E-01,,
7671,8,Egg_Measurement.txt,7.91E+04,6.67E-01,4.64E-01,7.43E-02,2.66E-04,8.75E-01,9.98E-01,9.74E-01,,
7671,9,Egg_Measurement.txt,6.28E+04,6.40E-01,3.87E-01,4.97E-02,2.99E-04,6.83E-01,9.75E-01,9.46E-01,,
7671,10,Egg_Measurement.txt,7.87E+04,6.79E-01,4.55E-01,7.29E-02,7.01E-05,8.67E-01,9.95E-01,9.91E-01,7.25E-02,
8283,1,Egg_Measurement.txt,6.92E+04,5.99E-01,4.73E-01,6.77E-02,6.60E-04,8.13E-01,9.94E-01,9.83E-01,,
8283,2,Egg_Measurement.txt,7.58E+04,6.21E-01,4.87E-01,7.59E-02,8.20E-05,8.76E-01,9.94E-01,9.99E-01,,
8283,3,Egg_Measurement.txt,6.64E+04,6.27E-01,4.33E-01,5.85E-02,4.23E-04,7.46E-01,9.97E-01,9.99E-01,,
8283,4,Egg_Measurement.txt,7.10E+04,6.24E-01,4.41E-01,6.34E-02,2.45E-04,7.86E-01,9.66E-01,9.86E-01,,
8283,5,Egg_Measurement.txt,7.02E+04,5.71E-01,5.06E-01,7.33E-02,2.31E-04,8.49E-01,9.87E-01,9.95E-01,,
8283,6,Egg_Measurement.txt,6.59E+04,5.89E-01,4.41E-01,5.84E-02,3.30E-04,7.39E-01,9.96E-01,9.97E-01,,
8283,7,Egg_Measurement.txt,6.66E+04,6.32E-01,4.18E-01,5.71E-02,3.72E-04,7.40E-01,9.18E-01,9.80E-01,,
8283,8,Egg_Measurement.txt,7.06E+04,6.34E-01,4.41E-01,6.38E-02,4.54E-04,7.91E-01,9.65E-01,9.81E-01,,
8283,9,Egg_Measurement.txt,7.04E+04,6.12E-01,4.78E-01,6.76E-02,4.35E-04,8.11E-01,9.99E-01,9.96E-01,,
8283,10,Egg_Measurement.txt,6.62E+04,5.94E-01,4.42E-01,6.08E-02,1.54E-06,7.59E-01,9.86E-01,9.75E-01,6.47E-02,
3503,1,Egg_Measurement.txt,6.02E+04,6.12E-01,3.67E-01,4.46E-02,1.39E-04,6.36E-01,9.87E-01,9.85E-01,,
3503,2,Egg_Measurement.txt,6.61E+04,6.14E-01,4.10E-01,5.40E-02,2.39E-04,7.11E-01,9.97E-01,9.74E-01,,
3503,3,Egg_Measurement.txt,5.80E+04,6.26E-01,3.64E-01,4.24E-02,4.66E-04,6.18E-01,9.40E-01,9.65E-01,,
3503,4,Egg_Measurement.txt,6.64E+04,6.11E-01,4.18E-01,5.60E-02,3.20E-05,7.25E-01,9.62E-01,9.94E-01,,
3503,5,Egg_Measurement.txt,6.66E+04,6.25E-01,4.28E-01,5.61E-02,1.86E-04,7.25E-01,9.73E-01,9.99E-01,,
3503,6,Egg_Measurement.txt,6.14E+04,6.15E-01,3.72E-01,4.49E-02,1.93E-06,6.37E-01,9.73E-01,9.60E-01,,
3503,7,Egg_Measurement.txt,5.72E+04,5.95E-01,3.68E-01,4.13E-02,5.96E-04,6.02E-01,9.59E-01,9.62E-01,,
3503,8,Egg_Measurement.txt,6.50E+04,6.08E-01,4.06E-01,5.23E-02,3.43E-05,6.95E-01,9.81E-01,9.87E-01,,
3503,9,Egg_Measurement.txt,6.51E+04,6.01E-01,4.04E-01,5.19E-02,5.87E-05,6.91E-01,9.85E-01,9.96E-01,,
3503,10,Egg_Measurement.txt,6.20E+04,6.17E-01,3.76E-01,4.65E-02,3.43E-04,6.53E-01,9.76E-01,9.77E-01,4.90E-02,
7741,1,Egg_Measurement.txt,7.32E+04,6.79E-01,4.23E-01,6.28E-02,4.11E-04,7.94E-01,9.94E-01,9.81E-01,,
7741,2,Egg_Measurement.txt,7.38E+04,6.40E-01,4.38E-01,6.33E-02,5.82E-04,7.89E-01,9.83E-01,9.93E-01,,
7741,3,Egg_Measurement.txt,6.77E+04,6.42E-01,3.99E-01,5.31E-02,3.15E-04,7.10E-01,9.80E-01,9.93E-01,,
7741,4,Egg_Measurement.txt,7.41E+04,6.55E-01,4.26E-01,6.23E-02,1.41E-04,7.84E-01,9.72E-01,9.84E-01,,
7741,5,Egg_Measurement.txt,6.72E+04,6.32E-01,4.00E-01,5.17E-02,6.41E-04,6.98E-01,9.43E-01,9.80E-01,,
7741,6,Egg_Measurement.txt,6.68E+04,6.04E-01,4.13E-01,5.38E-02,7.76E-05,7.06E-01,9.61E-01,9.90E-01,,
7741,7,Egg_Measurement.txt,7.10E+04,6.44E-01,4.25E-01,5.97E-02,5.62E-04,7.62E-01,9.95E-01,9.51E-01,,
7741,8,Egg_Measurement.txt,6.68E+04,6.36E-01,3.88E-01,4.95E-02,2.43E-04,6.80E-01,9.90E-01,9.75E-01,,
7741,9,Egg_Measurement.txt,7.28E+04,6.13E-01,4.44E-01,6.26E-02,3.35E-04,7.77E-01,9.87E-01,9.71E-01,,
7741,10,Egg_Shape_Cutout.txt,7.08E+04,6.38E-01,4.15E-01,5.59E-02,6.39E-04,7.32E-01,1.00E+00,1.00E+00,5.75E-02,
9943,1,,7.68E+04,6.80E-01,4.31E-01,6.59E-02,7.44E-05,8.16E-01,9.90E-01,9.26E-01,,
9943,2,,7.68E+04,6.76E-01,4.25E-01,6.46E-02,4.83E-05,8.06E-01,9.96E-01,9.96E-01,,
9943,3,,7.16E+04,6.79E-01,4.00E-01,5.55E-02,5.43E-04,7.39E-01,9.83E-01,9.73E-01,,
9943,4,Egg_Measurement.txt,7.16E+04,6.40E-01,4.15E-01,5.81E-02,1.67E-04,7.49E-01,9.92E-01,9.92E-01,,
9943,5,Egg_Measurement.txt,6.65E+04,6.56E-01,3.73E-01,4.65E-02,4.76E-04,6.60E-01,9.88E-01,9.91E-01,,
9943,6,Egg_Measurement.txt,8.02E+04,6.81E-01,4.32E-01,6.71E-02,1.20E-04,8.27E-01,9.87E-01,9.86E-01,,
9943,7,Egg_Measurement.txt,6.70E+04,6.26E-01,3.96E-01,5.08E-02,3.27E-04,6.88E-01,9.97E-01,9.77E-01,,
9943,8,Egg_Measurement.txt,7.28E+04,6.53E-01,4.13E-01,5.71E-02,6.62E-04,7.45E-01,9.81E-01,9.88E-01,,
9943,9,Egg_Measurement.txt,7.63E+04,6.45E-01,4.39E-01,6.47E-02,2.48E-04,8.00E-01,9.77E-01,9.90E-01,,
9943,10,Egg_Measurement.txt,7.91E+04,6.96E-01,4.21E-01,6.45E-02,8.64E-05,8.11E-01,9.98E-01,9.92E-01,5.95E-02,
9565,1,Egg_Measurement.txt,6.11E+04,6.76E-01,4.27E-01,6.38E-02,1.28E-04,8.00E-01,9.84E-01,9.99E-01,,"don’t use for repeatability, also this is one of Sienna's females"
9565,2,Egg_Measurement.txt,6.30E+04,6.80E-01,4.32E-01,6.66E-02,7.92E-08,8.21E-01,9.86E-01,9.77E-01,,"don’t use for repeatability, also this is one of Sienna's females"
9565,3,Egg_Measurement.txt,5.51E+04,5.94E-01,4.31E-01,5.71E-02,7.84E-06,7.29E-01,9.88E-01,9.70E-01,,"don’t use for repeatability, also this is one of Sienna's females"
9565,4,Egg_Measurement.txt,5.85E+04,6.31E-01,4.27E-01,6.05E-02,8.72E-05,7.65E-01,9.82E-01,9.91E-01,,"don’t use for repeatability, also this is one of Sienna's females"
9565,5,Egg_Measurement.txt,6.51E+04,7.12E-01,4.31E-01,6.86E-02,1.49E-04,8.45E-01,9.95E-01,9.69E-01,,"don’t use for repeatability, also this is one of Sienna's females"
9565,6,Egg_Measurement.txt,4.85E+04,5.60E-01,3.99E-01,4.67E-02,1.58E-04,6.40E-01,9.86E-01,9.89E-01,,"don’t use for repeatability, also this is one of Sienna's females"
9565,7,Egg_Measurement.txt,4.96E+04,5.57E-01,4.16E-01,4.98E-02,6.31E-05,6.64E-01,9.88E-01,9.99E-01,,"don’t use for repeatability, also this is one of Sienna's females"
9565,8,Egg_Measurement.txt,6.41E+04,6.61E-01,4.60E-01,7.30E-02,7.17E-06,8.63E-01,9.71E-01,9.96E-01,,"don’t use for repeatability, also this is one of Sienna's females"
9565,9,Egg_Measurement.txt,6.03E+04,6.58E-01,4.28E-01,6.27E-02,2.08E-04,7.87E-01,9.80E-01,9.77E-01,,"don’t use for repeatability, also this is one of Sienna's females"
9565,10,Egg_Measurement.txt,6.48E+04,6.79E-01,4.60E-01,7.34E-02,4.32E-04,8.70E-01,9.52E-01,9.94E-01,6.22E-02,"don’t use for repeatability, also this is one of Sienna's females"
7128,1,Egg_Measurement.txt,7.98E+04,6.96E-01,4.50E-01,7.16E-02,5.56E-05,8.60E-01,9.97E-01,9.85E-01,,
7128,2,Egg_Measurement.txt,6.51E+04,6.12E-01,4.16E-01,5.55E-02,1.03E-04,7.22E-01,9.94E-01,9.88E-01,,
7128,3,Egg_Measurement.txt,6.73E+04,6.07E-01,4.13E-01,5.41E-02,1.07E-04,7.10E-01,9.82E-01,9.81E-01,,
7128,4,Egg_Measurement.txt,8.78E+04,6.94E-01,4.74E-01,8.09E-02,2.70E-04,9.28E-01,9.94E-01,9.83E-01,,
7128,5,Egg_Measurement.txt,7.29E+04,6.73E-01,4.14E-01,5.99E-02,5.51E-04,7.73E-01,9.76E-01,9.77E-01,,
7128,6,Egg_Measurement.txt,8.41E+04,6.97E-01,4.31E-01,6.80E-02,7.52E-05,8.37E-01,9.94E-01,9.76E-01,,
7128,7,Egg_Measurement.txt,7.97E+04,6.81E-01,4.23E-01,6.35E-02,8.48E-05,7.99E-01,9.09E-01,9.65E-01,,
7128,8,Egg_Measurement.txt,7.73E+04,6.95E-01,4.27E-01,6.55E-02,2.80E-04,8.18E-01,9.48E-01,9.49E-01,,
7128,9,Egg_Measurement.txt,7.44E+04,6.67E-01,4.31E-01,6.44E-02,2.26E-04,8.03E-01,9.80E-01,9.92E-01,,
7128,10,Egg_Measurement.txt,7.48E+04,6.55E-01,4.30E-01,6.26E-02,3.81E-04,7.87E-01,9.81E-01,9.78E-01,6.46E-02,
5611,1,Egg_Measurement.txt,7.33E+04,6.21E-01,4.34E-01,6.12E-02,3.90E-07,7.67E-01,9.74E-01,9.78E-01,,
5611,2,Egg_Measurement.txt,6.92E+04,6.24E-01,4.08E-01,5.44E-02,2.92E-06,7.15E-01,9.62E-01,9.72E-01,,
5611,3,Egg_Measurement.txt,7.40E+04,6.25E-01,4.39E-01,6.29E-02,1.94E-05,7.81E-01,9.86E-01,9.94E-01,,
5611,4,Egg_Measurement.txt,7.17E+04,6.51E-01,4.15E-01,5.83E-02,2.49E-04,7.53E-01,9.71E-01,9.79E-01,,
5611,5,Egg_Measurement.txt,7.46E+04,6.52E-01,4.17E-01,5.96E-02,4.20E-05,7.63E-01,9.88E-01,9.61E-01,,
5611,6,Egg_Measurement.txt,7.29E+04,6.59E-01,4.13E-01,5.94E-02,2.06E-04,7.64E-01,9.81E-01,9.84E-01,,
5611,7,Egg_Measurement.txt,6.63E+04,6.19E-01,3.86E-01,4.80E-02,1.60E-04,6.63E-01,9.98E-01,9.38E-01,,
5611,8,Egg_Measurement.txt,6.96E+04,6.24E-01,4.09E-01,5.48E-02,1.48E-04,7.20E-01,9.39E-01,9.94E-01,,
5611,9,Egg_Measurement.txt,6.41E+04,6.22E-01,3.77E-01,4.61E-02,1.49E-04,6.48E-01,9.54E-01,9.85E-01,,
5611,10,Egg_Measurement.txt,6.80E+04,6.77E-01,3.69E-01,4.88E-02,1.54E-04,6.86E-01,9.76E-01,9.49E-01,5.54E-02,
3116,1,Egg_Measurement.txt,6.52E+04,5.56E-01,4.32E-01,5.43E-02,1.04E-05,7.01E-01,9.95E-01,9.93E-01,,
3116,2,Egg_Measurement.txt,7.25E+04,6.08E-01,4.45E-01,6.14E-02,8.69E-04,7.69E-01,9.76E-01,9.87E-01,,
3116,3,Egg_Measurement.txt,7.11E+04,5.94E-01,4.54E-01,6.26E-02,1.14E-04,7.72E-01,9.87E-01,9.97E-01,,
3116,4,Egg_Measurement.txt,7.10E+04,6.16E-01,4.37E-01,6.04E-02,5.44E-04,7.62E-01,9.83E-01,9.77E-01,,
3116,5,Egg_Measurement.txt,5.60E+04,5.42E-01,3.83E-01,4.20E-02,1.66E-05,5.96E-01,9.55E-01,9.75E-01,,
3116,6,Egg_Measurement.txt,6.42E+04,6.00E-01,4.08E-01,5.14E-02,3.68E-04,6.86E-01,9.49E-01,9.97E-01,,
3116,7,Egg_Measurement.txt,6.72E+04,5.71E-01,4.30E-01,5.49E-02,7.07E-05,7.08E-01,9.97E-01,1.00E+00,,
3116,8,Egg_Measurement.txt,6.50E+04,5.90E-01,4.01E-01,4.97E-02,1.55E-04,6.71E-01,9.85E-01,9.98E-01,,
3116,9,Egg_Measurement.txt,6.51E+04,5.92E-01,4.09E-01,5.06E-02,4.96E-04,6.79E-01,9.75E-01,9.95E-01,,
3116,10,Egg_Measurement.txt,6.80E+04,5.80E-01,4.17E-01,5.27E-02,3.02E-06,6.92E-01,9.93E-01,9.96E-01,5.40E-02,
7133,1,Egg_Measurement.txt,6.94E+04,6.47E-01,3.98E-01,5.27E-02,3.49E-04,7.08E-01,9.68E-01,9.89E-01,,
7133,2,Egg_Measurement.txt,7.03E+04,6.43E-01,4.06E-01,5.48E-02,2.71E-04,7.23E-01,9.95E-01,9.89E-01,,
7133,3,Egg_Measurement.txt,6.79E+04,6.76E-01,3.77E-01,4.94E-02,4.70E-04,6.89E-01,9.88E-01,9.97E-01,,
7133,4,Egg_Measurement.txt,6.69E+04,6.66E-01,3.87E-01,5.08E-02,6.14E-04,6.98E-01,9.51E-01,9.77E-01,,
7133,5,Egg_Measurement.txt,6.37E+04,6.30E-01,3.88E-01,4.86E-02,5.59E-04,6.71E-01,9.89E-01,9.18E-01,,
7133,6,Egg_Measurement.txt,7.26E+04,6.41E-01,4.19E-01,5.72E-02,6.68E-04,7.43E-01,9.74E-01,9.57E-01,5.23E-02,
1754,1,Egg_Measurement.txt,7.00E+04,6.14E-01,4.14E-01,5.51E-02,3.32E-05,7.18E-01,9.94E-01,9.56E-01,,
1754,2,Egg_Measurement.txt,6.91E+04,6.02E-01,4.23E-01,5.52E-02,6.81E-04,7.19E-01,9.72E-01,9.58E-01,,
1754,3,Egg_Measurement.txt,7.06E+04,6.34E-01,4.17E-01,5.72E-02,3.80E-04,7.41E-01,9.80E-01,9.69E-01,,
1754,4,Egg_Measurement.txt,7.35E+04,6.23E-01,4.34E-01,6.12E-02,3.26E-04,7.69E-01,9.75E-01,9.95E-01,,
1754,5,Egg_Measurement.txt,6.67E+04,6.00E-01,4.14E-01,5.36E-02,1.37E-04,7.04E-01,9.80E-01,9.77E-01,,
1754,6,Egg_Measurement.txt,6.76E+04,5.97E-01,4.25E-01,5.53E-02,7.09E-04,7.18E-01,9.65E-01,9.48E-01,,
1754,7,Egg_Measurement.txt,6.84E+04,6.17E-01,4.06E-01,5.32E-02,1.32E-04,7.05E-01,9.25E-01,9.91E-01,,
1754,8,Egg_Measurement.txt,6.17E+04,6.08E-01,3.70E-01,4.21E-02,8.46E-04,6.12E-01,9.53E-01,9.55E-01,,
1754,9,Egg_Measurement.txt,6.22E+04,6.03E-01,3.78E-01,4.45E-02,4.33E-04,6.31E-01,9.70E-01,9.80E-01,,
1754,10,Egg_Measurement.txt,6.92E+04,6.05E-01,4.14E-01,5.33E-02,6.00E-04,7.05E-01,9.73E-01,9.91E-01,5.28E-02,
6427,1,Egg_Measurement.txt,7.12E+04,6.49E-01,4.12E-01,5.71E-02,2.50E-04,7.43E-01,9.96E-01,9.71E-01,,
6427,2,Egg_Measurement.txt,7.03E+04,6.44E-01,4.11E-01,5.65E-02,2.54E-04,7.37E-01,9.43E-01,9.88E-01,,
6427,3,Egg_Measurement.txt,6.97E+04,6.47E-01,4.09E-01,5.56E-02,3.22E-04,7.31E-01,9.96E-01,9.83E-01,,
6427,4,Egg_Measurement.txt,7.07E+04,6.09E-01,4.24E-01,5.68E-02,6.14E-06,7.30E-01,9.90E-01,9.96E-01,,
6427,5,Egg_Measurement.txt,6.64E+04,6.21E-01,4.01E-01,5.13E-02,3.93E-04,6.91E-01,9.92E-01,9.78E-01,,
6427,6,Egg_Measurement.txt,7.01E+04,6.27E-01,4.16E-01,5.61E-02,2.87E-04,7.30E-01,9.89E-01,9.87E-01,,
6427,7,Egg_Measurement.txt,6.40E+04,6.37E-01,3.70E-01,4.57E-02,1.35E-04,6.48E-01,9.48E-01,9.79E-01,,
6427,8,Egg_Measurement.txt,6.68E+04,6.28E-01,3.96E-01,5.06E-02,4.73E-04,6.87E-01,9.86E-01,9.50E-01,,
6427,9,Egg_Measurement.txt,6.97E+04,6.05E-01,4.16E-01,5.44E-02,3.00E-04,7.12E-01,9.83E-01,9.55E-01,,
6427,10,Egg_Measurement.txt,6.80E+04,6.15E-01,4.08E-01,5.37E-02,7.95E-06,7.07E-01,9.70E-01,9.84E-01,5.38E-02,
8830,1,,8.25E+04,6.61E-01,4.02E-01,5.70E-02,4.41E-05,7.46E-01,9.82E-01,9.82E-01,,
8830,2,,9.52E+04,6.71E-01,4.71E-01,7.67E-02,4.55E-04,8.94E-01,9.82E-01,9.96E-01,,
8830,3,,8.93E+04,6.22E-01,4.71E-01,7.12E-02,4.38E-04,8.43E-01,9.96E-01,9.99E-01,,
8830,4,,8.82E+04,6.48E-01,4.39E-01,6.59E-02,7.82E-05,8.10E-01,9.91E-01,9.98E-01,,
8830,5,,8.41E+04,5.89E-01,4.68E-01,6.51E-02,1.23E-04,7.90E-01,9.99E-01,9.87E-01,,
8830,6,,9.14E+04,6.53E-01,4.57E-01,7.06E-02,2.30E-04,8.45E-01,9.99E-01,9.99E-01,,
8830,7,,8.66E+04,6.40E-01,4.33E-01,6.26E-02,1.57E-04,7.83E-01,9.75E-01,9.76E-01,,
8830,8,Egg_Measurement.txt,9.11E+04,6.48E-01,4.65E-01,7.33E-02,1.30E-04,8.63E-01,9.99E-01,9.92E-01,,
8830,9,Egg_Measurement.txt,7.63E+04,6.24E-01,3.99E-01,5.18E-02,1.34E-04,6.95E-01,9.43E-01,9.75E-01,,
8830,10,Egg_Measurement.txt,8.95E+04,6.54E-01,4.44E-01,6.71E-02,1.04E-04,8.19E-01,9.94E-01,9.41E-01,6.61E-02,
4782,1,Egg_Measurement.txt,9.08E+04,6.88E-01,4.33E-01,6.73E-02,1.23E-04,8.29E-01,9.61E-01,9.72E-01,,
4782,2,Egg_Measurement.txt,9.24E+04,7.08E-01,4.34E-01,6.96E-02,8.07E-05,8.51E-01,9.80E-01,9.93E-01,,
4782,3,Egg_Measurement.txt,8.88E+04,7.07E-01,4.21E-01,6.44E-02,3.23E-04,8.13E-01,9.97E-01,9.53E-01,,
4782,4,Egg_Measurement.txt,9.43E+04,6.95E-01,4.41E-01,7.24E-02,8.15E-05,8.70E-01,9.89E-01,9.95E-01,,
4782,5,Egg_Measurement.txt,8.56E+04,6.85E-01,4.22E-01,6.11E-02,6.89E-04,7.83E-01,9.95E-01,9.81E-01,,
4782,6,Egg_Measurement.txt,8.93E+04,6.95E-01,4.27E-01,6.56E-02,3.50E-04,8.19E-01,9.58E-01,9.83E-01,,
4782,7,Egg_Measurement.txt,9.76E+04,6.91E-01,4.72E-01,7.90E-02,4.72E-04,9.15E-01,9.87E-01,9.87E-01,,
4782,8,Egg_Measurement.txt,9.07E+04,6.66E-01,4.46E-01,6.98E-02,3.75E-05,8.42E-01,9.85E-01,9.92E-01,,
4782,9,Egg_Measurement.txt,8.64E+04,6.69E-01,4.25E-01,6.34E-02,7.23E-05,7.95E-01,9.56E-01,9.98E-01,,
4782,10,Egg_Measurement.txt,1.05E+05,7.09E-01,4.98E-01,9.23E-02,5.69E-06,1.01E+00,9.90E-01,9.98E-01,7.05E-02,
