pupal_treatment,emergence_date,sex,adultID,weight,mateID,treatment_combination,clutchID,notes,age,age_at_photo,uploaded,dead,green_eggs,orange_eggs,clutch_size,eggs_photographed,clutch_code,cg,prev_tray,new_tray,
cool,11/3/2025,F,HOT.WTH.33_P1_C,0.0431,,,H.C.1,dead,DONE,10,yes,yes_RM,,,,,,,,,
cool,11/5/2025,M,F5.COOL.CTRL_P2_C,,CTRL.WTH.16_P3_C,,A.C.55,,DONE,N/A,,rm,,,,,,,,,
mean,11/7/2025,F,CTRL.WTH.42_P3_M,0.0279,CTRL.WTH.44_P8_M,,A.M.2,,DONE,6,yes,,0,210,210,DONE,3510,Y,1A15,3E12,
cool,11/7/2025,F,HOT.WTH.44_P5_C,0.0269,HOT.WTH.88_P2_C,,H.C.3,,DONE,6,yes,,7,206,213,DONE,3462,Y,3A14,3A11,
cool,11/9/2025,M,F2.MEAN.CTRL_P2_C,,F3.CTRL.CTRL_P1_C,,A.A.C.54,wing close wait to freeze,DONE,8,NO,,,,,,,,,,
mean,11/9/2025,M,CTRL.WTH.44_P8_M,0.0165,CTRL.WTH.42_P3_M,,A.M.2,wing close wait to freeze,DONE,?,yes,,,,,,,,,,
mean,11/9/2025,M,CTRL.WTH.15_P5_M,0.0172,CTRL.WTH.1_P6_W,,,,DONE,9,yes,,,,,,,,,,
warm,11/9/2025,F,CTRL.WTH.60_P3_W,0.0205,CTRL.WTH.1_P6_W,,A.W.4,,DONE,9,yes,,51,9,60,DONE,9717,,,,second image only has 9 eggs because the rest were green and too shrivelled to photograph
mean,11/11/2025,F,WARM.WTH.1_P2_M,0.0301,WARM.WTH.41_P2,,W.M.5,,DONE,7,yes,,0,245,245,DONE,3985,Y,1A2,3A13,
warm,11/11/2025,F,CTRL.WTH.42_P7_W,0.0297,CTRL.WTH.44_P5_W,,A.W.6,,DONE,7,yes,,20,15,35,DONE,2841,,,,
cool,11/11/2025,F,CTRL.WTH.158_P3_C,0.023,CTRL.WTH.39_P2_C,,A.C.7,,DONE,7,yes,,0,0,0,,,,,,
cool,11/11/2025,M,HOT.WTH.88_P2_C,,HOT.WTH.44_P5_C,,H.C.3,,DONE,7,yes,,,,,,,,,,
cool,11/11/2025,M,CTRL.WTH.39_P2_C,,CTRL.WTH.158_P3_C,,A.C.7,,DONE,7,yes,,,,,,,,,,
ambient,11/13/2025,F,HOT.WTH.15_P4_A,0.0313,HOT.WTH.25_P2_A,,H.A.8,,DONE,6,yes,,0,36,36,DONE,4370,Y,5B1,1C3,
ambient,11/13/2025,F,HOT.WTH.60_P3_A,0.0256,HOT.WTH.53_P3_A,,H.A.9,,DONE,6,yes,,37,71,108,DONE,5760,Y,5A1,4C7,
mean,11/13/2025,F,F4.COOL.HOT_P3_M,0.0267,HOT.WTH.48_P2_M,,C.H.M.10,,DONE,6,yes,,6,159,165,,,Y,1C16,4E16,
mean,11/13/2025,F,CTRL.WTH.44_P7_M,0.026,CTRL.WTH.15_P5_M,,A.M.11,,DONE,6,yes,,13,0,13,DONE,7745,,,,
mean,11/13/2025,M,F4.COOL.CTRL_P3_M,,F1.CTRL.CTRL_P5_M,,A.A.M.28,,DONE,19,yes,,,,,,,,,,
mean,11/13/2025,M,CTRL.WTH.38_P4_M,,CTRL.WTH.60_P2_M,,A.M.17,,96,,,,,,,,,,,,
mean,11/13/2025,M,CTRL.WTH.17_P2_M,,CTRL.WTH.43_P2_M,,A.M.35,,DONE,14,yes,,,,,,,,,,
mean,11/13/2025,M,CTRL.WTH.16_P2_M,,CTRL.WTH.152_P5_M,,A.M.33,,DONE,19,yes,,,,,,,,,,
mean,11/13/2025,M,HOT.WTH.78_P1_M,,HOT.WTH.26_P2_M,,H.M.15,,DONE,6,yes,,,,,,,,,,
warm,11/13/2025,F,CTRL.WTH.16_P4_W,0.0244,CTRL.WTH.43_P3_W,,A.W.12,,DONE,6,yes,,11,0,11,DONE,3756,,,,too shrivelled to take a second image
warm,11/13/2025,M,CTRL.WTH.1_P6_W,,CTRL.WTH.60_P3_W,,A.W.4,,DONE,6,yes,,,,,,,,,,
cool,11/13/2025,F,F1.COOL.WARM_P8_C,0.0271,WARM.WTH.117_P5,,C.W.C.13,,DONE,6,yes,,0,67,67,,,Y,3B1,2E10,
cool,11/13/2025,M,WARM.WTH.117_P5,,F1.COOL.WARM_P8_C,,C.W.C.13,,DONE,6,yes,,,,,,,,,,
cool,11/13/2025,M,F1.COOL.CTRL_P2_C,,CTRL.WTH.48_P3_C,,A.C.78,,DONE,6,yes,,61,64,125,,?,Y,5B5,,
cool,11/13/2025,M,CTRL.WTH.44_P2_C,,CTRL.WTH.60_P4,,,,DONE,14,yes,,,,,,,,,,
cool,11/13/2025,M,CTRL.WTH.50_P5_C,,CTRL.WTH.44_P1_C,,A.C.18,,DONE,6,yes,,,,,,,,,,
cool,11/13/2025,M,HOT.WTH.23_P7_C,,HOT.WTH.102_P6_C,,H.C.19,,DONE,6,yes,,,,,,,,,,
warm,11/15/2025,M,HOT.WTH.84_P2_W,,HOT.WTH.86_P1_W,,H.W.25,wing closed ,94,,,,,,,,,,,,
mean,11/15/2025,F,F1.CTRL.HOT_P7_M,0.0345,HOT.WTH.60_P2_M,,A.H.M.14,,DONE,6,NO,,0,257,257,,,Y,1C12,1A13,
mean,11/15/2025,F,HOT.WTH.26_P2_M,0.0326,HOT.WTH.78_P1_M,,H.M.15,,DONE,4,yes,,0,199,199,DONE,6106,Y,5B6,2C8,
mean,11/15/2025,F,F1.WARM.CTRL_P1_M,0.026,CTRL.WTH.25_P4_M,,W.A.M.16,,DONE,6,yes,,1,81,82,,,Y,1C11,3C7,
mean,11/15/2025,F,CTRL.WTH.60_P2_M,0.0373,CTRL.WTH.38_P4_M,,A.M.17,,DONE,6,yes,,2,221,223,DONE,3887,Y,1A10,1C9,
hot,11/15/2025,M,CTRL.WTH.1_P9_H,,CTRL.WTH.60_P6_H,,A.H.23,,DONE,6,yes,,,,,,,,,,
cool,11/15/2025,F,CTRL.WTH.44_P1_C,0.0254,CTRL.WTH.50_P5_C,,A.C.18,,DONE,6,yes,,1,3,4,DONE,7169,,,,
cool,11/15/2025,F,HOT.WTH.102_P6_C,0.0485,HOT.WTH.23_P7_C,,H.C.19,,DONE,6,yes,,22,229,251,DONE,3566,Y,3A1,6A6,
cool,11/15/2025,F,F1.CTRL.CTRL_P6_C,0.0367,F2.WARM.CTRL_P2_C,,A.A.C.20,,DONE,6,yes,,4,29,33,,,,,,
cool,11/15/2025,M,HOT.WTH.42_P5_C,,,HC,,wing closed// dead 19/12,DONE,12,yes,dead,,,,,,,,,
cool,11/15/2025,M,F1.WARM.HOT_P8_C,,F4.WARM.HOT_P1,,W.H.C.43,wing closed ,DONE,17,yes,,,,,,,,,,
cool,11/15/2025,M,HOT.WTH.22_P9_c,,HOT.WTH.110_P3_C,,H.C.89,wing closed ,DONE,12,yes,,,,,,,,,,
cool,11/15/2025,M,F2.WARM.CTRL_P2_C,,F1.CTRL.CTRL_P6_C,,A.A.C.20,,DONE,6,yes,,,,,,,,,,
cool,11/15/2025,M,F5.CTRL.HOT_P3_C,,F2.COOL.HOT_P1_C,,C.H.C.278,wing closed ,DONE,12,yes,,,,,,,,,,
cool,11/15/2025,M,HOT.WTH.157_P4_C,,HOT.WTH.25_P5_C,,H.C.42,wing closed ,DONE,17,yes,,,,,,,,,,
cool,11/15/2025,M,CTRL.WTH.13_P6_C,,CTRL.WTH.164_P4_C,,A.C.31,,DONE,6,yes,,,,,,,,,,
ambient,11/15/2025,F,WARM.WTH.44_P1_A,0.0375,WARM.WTH.1_P4_C,,W.A.21,,DONE,6,yes,,38,0,38,DONE,3979,,,,
ambient,11/15/2025,F,CTRL.WTH.94_P2_A,0.0324,CTRL.WTH.44_P6_A,,C.A.22,,DONE,6,yes,,2,47,49,DONE,2613,Y,4E14,1A15,
ambient,11/15/2025,M,CTRL.WTH.50_P4_A,,CTRL.WTH.60_P5_A,,A.A.57,,DONE,6,yes,,,,,,,,,,
ambient,11/15/2025,M,CTRL.WTH.44_P6_A,,CTRL.WTH.94_P2_C,,A.A.22,"wing closed, other side of paper",DONE,10,yes,,,,,,,,,,
ambient,11/15/2025,M,WARM.WTH.1_P4_C,,WARM.WTH.44_P1_C,,W.A.21,wing closed ,DONE,10,yes,,,,,,,,,,
cool,11/17/2025,M,WARM.WTH.104_P4_C,,F1.CTRL.WARM_P6_C,,A.W.C.32,male too active ,DONE,10,yes,,,,,,,,,,
hot,11/17/2025,F,CTRL.WTH.60_P6_H,0.0223,CTRL.WTH.60_P6_H,,A.H.23,,DONE,8,yes,,8,160,168,DONE,1554,Y,2F1,1C1,
hot,11/17/2025,F,F1.WARM.CTRL_P5_H,0.018,,WAH,W.A.H.24,dead,DONE,8,yes,dead,,,,,,,,,
warm,11/17/2025,F,HOT.WTH.86_P1_W,0.0401,HOT.WTH.84_P2_W,,H.W.25,,DONE,8,yes,,2,185,187,DONE,5468,Y,4D7,5A9,
warm,11/17/2025,F,F1.CTRL.HOT_P8_W,0.0357,HOT.WTH.17_P7_W,,A.H.W.26,,DONE,8,yes,,2,207,209,,,Y,4B4,3E11,
warm,11/17/2025,F,WARM.WTH.37_P2_W,0.037,WARM.WTH.78_P5_W,,W.W.27,,DONE,10,yes,,0,226,226,DONE,8788,Y,4D4,5A11,
warm,11/17/2025,M,HOT.WTH.17_P7_W,,F1.CTRL.HOT_P8_W,,A.H.W.26,,DONE,10,yes,,,,,,,,,,
mean,11/17/2025,F,F1.CTRL.CTRL_P5_M,0.0245,F4.COOL.CTRL_P3_M,,A.A.M.28,,DONE,10,yes,,6,204,210,,,Y,1B9,3E3,
mean,11/17/2025,M,HOT.WTH.48_P2_M,,F4.COOL.HOT_P3_M,,C.H.M.10,,DONE,10,yes,,,,,,,,,,
mean,11/17/2025,M,CTRL.WTH.25_P4_M,,F1.WARM.CTRL_P1_M,,W.A.M.16,,DONE,10,yes,,,,,,,,,,
mean,11/17/2025,M,CTRL.WTH.121_P4_M,,CTRL.WTH.53_P4_MAM,,A.M.178,,DONE,10,yes,,,,,,,,,,
mean,11/17/2025,M,HOT.WTH.60_P2_M,,F1.CTRL.HOT_P7_M,,A.H.M.14,,DONE,10,yes,,,,,,,,,,
mean,11/17/2025,M,WARM.WTH.41_P2_M,,WARM.WTH.1_P2_M,,W.M.5,,92,,,,,,,,,,,,
ambient,11/17/2025,F,HOT.WTH.152_P3_A,0.0282,HOT.WTH.48_P1_A,,H.A.29,,DONE,8,yes,,12,159,171,DONE,2046,Y,5A13,5A4,
ambient,11/17/2025,F,HOT.WTH.117_P1_A,0.0296,F6.MEAN.HOT_P3_A,,H.A.30,,DONE,8,yes,,35,176,211,DONE,8066,Y,5A2,2E15,
ambient,11/17/2025,M,CTRL.WTH.1_P5_A,,CTRL.WTH.151_P2_A,,A.A.83,libby_remating,DONE,8,yes,,,,,,,,,,
cool,11/19/2025,F,F1.CTRL.WARM_P6_C,0.0185,WARM.WTH.104_P4_C,,A.W.C.32,,DONE,8,yes,,55,0,55,,,,,,
cool,11/19/2025,F,CTRL.WTH.164_P4_C,0.025,CTRL.WTH.13_P6_C,,A.C.31,,DONE,8,yes,,153,27,180,DONE,4003,,,,
cool,11/19/2025,M,F5.CTRL.HOT_P15_C,,HOT.WTH.96_P6_C,,H.C.349,,DONE,8,yes,,,,,,,,,,
cool,11/19/2025,M,HOT.WTH.106_P6_C,,HOT.WTH.92_P1_C,,H.C.77,,DONE,8,yes,,,,,,,,,,
mean,11/19/2025,F,CTRL.WTH.152_P5_M,0.0212,CTRL.WTH.16_P2_M,,A.M.33,,DONE,13,yes,,3,173,176,DONE,4206,Y,1G7,3C14,
mean,11/19/2025,F,F2.WARM.HOT_P7_M,0.0248,HOT.WTH.41_P2_M,,W.H.M.34,,DONE,8,yes,,13,158,171,,,Y,1C10,4E1,
mean,11/19/2025,F,CTRL.WTH.43_P2_M,0.0343,CTRL.WTH.17_P2_M,,A.M.35,,DONE,8,yes,,0,42,42,DONE,8988,Y,1D8,2A6,
mean,11/19/2025,M,HOT.WTH.41_P2_M,,F2.WARM.HOT_P7_M,,W.H.M.34,,DONE,8,yes,,,,,,,,,,
mean,11/19/2025,M,CTRL.WTH.78_P4_M,,CTRL.WTH.148_P5_M,,A.M.106,,DONE,8,yes,,,,,,,,,,
mean,11/19/2025,M,CTRL.WTH.104_P3_M,,CTRL.WTH.117_P4_M,,A.M.36,,DONE,8,yes,,,,,,,,,,
mean,11/19/2025,M,CTRL.WTH.48_P1_M,,CTRL.WTH.170_P6_M,,A.M.37,,90,,,,,,,,,,,,
mean,11/19/2025,M,F1.COOL.WARM_P3_M,,F4.COOL.WARM_P2_M,,C.W.M.206,,DONE,8,yes,,,,,,,,,,
mean,11/19/2025,M,HOT.WTH.78_P2_M,,HOT.WTH.96_P3_M,,H.M.63,,DONE,8,yes,,,,,,,11111,,,
mean,11/19/2025,M,CTRL.WTH.42_P8_M,,CTRL.WTH.22_P2_M,,A.M.64,,DONE,13,yes,,,,,,,,,,
mean,11/21/2025,M,F2.WARM.CTRL_P4_M,,F5.CTRL.CTRL_P2_M,,A.A.M.268,deformed wings,DONE,11,yes,,,,,,,,,,
mean,11/21/2025,M,CTRL.WTH.111_P3_M,,CTRL.WTH.152_P1_M,,A.M.104,,DONE,11,yes,,,,,,,,,,
mean,11/21/2025,M,HOT.WTH.29_P3_M,,HOT.WTH.25_P4_M,,H.M.100,,DONE,11,yes,,,,,,,,,,
mean,11/21/2025,F,CTRL.WTH.53_P4_M,0.0338,CTRL.WTH.121_P4_M,,A.M.178,,DONE,6,yes,,8,294,302,DONE,5236,Y,1D12,1E11,
mean,11/21/2025,M,WARM.WTH.43_P6_M,,WARM.WTH.164_P4_M,,W.M.38,,DONE,11,yes,,,,,,,,,,
mean,11/21/2025,M,HOT.WTH.37_P2,,HOT.WTH.41_P7_M,,H.M.69,,DONE,11,yes,,,,,,,,,,
mean,11/21/2025,F,CTRL.WTH.117_P4_M,0.0309,CTRL.WTH.104_P3_M,,A.M.36,,DONE,11,yes,,0,304,304,DONE,4994,Y,done,,
mean,11/21/2025,M,F1.HOT.HOT_P4_M,,HOT.WTH.168_P5_M,,H.M.259,,DONE,11,yes,,,,,,,,,,
mean,11/21/2025,F,CTRL.WTH.170_P6_M,0.0231,CTRL.WTH.48_P1_M,,A.M.37,,88,,,,90,79,169,DONE,9357,Y,1D7,2E16,
mean,11/21/2025,F,WARM.WTH.164_P4_M,0.0242,WARM.WTH.43_P6_M,,W.M.38,,DONE,11,yes,,76,6,82,DONE,1216,,,,
mean,11/21/2025,M,F1.COOL.CTRL_P4_M,,F7.COOL.CTRL_P1_M,,C.A.M.70,,DONE,11,yes,,,,,,,,,,
mean,11/21/2025,F,F1.COOL.CTRL_P4_M,0.0373,F3.CTRL.CTRL_P4_M,,C.A.M.39,,DONE,11,yes,,82,0,82,,,,,,
cool,11/21/2025,F,CTRL.WTH.60_P4_C,0.0265,CTRL.WTH.44_P2_C,,A.C.40,,DONE,6,yes,,12,228,240,DONE,1293,Y,3A11,3A1,
cool,11/21/2025,F,WARM.WTH.44_P3_C,0.0333,WARM.WTH.42_P4_C,,W.C.41,,DONE,11,yes,,0,31,31,DONE,9156,Y,3B4,,
cool,11/21/2025,M,WARM.WTH.42_P4_C,,WARM.WTH.44_P3_C,,W.C.41,,DONE,11,yes,,,,,,,,,,
cool,11/21/2025,F,HOT.WTH.25_P5_C,0.0305,HOT.WTH.157_P4_C,,H.C.42,,DONE,11,yes,,16,162,178,DONE,7215,Y,3A6,1A14,
cool,11/21/2025,F,F4.WARM.HOT_P1_C,0.0434,F1.WARM.HOT_P8_C,,W.H.C.43,,DONE,11,yes,,51,283,334,,,Y,3C1,,
cool,11/21/2025,F,CTRL.WTH.29_P5_C,0.0291,CTRL.WTH.114_P2_C,,A.C.44,,DONE,11,yes,,18,136,154,DONE,9468,Y,3A8,1E12,
cool,11/21/2025,M,CTRL.WTH.114_P2_C,,CTRL.WTH.29_P5_C,,A.C.44,,DONE,11,yes,,,,,,,,,,
cool,11/21/2025,M,F1.HOT.HOT_P7_C,,F5.CTRL.HOT_P7_C,,A.H.C.73,,DONE,6,yes,,,,,,,,,,
cool,11/21/2025,M,HOT.WTH.106_P1_C,,HOT.WTH.114_P2_C,,H.C.86,,DONE,18,,,,,,,,,,,
cool,11/21/2025,M,CTRL.WTH.89_P1_C,,CTRL.WTH.89_P1_C,,A.C.56,,DONE,11,yes,,,,,,,,,,
cool,11/21/2025,M,HOT.WTH.96_P9_C,,HOT.WTH.94_P1_C,,H.C.277,,DONE,11,yes,,,,,,,,,,
hot,11/21/2025,F,HOT.WTH.33_P2_H,0.0256,HOT.WTH.117_P2_H,,H.H.46,,DONE,11,yes,,0,0,0,,6966,,,,
ambient,11/21/2025,F,MEAN.WTH.39_P1_A,0.0058,MEAN.WTH.88_P2_A,,M.A.47,,DONE,11,yes,,0,0,0,,8815,,,,
warm,11/21/2025,F,HOT.WTH.16_P5_W,0.0361,HOT.WTH.158_P2_W,,H.W.48,,DONE,11,yes,,3,244,247,DONE,9779,Y,4C16,1E3,
warm,11/21/2025,M,F1.COOL.HOT_P1_W,,F4.COOL.HOT_P2_W,,C.H.W.73,,DONE,11,yes,,,,,,,,,,
warm,11/21/2025,F,HOT.WTH.43_P6_W,0.0284,HOT.WTH.29_P4,,H.W.49,,DONE,11,yes,,10,0,10,DONE,2598,,,,
warm,11/21/2025,F,MEAN.WTH.43_P7_W,0.0093,F2.MEAN.MEAN_P1_W,,M.W.50,,DONE,11,yes,,1,24,25,DONE,2385,,,,
warm,11/21/2025,M,F1.WARM.HOT_P6_W,,HOT.WTH.86_P8_W,,H.W.74,,DONE,11,yes,,,,,,,,,,
warm,11/21/2025,F,CTRL.WTH.170_P4_W,0.0262,CTRL.WTH.117_P3_W,,A.W.51,,DONE,6,yes,,0,245,245,DONE,1040,Y,4D2,2C14,
warm,11/23/2025,M,CTRL.WTH.44_P5_W,,CTRL.WTH.42_P7_W,,A.W.6,,DONE,9,yes,,,,,,,,,,
warm,11/23/2025,M,F2.MEAN.MEAN_P1_W,,MEAN.WTH.43_P7,,M.W.50,,DONE,9,yes,,,,,,,,,,
warm,11/23/2025,F,CTRL.WTH_P8_W,0.0273,F1.HOT.CTRL_P8_W,,A.W.52,,DONE,9,yes,,3,87,90,DONE,9507,Y,4C14,4E15,
warm,11/23/2025,F,F1_CTRL.HOT_P1_W,0.0254,HOT.WTH.123_P4,,A.H.W.53,,DONE,9,yes,,4,83,87,,,Y,4C2,3C5,
warm,11/23/2025,M,F1.CTRL.WARM_P3_W,,CTRL.WTH.88_P1_W,,A.W.76,,DONE,9,yes,,,,,,,,,,
cool,11/23/2025,F,F3.CTRL.CTRL_P1_C,0.0274,F2.MEAN.CTRL_P2_C,,A.A.C.54,,DONE,9,yes,,0,228,228,,,Y,3B6,4A5,
cool,11/23/2025,F,CTRL.WTH.16_P3_C,0.0341,F5.COOL.CTRL_P2_C,,A.C.55,,DONE,9,yes,,83,0,83,DONE,5705,N,,,
cool,11/23/2025,F,CTRL.WTH.49_P2_C,0.0323,CTRL.WTH.89_P1_C,,A.C.56,,DONE,9,yes,,28,249,277,DONE,3906,Y,3B15,3E7,
cool,11/23/2025,M,HOT.WTH.98_P4_C,,HOT.WTH.151_P1_C,,H.C.116,,DONE,9,yes,,,,,,,,,,
cool,11/23/2025,M,HOT.WTH.123_P3_C,,HOT.WTH.153_P1_C,,H.C.118,,DONE,9,yes,,,,,,,,,,
cool,11/23/2025,M,HOT.WTH.86_P2_C,,HOT.WTH.158_P3_C,,H.C.88,,DONE,16,,,,,,,,,,,
cool,11/23/2025,M,CTRL.WTH.92_P3_C,,CTRL.WTH.42_P6_C,,A.C.117,,DONE,9,yes,,,,,,,,,,
cool,11/23/2025,M,WARM.WTH.88_P1_C,,WARM.WTH.37_P4_C,,W.C.80,,DONE,9,yes,,,,,, ,,,,
cool,11/23/2025,M,CTRL.WTH.110_P1_C,,CTRL.WTH.1_P1_C,,A.C.121,,DONE,9,yes,,,,,,,,,,
ambient,11/23/2025,F,F4.COOL.CTRL_P3_A,0.041,CTRL.WTH.111_P2_A,,C.A.A.60,libby_remating,86,,,,1,360,361,,,Y,5A3,3E8,
ambient,11/23/2025,F,CTRL.WTH.60_P5_A,0.0248,CTRL.WTH.50_P4_A,,A.A.57,,DONE,9,yes,,5,111,116,DONE,8390,Y,4E15,2E1,
ambient,11/23/2025,F,WARM.WTH.152_P2_A,0.0172,WARM.WTH.43_P5_A,,W.A.58,,DONE,9,yes,,6,96,102,DONE,7671,Y,5A7,5A2,
ambient,11/23/2025,F,HOT.WTH.16_P1_A,0.0295,HOT.WTH.29_P5_A,,H.A.59,,DONE,9,yes,,0,53,53,DONE,8283,Y,5A16,1A1,
ambient,11/23/2025,M,HOT.WTH.29_P5_A,,HOT.WTH.16_P1_A,,H.A.59,,DONE,9,yes,,,,,,,,,,
ambient,11/23/2025,M,HOT.WTH.25_P2_A,,HOT.WTH.15_P4_A,,H.A.8,,DONE,9,yes,,,,,,,,,,
ambient,11/23/2025,M,CTRL.WTH.39_P1_A,,CTRL.WTH.22_P8_A,,A.A.81,libby_remating,DONE,9,yes,,,,,,,,,,
ambient,11/23/2025,M,CTRL.WTH.25_P6_A,,CTRL.WTH.64_P3_A,,A.A.97,libby_remating,DONE,9,yes,,,,,,,,,,
ambient,11/23/2025,M,HOT.WTH.53_P3_A,,HOT.WTH.60_P3_A,,H.A.9,,DONE,9,yes,,,,,,,,,,
ambient,11/23/2025,M,F6.MEAN.HOT_P3,,HOT.WTH.117_P1_A,,H.A.30,,DONE,2,yes,,,,,,,,,,
ambient,11/23/2025,M,CTRL.WTH.150_P3_A,,CTRL.WTH.13_P5_A,,A.A.142,libby_remating,DONE,9,yes,,,,,,,,,,
ambient,11/23/2025,M,HOT.WTH.48_P1_A,,HOT.WTH.152_P3_A,,H.A.29,,DONE,9,yes,,,,,,,,,,
ambient,11/23/2025,M,HOT.WTH.151_P4_A,,HOT.WTH.15_P1_A,,H.A.82,,DONE,9,yes,,,,,,,,,,
mean,11/23/2025,F,WARM.WTH.48_P1_M,0.0245,WARM.WTH.39_P2_M,,W.M.60,,DONE,9,yes,,54,22,76,DONE,3503,,,,
mean,11/23/2025,M,WARM.WTH.39_P2_M,,WARM.WTH.48_P1_M,,W.M.60,,DONE,9,yes,,,,,,,,,,
mean,11/23/2025,F,WARM.WTH.110_P2_M,0.0237,WARM.WTH.78_P4_M,,W.M.61,,DONE,9,yes,,0,81,81,DONE,7741,Y,1D9,1C10,
mean,11/23/2025,M,WARM.WTH.78_P4_M,,WARM.WTH.110_P2_A,,W.M.61,,DONE,9,yes,,,,,,,,,,
mean,11/23/2025,F,WARM.WTH.23_P4_M,0.0273,WARM.WTH.96_P3_M,,W.M.62,,DONE,9,yes,,3,146,149,DONE,9943,Y,1C13,3C2,
mean,11/23/2025,M,WARM.WTH.96_P3_M,,WARM.WTH.23_P4_M,,W.M.62,,DONE,9,yes,,,,,,,,,,
mean,11/23/2025,F,HOT.WTH.96_P3_M,0.0232,HOT.WTH.78_P2_M,,H.M.63,,DONE,4,yes,,2,11,13,DONE,3377,,,,
mean,11/23/2025,F,CTRL.WTH.22_P2_M,0.0224,CTRL.WTH.42_P8_M,,A.M.64,,DONE,9,yes,,3,110,113,DONE,5043,Y,1C9,1E10,
mean,11/23/2025,M,HOT.WTH.150_P2_M,,HOT.WTH.111_P1_M,,H.M.103,,DONE,9,yes,,,,,,,,,,
mean,11/23/2025,M,HOT.WTH.38_P1_M,,HOT.WTH.123_P2_M,,H.M.172,,DONE,16,,,,,,,,,,,
mean,11/23/2025,M,HOT.WTH.64_P6_M,,HOT.WTH.153_P7_M,,H.M.168,,DONE,9,yes,,,,,,,,,,
mean,11/23/2025,M,HOT.WTH.152_P2_M,,HOT.BLG.15_P3_M,,H.M.109,,DONE,9,yes,,,,,,,,,,
mean,11/23/2025,M,WARM.WTH.43_P8_M,,WARM.WTH.78_P2_M,,W.M.68,deformed wings,DONE,9,yes,,,,,,,,,,
mean,11/23/2025,M,F2.HOT.HOT_P3_M,,HOT.WTH.114_P10_M,,H.M.265,,DONE,9,yes,,,,,,,,,,
mean,11/23/2025,M,WARM.WTH.41_P1_M,,WARM.WTH.117_P3_M,,W.M.71,,DONE,9,yes,,,,,,,,,,
mean,11/23/2025,M,HOT.WTH.117_P3_M,,HOT.WTH.43_P4_M,,H.M.107,,DONE,9,yes,,,,,,,,,,
hot,11/23/2025,F,CTRL.WTH.78_P1_H,0.025,CTRL.WTH.113_P1_H,,A.H.65,,DONE,9,yes,,16,0,16,DONE,4936,,,,
hot,11/23/2025,M,CTRL.WTH.113_P1_H,,CTRL.WTH.78_P1_H,,A.H.65,,DONE,9,yes,,,,,,,,,,
hot,11/25/2025,F,F3.CTRL.CTRL_P2_H,0.0231,CTRL.WTH.16_P1_H,,A.H.66,,DONE,7,,,3,84,87,DONE,9565,Y,2 E8,4C2,
hot,11/25/2025,F,HOT.WTH.17_P1_H,0.0224,HOT.WTH.15_P3_H,,H.H.67,,DONE,7,,,0,22,22,DONE,5088,,,,
hot,11/25/2025,M,HOT.WTH.117_P2_H,,HOT.WTH.33_P2_H,,H.H.46,,DONE,7,,,,,,,,,,,
hot,11/25/2025,M,CTRL.WTH.16_P1_H,,F3.CTRL.CTRL_P2_H,,A.H.66,,DONE,7,,,,,,,,,,,
hot,11/25/2025,M,HOT.WTH.15_P3_H,,HOT.WTH.17_P1_H,,H.H.67,,DONE,7,,,,,,,,,,,
mean,11/25/2025,M,F3.CTRL.CTRL_P4_M,,F1.COOL.CTRL_P4_M,,C.A.M.39,,DONE,7,,,,,,,,,,,
mean,11/25/2025,M,CTRL.WTH.127_P2_M,,CTRL.WTH.89_P3_M,,A.M.255,,DONE,22,,,,,,,,,,,
mean,11/25/2025,M,HOT.WTH.70_P2_M,,HOT.WTH.148_P6_M,,H.M.101,,DONE,7,,,,,,,,,,,
mean,11/25/2025,M,F2.MEAN.CTRL_P3_M,,F6.CTRL.CTRL_P1_M,,A.A.M.205,,DONE,7,,,,,,,,,,,
mean,11/25/2025,M,WARM.WTH.29_P2_M,,WARM.WTH.89_P8,,W.M.175,,DONE,7,,,,,,,,,,,
mean,11/25/2025,M,CTRL.WTH.138_P4_M,,CTRL.WTH.70_P5_M,,A.M.269,,DONE,7,,,,,,,,,,,
mean,11/25/2025,M,CTRL.WTH.64_P1_M,,CTRL.WTH.33_P1_M,,A.M.105,,DONE,7,,,,,,,,,,,
mean,11/25/2025,M,CTRL.WTH.103_P3_M,,CTRL.WTH.148_P7_M,,A.M.174,,DONE,7,,,,,,,,,,,
mean,11/25/2025,M,MEAN.WTH.42_P2_M,,MEAN.WTH.43_P6_M,,M.M.108,,DONE,7,,,,,,,,,,,
mean,11/25/2025,F,WARM.WTH.78_P2_M,0.0299,WARM.WTH.43_P8_M,,W.M.68,,DONE,7,,,0,158,158,DONE,1685,Y,1B15,1A10,
mean,11/25/2025,F,HOT.WTH.41_P7_M,0.0299,HOT.WTH.37_P2_M,,H.M.69,,DONE,7,,,2,258,260,DONE,7077,Y,5B7/1B3,1C13,
mean,11/25/2025,F,F7.COOL.CTRL_P1_M,0.0286,F1.COOL.CTRL_P4_M,,C.A.M.70,,DONE,7,,,21,129,150,,,Y,1A13,3A15,
mean,11/25/2025,F,WARM.WTH.117_P3_M,0.025,WARM.WTH.41_P1_M,,W.M.71,,DONE,7,,,5,195,200,DONE,6026,Y,1B4,1C5,
warm,11/25/2025,F,CTRL.WTH.113_P3_W,0.0112,CTRL.WTH.127_P1_W,,A.W.72,,DONE,7,,,0,11,11,DONE,4979,,,,
warm,11/25/2025,F,F4.COOL.HOT_P2_W,0.0332,F1.COOL.HOT_1_W,,C.H.W.73,,DONE,7,,,17,28,45,,,,,,
warm,11/25/2025,F,HOT.WTH.86_P8_W,0.0362,F1.WARM.HOT_P6_W,,H.W.74,,DONE,7,,,1,361,362,DONE,4229,Y,4A9,1A2,
warm,11/25/2025,F,WARM.WTH.1_P6_W,0.0264,WARM.WTH.94_P1_W,,W.W.75,,DONE,7,,,6,218,224,DONE,6602,Y,4C3,3C1,
warm,11/25/2025,F,CTRL.WTH.88_P1_W,0.03655,F1.CTRL.WARM_P3_W,,A.W.76,,DONE,7,,,6,162,168,DONE,5575,Y,4A2,5E13,
warm,11/25/2025,M,WARM.WTH.88_P3_W,,WARM.WTH.25_P6_W,,W.W.212,,DONE,7,,,,,,,,,,,
warm,11/25/2025,M,WARM.WTH.94_P1_W,,WARM.WTH.1_P6_W,,W.W.75,,DONE,7,,,,,,,,,,,
warm,11/25/2025,M,CTRL.WTH.127_P1_W,,CTRL.WTH.113_P3_W,,A.W.72,,DONE,7,,,,,,,,,,,
warm,11/25/2025,M,HOT.WTH.123_P4_W,,F1.CTRL.HOT_P1_W,,A.H.W.53,,DONE,7,,,,,,,,,,,
warm,11/25/2025,M,HOT.WTH.158_P2_W,,HOT.WTH.16_P5_W,,H.W.48,,DONE,7,,,,,,,,,,,
warm,11/25/2025,M,WARM.WTH.78_P5_W,,WARM.WTH.37_P2_W,,W.W.27,,DONE,2,yes,,,,,,,,,,
warm,11/25/2025,M,CTRL.WTH.43_P3_W,,CTRL.WTH.16_P4_W,,A.W.12,,84,,,,,,,,,,,,
warm,11/25/2025,M,WARM.WTH.50_P4_W,,WARM.WTH.110_P3_W,,W.W.162,,DONE,7,,,,,,,,,,,
warm,11/25/2025,M,HOT.WTH.29_P4_W,,HOT.WTH.43_P6_W,,H.W.49,,DONE,7,,,,,,,,,,,
warm,11/25/2025,M,F1.HOT.CTRL_P8_W,,CTRL.WTH.?_P8_W,,A.W.52,,DONE,7,,,,,,,,,,,
cool,11/25/2025,M,HOT.WTH.151_P5_C,,HOT.GLF.5_P1_C,,H.C.90,,DONE,7,,,,,,,,,,,
cool,11/25/2025,M,HOT.WTH.103_P5_C,,HOT.WTH.22_P2_C,,H.C.91,,DONE,7,,,,,,,,,,,
cool,11/25/2025,M,WARM.WTH.42_P3_C,,WARM.WTH.25_P7_C,,W.C.85,,DONE,7,,,,,,,,,,,
cool,11/25/2025,M,F1.COOL.WARM_P4_C,,F2.WARM.WARM_P10_C,,W.W.C.74,,DONE,7,,,,,,,,,,,
cool,11/25/2025,M,WARM.WTH.47_P4_C,,WARM.WTH.150_P2_C,,W.C.76,,DONE,7,,,,,,,,,,,
cool,11/25/2025,M,WARM.WTH.113_P1_C,,WARM.WTH.23_P2_C,,W.C.92,,DONE,7,,,,,,,,,,,
cool,11/25/2025,M,WARM.WTH.53_P5_C,,WARM.WTH.158_P3_C,,W.C.79,,DONE,7,,,,,,,,,,,
cool,11/25/2025,M,F3.CTRL.HOT_P2_C,,F4.CTRL.HOT_P2_C,,A.H.C.182,,DONE,7,,,,,,,,,,,
cool,11/25/2025,M,WARM.WTH.78_P1_C,,WARM.WTH.152_P3_C,,W.C.75,,DONE,7,,,,,,,,,,,
cool,11/25/2025,M,WARM.WTH.145_P5_C,,WARM.WTH.33_P4_C,,W.C.84,,DONE,7,,,,,,,,,,,
cool,11/25/2025,F,F5.CTRL.HOT_P7_C,0.0401,F1.HOT.HOT_P7_C,,A.H.C.73,,DONE,2,yes,,25,252,277,,,Y,3A12,4A2,
cool,11/25/2025,F,F2.WARM.WARM_P10_C,0.0094,F1.COOL.WARM_P4_C,,W.W.C.74,,DONE,7,,,3,0,3,,,,,,
cool,11/25/2025,F,WARM.WTH.152_P3_C,0.027,WARM.WTH.78_P1_C,,W.C.75,,DONE,7,,,32,161,193,DONE,4782,Y,3B10,2C9,
cool,11/25/2025,F,WARM.WTH.150_P2_C,0.0287,WARM.WTH.47_P4_C,,W.C.76,,DONE,7,,,3,76,79,DONE,8830,Y,3B13,3A10,
cool,11/25/2025,F,HOT.WTH.92_P1_C,0.0309,HOT.WTH.106_P6_C,,H.C.77,,DONE,2,yes,,0,19,19,DONE,7386,,,,
cool,11/25/2025,F,CTRL.WTH.48_P3_C,0.0269,F1.COOL.CTRL??_P2_C,,A.C.78,,84,,,,76,90,166,DONE,8280,Y,3A15,1E2,
cool,11/25/2025,F,WARM.WTH.158_P3_C,0.0224,WARM.WTH.53_P5_C,,W.C.79,,DONE,7,,,23,111,134,DONE,5714,Y,3A5,4E5,
cool,11/25/2025,F,WARM.WTH.37_P4_C,0.0267,WARM.WTH.88_P1_C,,W.C.80,,DONE,7,,,19,128,147,DONE,1150,Y,3A3,3E6,
ambient,11/25/2025,M,WARM.WTH.43_P5_A,,WARM.WTH.152_P2_A,,W.A.58,,DONE,7,,,,,,,,,,,
ambient,11/25/2025,M,WARM.WTH.50_P8_A,,WARM.WTH.29_P6_A,,W.A.141,,DONE,7,,,,,,,,,,,
ambient,11/25/2025,M,WARM.WTH.23_P3_A,,WARM.WTH.42_P2_A,,W.A.99,,DONE,7,,,,,,,,,,,
ambient,11/25/2025,M,CTRL.WTH.111_P2_A,,F4.COOL.CTRL_P3_A,,C.A.A.60,,DONE,7,,,,,,,,,,,
ambient,11/25/2025,M,MEAN.WTH.88_P2_A,,MEAN.WTH.39_P1_A,,M.A.47,,DONE,7,,,,,,,,,,,
ambient,11/25/2025,F,CTRL.WTH.22_P8_A,0.0332,CTRL.WTH.39_P1_A,,A.A.81,,DONE,7,,,1,57,58,DONE,7809,Y,5A15,5AE1,
ambient,11/25/2025,F,HOT.WTH.15_P1_A,0.0289,HOT.WTH.151_P4_A,,H.A.82,,DONE,7,,,1,42,43,DONE,9173,Y,5B2,2E14,
ambient,11/25/2025,F,CTRL.WTH.151_P2_A,0.038,CTRL.WTH.1_P5_A,,A.A.83,,DONE,0,yes,,0,181,181,DONE,7910,Y,5A9,5E8,
cool,11/27/2025,F,WARM.WTH.33_P4_C,0.02138,WARM.WTH.145_P5_C,,W.C.84,,DONE,5,,,6,22,28,DONE,3207,,,,
cool,11/27/2025,F,WARM.WTH.25_P7_C,0.0268,WARM.WTH.42_P3_C,,W.C.85,,DONE,5,,,87,59,146,DONE,2028,Y,3B8,3A4,
cool,11/27/2025,F,HOT.WTH.114_P2_C,0.0284,HOT.WTH.106_P1_C,,H.C.86,,DONE,12,,,70,61,131,DONE,9517,Y,3A16,3C16,
cool,11/27/2025,F,F3.MEAN.HOT_P8_C,0.0254,F6.MEAN.HOT_P4_C,,M.H.C.87,,DONE,12,,,116,2,118,,,,,,
cool,11/27/2025,F,HOT.WTH.158_P3_C,0.0221,HOT.WTH.86_P2_C,,H.C.88,,DONE,12,,,40,5,45,DONE,8447,,,,
cool,11/27/2025,F,HOT.WTH.110_P3_C,0.0284,HOT.WTH.22_P9_C,,H.C.89,,DONE,0,yes,,4,59,63,DONE,8734,Y,3B12,3E4,
cool,11/27/2025,F,HOT.GLF.5_P1_C,0.0288,HOT.WTH.151_P5_C,,H.C.90,,DONE,5,,,23,99,122,DONE,9010,Y,3A7,6A12,
cool,11/27/2025,F,HOT.WTH.22_P2_C,0.0311,HOT.WTH.103_P5_C,,H.C.91,,DONE,5,,,28,133,161,DONE,2955,Y,3A8,4A7,
cool,11/27/2025,F,WARM.WTH.23_P2_C,0.0292,WARM.WTH.113_P1_C,,W.C.92,,DONE,5,,,21,242,263,DONE,9171,Y,2A4,6A11,
cool,11/27/2025,M,CTRL.WTH.42_P1_C,,CTRL.WTH.176_P3_C,,A.C.155,"very deformed, didn't emerge properly",DONE,6,,,,,,,,,,,
cool,11/27/2025,M,WARM.WTH.151_P1_C,,WARM.WTH.164_P6_C,,W.C.152,,DONE,6,,,,,,,,,,,
cool,11/27/2025,M,F6.MEAN.HOT_P4_C,,F3.MEAN.HOT_P8_C,,M.H.C.87,,DONE,6,,,,,,,,,,,
cool,11/27/2025,M,CTRL.WTH.70_P3_C,,CTRL.WTH.104_P1_C,,A.C.120,,DONE,12,,,,,,,,,,,
cool,11/27/2025,M,WARM.WTH.153_P2_C,,WARM.WTH.60_P1_C,,W.C.119,,DONE,12,,,,,,,,,,,
cool,11/27/2025,M,HOT.WTH.160_P5_C,,HOT.WTH.152_P6_C,,H.C.419,,DONE,6,,,,,,,,,,,
cool,11/27/2025,M,HOT.WTH.1_P3_C,,HOT.WTH.16_P2_C,,H.C.231,,DONE,6,,,,,,,,,,,
hot,11/27/2025,M,WARM.WTH.127_P4_H,,WARM.WTH.53_P6_H,,W.H.126,,DONE,6,,,,,,,,,,,
hot,11/27/2025,M,HOT.WTH.110_P2_H,,HOT.WTH.104_P3_H,,H.H.95,,DONE,6,,,,,,,,,,,
hot,11/27/2025,M,CTRL.WTH.88_P2_H,,CTRL.WTH.153_P4_H,,A.H.94,"very deformed, didn't emerge properly",DONE,6,,,,,,,,,,,
hot,11/27/2025,F,HOT.WTH.47_P4_H,0.0331,HOT.WTH.110_P7_H,,H.H.93,,DONE,6,,,10,159,169,DONE,7128,Y,2 E4,5C2,
hot,11/27/2025,F,CTRL.WTH.153_P4_H,0.0237,CTRL.WTH.88_P2_H,,A.H.94,male very deformed,DONE,6,,,96,0,96,DONE,5611,,,,
hot,11/27/2025,F,HOT.WTH.104_P3_H,0.0274,HOT.WTH.110_P2_H,,H.H.95,,DONE,6,,,3,98,101,DONE,3116,Y,2D8,6A2,
hot,11/27/2025,F,F1.WARM.HOT_P7_H,0.0319,F3.MEAN.HOT_P6_H,,W.H.H.96,,DONE,6,,,2,0,2,,,,,,
ambient,11/27/2025,F,CTRL.WTH.64_P3_A,0.0355,CTRL.WTH.25_P6_A,,A.A.97,,DONE,5,,,0,0,0,NO EGGS,6357,,,,
ambient,11/27/2025,F,F2.WARM.HOT_P4_A,0.0285,HOT.WTH.154_P1_A,,W.H.A.98,,DONE,6,,,0,200,200,,,Y,5B3,1E14,
ambient,11/27/2025,F,WARM.WTH.42_P2_A,0.0408,WARM.WTH.23_P3_A,,W.A.99,,DONE,5,,,0,110,110,DONE,6883,Y,5A10,1E15,
ambient,11/27/2025,M,CTRL.WTH.48_P2_A,,CTRL.WTH.47_P5_A,,A.A.144,,DONE,6,,libbt,,,,,5092,,,,
ambient,11/27/2025,M,CTRL.WTH.160_P7_A,,N/A,,,,DONE,6,,given_to_libby,,,,,,,,,
mean,11/27/2025,F,HOT.WTH.25_P4_M,0.032,HOT.WTH.29_P3_M,,H.M.100,,DONE,5,,,4,287,291,DONE,1984,Y,1A9,1E8,
mean,11/27/2025,F,HOT.WTH.148_P6_M,0.0254,HOT.WTH.70_P2_M,,H.M.101,,DONE,5,,,0,220,220,DONE,7182,Y,1A7,3E5,
mean,11/27/2025,F,MEAN.WTH.16_P2_M,0.0135,F6.CTRL.MEAN_P3_M,,M.M.102,,DONE,5,,,7,49,56,DONE,1985,Y,1A3,2A13,
mean,11/27/2025,F,HOT.WTH.111_P1_M,0.0362,HOT.WTH.150_P2_M,,H.M.103,,DONE,5,,,0,94,94,DONE,5232,Y,1A1,4E13,
mean,11/27/2025,F,CTRL.WTH.152_P1_M,0.0291,CTRL.WTH.111_P3_M,,A.M.104,,DONE,5,,,199,4,203,DONE,2583,,,,
mean,11/27/2025,F,CTRL.WTH.33_P1_M,0.0286,CTRL.WTH.64_P1_M,,A.M.105,,DONE,5,,,54,180,234,DONE,5684,Y,1B1,6A3,
mean,11/27/2025,F,CTRL.WTH.148_P5_M,0.0245,CTRL.WTH.78_P4_M,,A.M.106,,DONE,0,yes,,7,180,187,DONE,8863,Y,1A12,4E12,
mean,11/27/2025,F,HOT.WTH.43_P4_M,0.0317,HOT.WTH.117_P3_M,,H.M.107,,DONE,5,,,0,225,225,DONE,5775,Y,1D10,6A7,
mean,11/27/2025,F,MEAN.WTH.43_P6_M,0.0123,MEAN.WTH.42_P2_M,,M.M.108,,DONE,5,,,1,66,67,DONE,7643,Y,1A6,5A13,
mean,11/27/2025,F,HOT.BLG.15_P3_M,0.0192,HOT.WTH.152_P2_M,,H.M.109,,DONE,5,,,1,15,16,DONE,9912,,,,
mean,11/27/2025,M,CTRL.WTH.121_P3_M,,CTRL.GLF.16_P4_M,,A.M.439,,DONE,7,,,,,,,,,,,
mean,11/27/2025,M,CTRL.WTH.123_P2_M,,CTRL.WTH.167_P1_M,,A.M.321,,DONE,7,,,,,,,,,,,
mean,11/27/2025,M,CTRL.WTH.13_P1_M,,CTRL.WTH.155_P3_M,,A.M.441,,DONE,7,,,,,,,,,,,
mean,11/27/2025,M,WARM.WTH.37_P1_M,,WARM.WTH.170_P1_M,,W.M.169,,DONE,7,,,,,,,,,,,
mean,11/27/2025,M,WARM.WTH.89_P2_M,,WARM.WTH.159_P5_M,,W.M.207,,DONE,7,,,,,,,,,,,
mean,11/27/2025,M,CTRL.WTH.153_P5_M,,,AM,,,DONE,7,,dead,,,,,,,,,
mean,11/27/2025,M,HOT.WTH.170_P4_M,,HOT.WTH.167_P2_M,,H.M.176,,DONE,12,,,,,,,,,,,
mean,11/27/2025,M,CTRL.WTH.121_P7_M,,CTRL.WTH.102_P2_M,,A.M.322,,DONE,7,,,,,,,,,,,
warm,11/27/2025,F,HOT.WTH.43_P1_W,0.0313,HOT.WTH.42_P4_W,,H.W.110,,DONE,8,,,10,180,190,DONE,8126,Y,4D3,3C6,
warm,11/27/2025,F,CTRL.WTH.42_P4_W,0.0277,CTRL.WTH.110_P3_W,,A.W.111,,DONE,11,,,3,56,59,DONE,4357,Y,4A1,3E15,
warm,11/27/2025,F,F1.WARM.CTRL_P2_W,0.0246,CTRL.WTH.121_P6_W,,W.A.W.112,,DONE,11,,,68,13,81,,,,,,
warm,11/27/2025,F,HOT.WTH.84_P1_W,0.0422,HOT.WTH.60_P9_W,,H.W.113,,DONE,8,,,0,292,292,DONE,9535,Y,4C8,5C12,
warm,11/27/2025,M,F1.COOL.WARM_P1_W,,F7.COOL.CTRL_P2_W,,C.A.W.163,,DONE,11,,,,,,,,,,,
warm,11/27/2025,M,HOT.WTH.60_P9_W,,HOT.WTH.84_P1_W,,H.W.113,,DONE,11,,,,,,,,,,,
warm,11/27/2025,M,WARM.WTH.96_P6_W,,WARM.WTH.41_P6_W,,W.W.129,,DONE,8,,,,,,,,,,,
warm,11/27/2025,M,HOT.WTH.42_P4_W,,HOT.WTH.43_P1_W,,H.W.110,wing closed on side,82,,,,,,,,,,,,
warm,11/27/2025,M,CTRL.WTH.117_P3_W,,CTRL.WTH.170_P4_W,,A.W.51,,DONE,11,,,,,,,,,,,
warm,11/27/2025,M,CTRL.WTH.110_P3_W,,CTRL.WTH.42_P4_W,,A.W.111,,DONE,11,,,,,,,,,,,
warm,11/27/2025,M,CTRL.WTH.121_P6_W,,F1.WARM.CTRL_P2_W,,W.A.W.112,close wing ,82,,,,,,,,,,,,
warm,11/27/2025,M,HOT.WTH.44_P3_W,,HOT.WTH.158_P5_W,,H.W.131,,DONE,11,,,,,,,,,,,
warm,11/27/2025,M,F3.MEAN.HOT_P2_W,,F5.CTRL.HOT_P6_W,,A.H.W.217,,DONE,11,,,,,,,,,,,
warm,11/27/2025,M,HOT.WTH.104_P5_W,,HOT.WTH.110_P1,,H.W.161,wing closed on side,DONE,12,,,,,,,,,,,
mean,11/29/2025,M,HOT.WTH.161_P3_M,,HOT.WTH.33_P3_M,,H.M.170,,DONE,10,,,,,,,,,,,
mean,11/29/2025,M,CTRL.GLF.5_P1_M,,,AM,,deformed wings,DONE,n/a,,dead,,,,,,,,,
mean,11/29/2025,F,F5.CTRL.HOT_P10_M,0.0268,HOT.WTH.74_P4_M,,A.M.113,,DONE,9,,,0,155,155,DONE,8477,Y,1B7,1C16,
mean,11/29/2025,M,CTRL.WTH.139_P7_M,,F6.MEAN.CTRL_P2_M,,M.A.M.262,on side of the box ,DONE,10,,,,,,,,,,,
mean,11/29/2025,M,MEAN.WTH.13_P1_M,,MEAN.WTH.170_P1,,M.M.177,,DONE,16,,,,,,,,,,,
mean,11/29/2025,M,HOT.WTH.161_P7_M,,HOT.WTH.118_P3_M,,H.M.171,closed wings,DONE,10,,,,,,,,,,,
mean,11/29/2025,M,WARM.WTH.64_P2_M,,WARM.WTH.25_P2,,W.M.173,,DONE,10,,,,,,,,,,,
mean,11/29/2025,F,F2.WARM.WARM_P3_M,0.019,WARM.WTH.38_P5_M,,W.W.M.114,,DONE,9,,,0,115,115,,,Y,1D11,4A11,
mean,11/29/2025,M,HOT.WTH.22_P6_M,,HOT.WTH.162_P8_M,,H.M.244,,DONE,9,,,,,,,,,,,
cool,11/29/2025,F,F2.COOL.WARM_P3_C,0.0283,F1.HOT.WARM_P9_C,,C.W.C.115,,DONE,10,,,30,0,30,,,,,,
cool,11/29/2025,M,HOT.WTH.102_P5_C,,HOT.WTH.64_P8_C,,H.C.376,,DONE,10,,,,,,,,,,,
cool,11/29/2025,M,F1.COOL.WARM_P6_C,,F7.COOL.WARM_P1_C,,C.W.C.418,,DONE,10,,,,,,,,,,,
cool,11/29/2025,M,HOT.WTH.145_P4_C,,HOT.WTH.42_P1_C,,H.C.420,,DONE,10,,,,,,,,,,,
cool,11/29/2025,M,CTRL.WTH.153_P5_C,,CTRL.WTH.53_P2_C,,A.C.158,,DONE,10,,,,,,,,,,,
cool,11/29/2025,M,HOT.WTH.159_P5_C,,HOT.WTH.179_P5_C,,H.C.279,,DONE,10,,,,,,,,,,,
cool,11/29/2025,M,CTRL.WTH.138_P1_C,,CTRL.WTH.164_P2_C,,A.C.157,,DONE,10,,,,,,,,,,,
cool,11/29/2025,M,WARM.WTH.155_P1_C,,WARM.WTH.17_P4_C,,W.C.156,,DONE,10,,,,,,,,,,,
cool,11/29/2025,F,HOT.WTH.151_P1_C,0.038,HOT.WTH.98_P4_C,,H.C.116,,DONE,3,,,159,155,314,DONE,1681,Y,3A10,5E7,
cool,11/29/2025,F,CTRL.WTH.42_P6_C,0.0322,CTRL.WTH.92_P3_C,,A.C.117,,DONE,3,,,9,0,9,DONE,3506,,,,
cool,11/29/2025,F,HOT.WTH.153_P1_C,0.0268,HOT.WTH.123_P3_C,,H.C.118,,DONE,3,,,74,0,74,DONE,1194,,,,
cool,11/29/2025,F,WARM.WTH.60_P1_C,0.0274,WARM.WTH.153_P2_C,,W.C.119,,DONE,10,,,0,0,0,NO EGGS,4123,,,,
cool,11/29/2025,F,CTRL.WTH.104_P1_C,0.0376,CTRL.WTH.70_P3_C,,A.C.120,,DONE,10,,,20,197,217,,7677,Y,,6B2,
cool,11/29/2025,F,CTRL.WTH.1_P1_C,0.0257,CTRL.WTH.110_P1_C,,A.C.121,,DONE,3,,,13,0,13,DONE,5649,,,,
hot,11/29/2025,F,F4.COOL.HOT_P5_H,0.0297,F1.COOL.CTRL_P3_H,,C.H.H.122,,DONE,10,,,0,142,142,,,Y,2 E7,4C4,
hot,11/29/2025,F,CTRL.WTH.25_P1_H,0.0286,CTRL.WTH.48_P4_H,,A.H.123,,DONE,10,,,4,238,242,DONE,3131,Y,2F4,4C1,
hot,11/29/2025,M,CTRL.WTH.48_P4_H,,CTRL.WTH.25_P1_H,,A.H.123,,DONE,10,,,,,,,,,,,
hot,11/29/2025,F,HOT.WTH.44_P2_H,0.0341,HOT.WTH.96_P7_H,,H.H.124,,DONE,10,,,0,6,6,DONE,7133,,,,
hot,11/29/2025,M,HOT.WTH.96_P7_H,,HOT.WTH.44_P2_H,,H.H.124,,DONE,10,,,,,,,,,,,
hot,11/29/2025,F,CTRL.WTH.42_P2_H,0.0237,CTRL.WTH.50_P1_H,,A.H.125,,DONE,10,,,51,0,51,DONE,1754,,,,
hot,11/29/2025,M,CTRL.WTH.50_P1_H,,CTRL.WTH.42_P2_H,,A.H.125,,DONE,10,,,,,,,,,,,
hot,11/29/2025,F,WARM.WTH.53_P6_H,0.0203,WARM.WTH.127_P4_H,,W.H.126,,DONE,4,,,0,280,280,DONE,7552,Y,2F3,1C11,
hot,11/29/2025,M,WARM.WTH.96_P5_H,,WARM.WTH.145_P4_H,,W.H.275,,DONE,10,,,,,,,,,,,
hot,11/29/2025,M,HOT.WTH.110_P7_H,,HOT.WTH.47_P4_H,,H.H.93,,DONE,4,,,,,,,,,,,
warm,11/29/2025,F,F3.CTRL.CTRL_P5_W,0.0141,F2.MEAN.CTRL_P4_W,,A.A.W.127,,DONE,10,,,4,0,4,,,,,,
warm,11/29/2025,F,CTRL.WTH.159_P4_W,0.0228,CTRL.WTH.33_P2_W,,A.W.128,,DONE,10,,,10,25,35,DONE,4463,,,,
warm,11/29/2025,M,CTRL.WTH.33_P2_W,,CTRL.WTH.159_P4_W,,A.W.128,,DONE,10,,,,,,,,,,,
warm,11/29/2025,F,WARM.WTH.41_P6_W,0.0325,WARM.WTH.96_P6_W,,W.W.129,,DONE,10,,,1,45,46,DONE,4948,Y,4A16,5C14,
warm,11/29/2025,F,CTRL.WTH.176_P4_W,0.03,CTRL.WTH.167_P2_W,,A.W.130,,DONE,10,,,0,283,283,DONE,8756,Y,4D6,4C3,
warm,11/29/2025,M,CTRL.WTH.167_P2_W,,CTRL.WTH.176_P4_W,,A.W.130,,DONE,10,,,,,,,,,,,
warm,11/29/2025,F,HOT.WTH.158_P5_W,0.0337,HOT.WTH.44_P3_W,,H.W.131,,DONE,9,,,1,24,25,DONE,3757,,,,
warm,11/29/2025,F,MEAN.WTH.44_P2_W,0.0153,MEAN.WTH.53_P1_W,,M.W.132,,DONE,10,,,0,44,44,DONE,4832,Y,4C11,3E16,
warm,11/29/2025,M,F1.HOT.HOT_P5_W,,F5.CTRL.HOT_P8_W,,A.H.W.209,,DONE,10,,,,,,,,,,,
warm,11/29/2025,M,F7.COOL.WARM_P4_W,,F1.WARM.WARM_P1_W,,W.W.W.216,,DONE,10,,,,,,,,,,,
warm,11/29/2025,M,CTRL.WTH.160_P6_W,,CTRL.WTH.22_P6,,A.W.159,,DONE,10,,,,,,,,,,,
ambient,11/29/2025,F,MEAN.WTH.164_P2_A,0.0062,MEAN.WTH.179_P1_A,,M.A.133,,DONE,10,,,0,0,0,NO EGGS,,,,,
ambient,11/29/2025,F,HOT.WTH.161_P6_A,0.0308,HOT.WTH.88_P1_A,,H.A.134,,DONE,10,,,0,0,0,NO EGGS,,,,,
ambient,11/29/2025,M,HOT.WTH.88_P1_A,,HOT.WTH.161_P6_A,,H.A.134,,DONE,10,,,,,,,,,,,
ambient,11/29/2025,F,HOT.WH.139_P2_A,0.032,HOT.WTH.42_P3_A,,H.A.135,,DONE,10,,,2,181,183,DONE,1711,Y,4D8,1C12,
ambient,11/29/2025,M,HOT.WTH.42_P3_A,,HOT.WTH.139_P2_A,,H.A.135,,DONE,10,,,,,,,,,,,
ambient,11/29/2025,F,F2.COOL.MEAN_P1_A,0.0103,,CMA,C.M.A.137,,DONE,10,,dead,,,,,,,,,
ambient,11/29/2025,F,WARM.WTH.127_P2_A,0.0246,WARM.WTH.60_P8_A,,W.A.138,,DONE,10,,,2,12,14,DONE,6369,,,,
ambient,11/29/2025,M,WARM.WTH.60_P8_A,,WARM.WTH.127_P2_A,,W.A.138,,DONE,10,,,,,,,,,,,
ambient,11/29/2025,F,CTRL.WTH.145_P6_A,0.0257,CTRL.WTH.158_P4_A,,A.A.139,,DONE,10,,,2,194,196,DONE,4500,Y,4 E11,5A8,
ambient,11/29/2025,M,CTRL.WTH.158_P4_A,,CTRL.WTH.145_P6_A,,A.A.139,,DONE,10,,,,,,,,,,,
ambient,11/29/2025,F,MEAN.WTH.130_P4_A,0.0081,MEAN.WTH.49_P2,,M.A.140,,DONE,10,,,1,0,1,DONE,4068,,,,
ambient,11/29/2025,F,WARM.WTH.29_P6_A,0.0222,WARM.WTH.50_P8_A,,W.A.141,,DONE,3,,,1,35,36,DONE,9719,Y,5A14,2E4,
ambient,11/29/2025,F,CTRL.WTH.13_P5_A,0.0364,CTRL.WTH.150_P3_A,,A.A.142,,DONE,3,,,2,166,168,DONE,5054,Y,4D13,5E5,
ambient,11/29/2025,F,F1.HOT.CTRL_P3_A,0.0249,CTRL.WTH.118_P4_A,,H.A.A.143,,DONE,10,,,99,0,99,N/A,1472,,,,
ambient,11/29/2025,F,CTRL.WTH.47_P5_A,0.0308,CTRL.WTH.48_P2_A,,A.A.144,,DONE,4,,libby,0,62,62,DONE,7097,Y,4E 1,5C11,
ambient,11/29/2025,F,WARM.WTH.121_P3_A,0.0389,WARM.WTH.53_P2_A,,W.A.145,,DONE,10,,,0,60,60,DONE,2148,Y,,4E6,
ambient,11/29/2025,M,WARM.WTH.53_P2_A,,WARM.WTH.121_P3_A,,W.A.145,,DONE,10,,,,,,,,,,,
ambient,11/29/2025,F,WARM.WTH.25_P3,0.0178,WARM.WTH.37_P3_A,,W.A.146,,DONE,10,,,0,56,56,DONE,3036,Y,4D15,3C8,
ambient,11/29/2025,M,F3.MEAN.HOT_P1_A,,,MHA,,,DONE,10,,dead,,,,,,,,,
ambient,11/29/2025,M,HOT.WTH.159_P1_A,,HOT.WTH.22_P4_A,,H.A.185,,DONE,10,,,,,,,,,,,
ambient,11/29/2025,M,HOT.WTH.158_P4_A,,HOT.WTH.102_P3_A,,H.A.188,,DONE,10,,,,,,,,,,,
ambient,11/29/2025,M,F1.COOL.WARM_P7_A,,WARM.WTH.74_P6_A,,W.A.186,,DONE,10,,,,,,,,,,,
ambient,11/29/2025,M,HOT.WTH.103_P4_A,,HOT.WTH.148_P3_A,,H.A.189,,DONE,10,,,,,,,,,,,
ambient,11/29/2025,M,CTRL.WTH.170_P1_A,,CTRL.WTH.153_P2_A,,A.A.254,very deformed,DONE,10,,,,,,,,,,,
ambient,11/29/2025,M,F7.COOL.CTRL_P5_A,,N/A,,,,DONE,NA,,Libby,,,,,,,,,
ambient,11/29/2025,M,F1.HOT.HOT_P2_A,,,HHA,,,DONE,10,,dead,,,,,,,,,
ambient,11/29/2025,M,CTRL.WTH.15_P4_A,,CTRL.WTH.179_P2_A,,A.A.297,,DONE,10,,,,,,,,,,,
ambient,11/29/2025,M,COOL.WTH.17_P2_A,,COOL.WTH.96_P1_A,,C.A.187,,DONE,10,,,,,,,,,,,
ambient,11/29/2025,M,CTRL.WTH.117_P2_A,,CTRL.WTH.167_P3_A,,A.A.172,,DONE,10,,libby,,,,,,,,,
ambient,11/29/2025,M,HOT.WTH.23_P3_A,,HOT.WTH.84_P3_A,,H.A.253,,DONE,10,,,,,,,,,,,
ambient,11/29/2025,M,HOT.WTH.106_P5_A,,HOT.WTH.47_P2_A,,H.A.173,,DONE,16,,,,,,,,,,,
hot,12/1/2025,M,F4.CTRL.CTRL_P1_H,,CTRL.WTH.114_P4_H,,A.H.201,,DONE,8,,,,,,,,,,,
hot,12/1/2025,M,MEAN.WTH.16_P1_H,,MEAN.WTH.92_P1_H,,M.H.149,,DONE,8,,,,,,,,,,,
hot,12/1/2025,M,CTRL.WTH.22_P9_H,,CTRL.WTH.170_P3_H,,A.H.147,,DONE,8,,,,,,,,,,,
hot,12/1/2025,M,HOT.WTH.1_P5_H,,HOT.WTH.78_P4_H,,H.H.198,deformed wings,DONE,8,,,,,,,,,,,
hot,12/1/2025,M,F1.COOL.CTRL_P3_H,,F4.COOL.HOT_P5_H,,C.H.H.122,,DONE,8,,,,,,,,,,,
hot,12/1/2025,M,WARM.WTH.43_P9_H,,WARM.WTH.39_P1_H,,W.H.330,,DONE,8,,,,,,,,,,,
hot,12/1/2025,M,HOT.WTH.103_P1_H,,HOT.WTH.92_P5_H,,H.H.202,,DONE,8,,,,,,,,,,,
hot,12/1/2025,M,CTRL.WTH.86_P2_H,,CTRL.WTH.152_P6_H,,A.H.148,,DONE,8,,,,,,,,,,,
hot,12/1/2025,M,HOT.WTH.29_P2_H,,HOT.WTH.39_P1_H,,H.H.199,,DONE,8,,,,,,,,,,,
hot,12/1/2025,F,CTRL.WTH.170_P3_H,0.0199,F4.CTRL.CTRL_P1_H,,A.H.147,,DONE,8,,,2,94,96,DONE,6427,Y,2 E5,2C12,
hot ,12/1/2025,F,CTRL.WTH.152_P6_H,0.0204,CTRL.WTH.86_P2_H,,A.H.148,,DONE,8,,,11,110,121,DONE,3312,Y,2 E1,4C14,
hot,12/1/2025,F,MEAN.WTH.92_P1_H,0.0112,MEAN.WTH.16_P1_H,,M.H.149,,DONE,8,,,7,14,21,DONE,8740,,,,
cool,12/1/2025,M,F1.CTRL.CTRL_P2_C,,CTRL.WTH.152_P4_C,,A.C.181,,DONE,8,,,,,,,,,,,
cool,12/1/2025,M,WARM.WTH.111_P4_C,,WARM.WTH.98_P11_C,,W.C.150,,DONE,8,,,,,,,,,,,
cool,12/1/2025,M,F1.HOT.WARM_P9_C,,F2.COOL.WARM_P3_C,,C.W.C.115,,DONE,8,,,,,,,,,,,
cool,12/1/2025,M,WARM.WTH.106_P4_C,,WARM.WTH.123_P8_C,,W.C.179,,DONE,8,,,,,,,,,,,
cool,12/1/2025,M,HOT.WTH.162_P4_C,,HOT.WTH.74_P3_C,,H.C.430,,DONE,8,,,,,,,,,,,
cool,12/1/2025,M,CTRL.WTH.160_P2_C,,CTRL.WTH.161_P1_C,,A.C.154,,DONE,8,,,,,,,,,,,
cool,12/1/2025,M,HOT.WTH.139_P7_C,,HOT.WTH.84_P4_C,,H.C.303,,DONE,8,,,,,,,,,,,
cool,12/1/2025,M,HOT.WTH.161_P1_C,,,HC,,,DONE,8,,,,,,,,,,,
cool,12/1/2025,M,WARM.WTH.98_P10_C,,,WC,,deformed wings// dead 19/12,DONE,8,,dead,,,,,,,,,
cool,12/1/2025,F,WARM.WTH.98_P11_C,0.0162,WARM.WTH.111_P4_C,,W.C.150,,DONE,8,,,0,38,38,DONE,9649,Y,3A13,4C9,
cool,12/1/2025,F,F3.MEAN.WARM_P4_C,0.0149,F3.MEAN.WARM_P4_C,,M.W.C.151,,DONE,8,,,5,129,134,,,Y,3B5,5E16,
cool,12/1/2025,F,WARM.WTH.164_P6_C,0.0199,WARM.WTH.151_P1_C,,W.C.152,,DONE,8,,,78,0,78,DONE,2077,,,,
cool,12/1/2025,F,CTRL.GLF.9_P1_C,0.0279,,AC,A.C.153,,DONE,8,,dead,,,,,,,,,
cool,12/1/2025,F,CTRL.WTH.161_P1_C,0.0217,CTRL.WTH.160_P2_C,,A.C.154,,DONE,8,,,35,0,35,DONE,6014,,,,
cool,12/1/2025,F,CTRL.WTH.176_P3_C,0.0291,CTRL.WTH.42_P1_C,,A.C.155,,DONE,8,,,51,115,166,DONE,6657,Y,3B3,2C3,
cool,12/1/2025,F,WARM.WTH.17_P4_C,0.0226,WARM.WTH.155_P1,,W.C.156,,DONE,8,,,36,125,161,DONE,7378,Y,3A2,4E11,
cool,12/1/2025,F,CTRL.WTH.164_P2_C,0.0267,CTRL.WTH.138_P1_C,,A.C.157,,DONE,8,,,85,1,86,DONE,2312,,,,
cool,12/1/2025,F,CTRL.WTH.53_P2_C,0.0376,CTRL.WTH.153_P5_C,,A.C.158,,DONE,8,,,220,0,220,DONE,1184,,,,
warm,12/1/2025,M,CTRL.WTH.47_P1_W,,CTRL.WTH.148_P6_W,,A.W.220,,DONE,8,,,,,,,,,,,
warm,12/1/2025,M,WARM.WTH.89_P3_W,,WARM.WTH.43_P7_W,,W.W.210,,DONE,8,,,,,,,,,,,
warm,12/1/2025,M,HOT.WTH.153_P6_W,,HOT.WTH.127_P1_W,,H.W.160,,DONE,8,,,,,,,,,,,
warm,12/1/2025,M,F2.MEAN.CTRL_P4_W,,F3.CTRL.CTRL.P5_W,,A.A.W.127,,DONE,8,,,,,,,,,,,
warm,12/1/2025,F,CTRL.WTH.22_P6_W,0.0275,CTRL.WTH.160_P6_W,,A.W.159,,DONE,8,,,2,235,237,DONE,8932,Y,4C15,2A10,
warm,12/1/2025,F,HOT.WTH.127_P1_W,0.0277,HOT.WTH.153_P6_W,,H.W.160,,DONE,8,,,1,100,101,DONE,1412,Y,4D5,1A8,
warm,12/1/2025,F,HOT.WTH.110_P1_W,0.025,HOT.WTH.104_P5_W,,H.W.161,,DONE,8,,,17,93,110,DONE,5722,Y,4C12,2E9,
warm,12/1/2025,F,WARM.WTH.110_P3_W,0.022,WARM.WTH.50_P4_W,,W.W.162,,DONE,1,,,0,76,76,DONE,2332,Y,4C7,5E14,
warm,12/1/2025,F,F7.COOL.CTRL_P2_W,0.0256,F1.COOL.WARM_P1_w,,C.A.W.163,,DONE,8,,,0,0,0,,,,,,
warm,12/1/2025,F,HOT.WTH.106_P7_W,0.0292,HOT.WTH.70_P3_W,,H.W.164,,DONE,8,,,0,199,199,DONE,5874,Y,4B5,1A16,
mean,12/1/2025,F,F4.WARM.WARM_P2_M,0.0154,WARM.WTH.13_P2_M,,W.W.M.165,,DONE,8,,,29,0,29,,,,,,
mean,12/1/2025,F,F1.WARM.WARM_P4_M,0.0265,WARM.WTH.151_P3_M,,W.W.M.166,,DONE,14,,,145,12,157,,,,,,
mean,12/1/2025,F,HOT.WTH.153_P7_M,0.0335,HOT.WTH.64_P6_M,,H.M.168,,DONE,1,,,30,199,229,DONE,1563,Y,1B13,1E1,
mean,12/1/2025,F,WARM.WTH.170_P1_M,0.0183,WARM.WTH.37_P1_M,,W.M.169,,DONE,8,,,0,143,143,DONE,4798,Y,1D1,6A10,
mean,12/1/2025,F,HOT.WTH.33_P3_M,0.0311,HOT.WTH.161_P3_M,,H.M.170,,DONE,8,,,41,0,41,DONE,5255,,,,
mean,12/1/2025,F,HOT.WTH.118_P3_M,0.0355,HOT.WTH.161_P7_M,,H.M.171,,DONE,8,,,108,0,108,DONE,4580,,,,
mean,12/1/2025,F,HOT.WTH.123_P2_M,0.0243,HOT.WTH.38_P1_M,,H.M.172,,DONE,8,,,7,106,113,DONE,4128,Y,1C15,3E10,
mean,12/1/2025,F,WARM.WTH.25_P2_M,0.0225,WARM.WTH.64_P2_M,,W.M.173,,DONE,8,,,0,35,35,DONE,7600,Y,1D3,1A11,
mean,12/1/2025,F,CTRL.WTH.148_P7_M,0.0196,CTRL.WTH.103_P3_M,,A.M.174,,DONE,1,,,59,8,67,DONE,5712,,,,
mean,12/1/2025,F,WARM.WTH.89_P8_M,0.0189,WARM.WTH.29_P2_M,,W.M.175,,DONE,1,,,0,25,25,DONE,9548,,,,
mean,12/1/2025,F,HOT.WTH.167_P2_M,0.0335,HOT.WTH.170_P4,,H.M.176,,DONE,8,,,0,74,74,DONE,1278,Y,1B11,5C7,
mean,12/1/2025,F,MEAN.WTH.170_P1_M,0.01,MEAN.WTH.13_P1_M,,M.M.177,,DONE,14,,,0,23,23,DONE,5365,,,,
mean,12/1/2025,F,F4.COOL.HOT_P6_M,0.03,HOT.WTH.121_P5_M,,C.H.M.167,,DONE,8,,,27,0,27,,,,,,
mean,12/1/2025,M,HOT.WTH.89_P2_M,,HOT.WTH.168_P6_M,,H.M.248,,DONE,8,,,,,,,,,,,
mean,12/1/2025,M,HOT.WTH.86_P6_M,,HOT.WTH.138_P3_M,,H.M.243,,DONE,8,,,,,,,,,,,
mean,12/1/2025,M,F3.CTRL.HOT_P9_M,,HOT.WTH.98_P7_M,,H.M.256,,DONE,8,,,,,,,,,,,
mean,12/1/2025,M,WARM.WTH.70_P1_M,,WARM.WTH.170_P3_M,,W.M.203,,DONE,8,,,,,,,,,,,
mean,12/1/2025,M,WARM.MUN.1_P2_M,,WARM.WTH.148_P5_M,,W.M.257,,DONE,8,,,,,,,,,,,
mean,12/1/2025,M,HOT.WTH.153_P4_M,,HOT.WTH.158_P6_M,,H.M.204,,DONE,8,,,,,,,,,,,
mean,12/1/2025,M,HOT.GLF.5_P5_M,,HOT.WTH.102_P4,,H.M.267,,DONE,8,,,,,,,,,,,
mean,12/1/2025,M,WARM.WTH.113_P3_M,,F1.COOL.WARM_P2_M,,C.W.M.208,,DONE,8,,,,,,,,,,,
ambient,12/1/2025,M,CTRL.WTH.98_P2_A,,N/A,,,given_to_libby,DONE,N/A,,,,,,,,,,,
ambient,12/1/2025,M,F1.CTRL.HOT_P5_A,,,AHA,,,DONE,14,,,,,,,,,,,
ambient,12/1/2025,M,,,N/A,,,given_to_libby,DONE,N/A,,dead,,,,,,,,,
ambient,12/1/2025,M,WARM.WTH.104_P5_A,,WARM.WTH.102_P2_A,,W.A.190,,DONE,8,,,,,,,,,,,
ambient,12/1/2025,M,HOT.WTH.111_P2_A,,HOT.GLF.16_P5_A,,H.A.288,,DONE,8,,,,,,,,,,,
ambient,12/1/2025,M,WARM.WTH.106_P5_A,,WARM.WTH.164_P3_A,,W.A.191,,DONE,8,,,,,,,,,,,
ambient,12/1/2025,M,WARM.WTH.152_P6_A,,WARM.WTH.92_P3_A,,W.A.192,,DONE,14,,,,,,,,,,,
ambient,12/1/2025,M,HOT.WTH.13_P3_A,,HOT.WTH.39_P5_A,,H.A.407,,DONE,14,,,,,,,,,,,
ambient,12/1/2025,F,WARM.WTH.98_P5_A,0.0152,WARM.WTH.153_P1_A,,W.A.168,,DONE,8,,,0,61,61,DONE,7789,Y,4E13,5C16,
ambient,12/1/2025,F,WARM.WTH.150_P3_A,0.0132,WARM.WTH.170_P9_A,,W.A.169,,DONE,8,,,6,43,49,DONE,7490,Y,4 E10,4E8,
ambient,12/1/2025,F,MEAN.WTH.98_P1_A,0.0076,MEAN.WTH.168_P4_A,,M.A.170,,DONE,14,,,0,0,0,,,,,,
ambient,12/1/2025,F,F5.CTRL.HOT_P11_A,0.0356,HOT.WTH.64_P3_A,,A.H.A.171,,DONE,8,,,0,205,205,,,Y,4 E9,1A5,
ambient,12/1/2025,F,CTRL.WTH.167_P3_A,0.0245,CTRL.WTH.117_P2_A,,A.A.172,,78,,,,20,54,74,DONE,4200,Y,4 E8,4C12,
ambient ,12/1/2025,M,WARM.WTH.37_P3_A,,WARM.WTH.25_P3_A,,W.A.146,,DONE,8,,,,,,,,,,,
ambient ,12/1/2025,F,HOT.WTH.47_P2_A,0.0315,HOT.WTH.106_P5_A,,H.A.173,,DONE,14,,,2,55,57,DONE,3265,Y,4 E7,1E5,
cool,12/3/2025,M,F1.HOT.CTRL_P4_C,,CTRL.WTH.145_P8_C,,A.C.180,,DONE,6,,,,,,,,,,,
cool,12/3/2025,M,WARM.WTH.139_P3_C,,WARM.WTH.114_P7_C,,W.C.425,,DONE,6,,,,,,,,,,,
cool,12/3/2025,M,F1.WARM.WARM_P6_C,,F3.MEAN.WARM_P4_C,,M.W.C.151,,DONE,6,,,,,,,,,,,
cool,12/3/2025,M,WARM.WTH.89_P4_C,,,WC,,dead 19/12,DONE,6,,dead,,,,,,,,,
cool,12/3/2025,F,WARM.WTH.123_P8_C,0.0209,WARM.WTH.106_P4_C,,W.C.179,,DONE,6,,,0,0,0,,,,,,
cool,12/3/2025,F,CTRL.WTH.145_P8_C,0.027,F1.HOT.CTRL_P4_C,,A.C.180,,DONE,6,,,0,0,0,,,,,,
cool,12/3/2025,F,CTRL.WTH.152_P4_C,0.0189,F1.CTRL.CTRL_P2_C,,A.C.181,,DONE,6,,,40,69,109,DONE,1617,Y,3B14,4E4,"1617_1A and 1617_1B are the same 10 eggs, 1617_2A is a different set of 10"
cool,12/3/2025,F,F4.CTRL.HOT_P2_C,0.032,F3.CTRL.HOT_P2_C,,A.H.C.182,,DONE,6,,,15,72,87,N/A,2904,Y,3B2,2E11,
ambient,12/3/2025,F,MEAN.WTH.111_P1_A,0.0151,MEAN.WTH.160_P1_A,,M.A.183,,DONE,12,,,2,3,5,DONE,9528,,,,
ambient,12/3/2025,F,WARM.WTH.84_P6_A,0.027,WARM.WTH.89_P6_A,,W.A.184,,DONE,12,,,0,261,261,DONE,1538,Y,5A8,2C6,
ambient,12/3/2025,F,HOT.WTH.22_P4_A,0.0394,HOT.WTH.159_P1_A,,H.A.185,,DONE,6,,,0,13,13,DONE,4624,,,,
ambient,12/3/2025,F,WARM.WTH.74_P6_A,0.0174,F1.COOL.WARM_P7_A,,W.A.186,,DONE,6,,,2,45,47,DONE,7867,Y,4E16,4A15,
ambient,12/3/2025,F,COOL.WTH.96_P1_A,0.0121,COOL.WTH.17_P2_A,,C.A.187,,DONE,6,,,0,57,57,DONE,4461,Y,5B4,5C13,
ambient,12/3/2025,F,HOT.WTH.102_P3_A,0.029,HOT.WTH.158_P4_A,,H.A.188,,DONE,6,,,0,186,186,DONE,6617,Y,4E2,4A12,"1A,1B, 2A"
ambient,12/3/2025,F,HOT.WTH.148_P3_A,0.0283,HOT.WTH.103_P4_A,,H.A.189,,DONE,6,,,0,230,230,DONE,7814,Y,4E3,1A7,"1A,1B, 2A"
ambient,12/3/2025,F,WARM.WTH.102_P2_A,0.0151,WARM.WTH.104_P5_A,,W.A.190,,DONE,6,,,0,18,18,DONE,8004,,4E4,,
ambient,12/3/2025,F,WARM.WTH.164_P3_A,0.0231,WARM.WTH.106_P5_A,,W.A.191,,DONE,6,,,5,54,59,DONE,7800,Y,4D14,5A16,"1A,1B, 2A"
ambient,12/3/2025,F,WARM.WTH.92_P3_A,0.0387,WARM.WTH.152_P6_A,,W.A.192,,DONE,12,,,0,44,44,DONE,4007,Y,4D12,5E15,
cool,12/3/2025,M,CTRL.WTH.118_P4_A,,F1.HOT.CTRL_P3_A,,H.A.A.143,,DONE,6,,,,,,,,,,,
cool,12/3/2025,M,HOT.WTH.64_P3_A,,F5.CTRL.HOT_P11_A,,A.H.A.171,,DONE,6,,,,,,,,,,,
ambient,12/3/2025,M,MEAN.WTH.49_P2_A,,MEAN.WTH.130_P4_A,,M.A.140,,DONE,6,,,,,,,,,,,
ambient,12/3/2025,M,HOT.WTH.98_P2_A,,HOT.WTH.155_P6_A,,H.A.286,,76,,,,,,,,,,,,
ambient,12/3/2025,M,WARM.WTH.170_P9_A,,WARM.WTH.150_P3_A,,W.A.169,,DONE,6,,,,,,,,,,,
ambient,12/3/2025,M,WARM.WTH.153_P1_A,,WARM.WTH.98_P5_A,,W.A.168,,DONE,6,,,,,,,,,,,
ambient,12/3/2025,M,HOT.WTH.154_P1_A,,F2.WARM.HOT_P4_A,,W.H.A.98,,DONE,0,,,,,,,,,,,
ambient,12/3/2025,M,WARM.WTH.89_P6_A,,WARM.WTH.84_P6_A,,W.A.184,wings closed,76,,,,,,,,,,,,
hot,12/3/2025,M,F3.MEAN.HOT_P6_H,,F1.WARM.HOT_P7_H,,W.H.H.96,,DONE,7,,,,,,,,,,,
hot,12/3/2025,M,HOT.WTH.70_P1_H,,HOT.WTH.42_P2_H,,H.H.196,,DONE,7,,,,,,,,,,,
hot,12/3/2025,M,WARM.WTH.33_P5_H,,WARM.WTH.50_P5_H,,W.H.323,,76,,,,,,,,,,,,
hot,12/3/2025,M,HOT.WTH.94_P2_H,,HOT.WTH.148_P2_H,,H.H.235,,DONE,13,,,,,,,,,,,
hot,12/3/2025,M,HOT.WTH.53_P2_H,,HOT.WTH.123_P1_H,,H.H.241,wing totally close to redo,DONE,13,,,,,,,,,,,
hot,12/3/2025,M,HOT.WTH.41_P8_H,,HOT.WTH.138_P1_H,,H.H.326,,DONE,7,,,,,,,,,,,
hot,12/3/2025,M,HOT.WTH.158_P1_H,,HOT.WTH.162_P2_H,,H.H.237,,DONE,7,,,,,,,,,,,
hot,12/3/2025,M,WARM.WTH.26_P5_H,,WARM.WTH.22_P7_H,,W.H.325,,DONE,7,7,,,,,,,,,,
hot,12/3/2025,M,F7.COOL.WARM_P2_H,,F1.WARM.WARM_P2_H,,W.W.H.273,,DONE,7,7,,,,,,,,,,
hot,12/3/2025,M,CTRL.WTH.74_P5_H,,CTRL.WTH.92_P4_H,,A.H.193,,DONE,7,,,,,,,,,,,
hot,12/3/2025,M,COOL.WTH.92_P1_H,,,CH,,dead 19/12,DONE,7,,dead,,,,,,,,,
hot,12/3/2025,M,F1.CTRL.CTRL_P4_H,,CTRL.WTH.130_P6_H,,A.H.195,,DONE,7,,,,,,,,,,,
hot,12/3/2025,F,CTRL.WTH.92_P4_H,0.0293,CTRL.WTH.74_P5_H,,A.H.193,,DONE,7,,,0,307,307,DONE,7803,Y,2D9,4C16,"1A,1B, 2A"
hot,12/3/2025,F,CTRL.WTH.44_P3_H,0.0245,CTRL.BLG_15_P1_H,,A.H.194,,DONE,7,,,86,0,86,TOO SHRIVELLED,3210,,,,
hot,12/3/2025,F,CTRL.WTH.130_P6_H,0.0224,F1.CTRL.CTRL_P4_H,,A.H.195,,DONE,7,,,4,110,114,DONE,3285,Y,3D10,2C15,"1A,1B, 2A"
hot,12/3/2025,F,HOT.WTH.42_P2_H,0.0301,HOT.WTH.70_P1_H,,H.H.196,,DONE,7,,,0,175,175,DONE,6792,Y,3D15,5A6,"1A,1B, 2A"
hot,12/3/2025,F,CTRL.WTH.22_P3_H,0.0236,,AH,A.H.197,,DONE,7,,dead,,,,,,,,,
hot,12/3/2025,F,HOT.WTH.78_P4_H,0.0288,HOT.WTH.1_P5_H,,H.H.198,,DONE,6,,,0,119,119,DONE,8683,Y,3C6,2C5,"1A,1B, 2A"
hot,12/3/2025,F,HOT.WTH.39_P1_H,0.0322,HOT.WTH.29_P2_H,,H.H.199,,DONE,6,,,0,109,109,DONE,9935,Y,2 E6,1A12,"1A,1B, 2A"
hot,12/3/2025,F,CTRL.WTH.123_P4_H,0.0186,CTRL.WTH.98_P4_H,,A.H.200,,DONE,7,,,0,46,46,DONE,6508,Y,2D5,2C2,
hot,12/3/2025,F,CTRL.WTH.114_P4_H,0.0243,F4.CTRL.CTRL_P1_H,,A.H.201,,DONE,6,,,8,54,62,DONE,5212,Y,3D13,5A1,
hot,12/3/2025,F,HOT.WTH.92_P5_H,0.0354,HOT.WTH.103_P1_H,,H.H.202,,DONE,6,,,0,254,254,DONE,8825,Y,2 E2,1C6,
mean,12/3/2025,F,WARM.WTH.170_P3_M,0.0157,WARM.WTH.70_P1_M,,W.M.203,,DONE,6,,,3,31,34,DONE,2705,Y,1D6,1A3,
mean,12/3/2025,F,HOT.WTH.158_P6_M,0.0329,HOT.WTH.153_P4_M,,H.M.204,,DONE,6,,,6,0,6,DONE,8878,,,,
mean,12/3/2025,F,F6.CTRL.CTRL_P1_M,0.0404,F2.MEAN.CTRL_P3_M,,A.A.M.205,,DONE,6,,,0,355,355,,,Y,1C14,1E6,
mean,12/3/2025,F,F4.COOL.WARM_P2_M,0.0216,F1.COOL.WARM_P3_M,,C.W.M.206,,DONE,6,,,40,60,100,,,Y,1D5,1C7,
mean,12/3/2025,F,WARM.WTH.159_P5_M,0.0146,WARM.WTH.89_P2_M,,W.M.207,,DONE,6,,,0,91,91,DONE,9080,Y,1D4,5C10,"1A,1B, 2A"
mean,12/3/2025,F,F1.COOL.WARM_P2_M,0.0371,WARM.WTH.113_P3_M,,C.W.M.208,,DONE,6,,,3,91,94,,,Y,1D2,4E3,
mean,12/3/2025,M,WARM.WTH.38_P5_M,,F2.WARM.WARM_P3_M,,W.W.M.114,,DONE,5,,,,,,,,,,,
mean,12/3/2025,M,F6.CTRL.MEAN_P3_M,,MEAN.WTH.16_P2_M,,M.M.102,,DONE,6,,,,,,,,,,,
mean,12/3/2025,M,WARM.WTH.13_P2_M,,F4.WARM.WARM_P2_M,,W.W.M.165,,DONE,6,,,,,,,,,,,
mean,12/3/2025,M,HOT.WTH.121_P5_M,,F4.COOL.HOT_P6_M,,C.H.M.167,,DONE,6,,,,,,,,,,,
mean,12/3/2025,M,HOT.WTH.74_P4_M,,F5.CTRL.HOT_P10_M,,A.M.113,,DONE,5,,,,,,,,,,,
warm,12/3/2025,F,F5.CTRL.HOT_P8_W,0.0357,F1.HOT.HOT_P5_W,,A.H.W.209,,DONE,6,,,0,167,167,,,Y,4B9,3C9,
warm,12/3/2025,F,WARM.WTH.43_P7_W,0.0301,WARM.WTH.89_P3_W,,W.W.210,,DONE,6,,,0,229,229,DONE,1987,Y,5B15,2C4,"1A,1B, 2A"
warm,12/3/2025,M,CTRL.WTH.103_P1_W,,CTRL.WTH.158_P1_W,,A.W.211,,DONE,7,,,,,,,,,,,
warm,12/3/2025,F,WARM.WTH.25_P6_W,0.0201,WARM.WTH.88_P3_W,,W.W.212,partially eclosed,DONE,7,,,13,32,45,DONE,9977,Y,4A4,3C12,
warm,12/3/2025,F,CTRL.WTH.158_P1_W,0.0256,CTRL.WTH.103_P1_W,,A.W.211,,DONE,7,,,0,184,184,DONE,5806,Y,5B14,5C3,"1A,1B,2A"
warm,12/3/2025,F,WARM.WTH.13_P3_W,0.0338,WARM.WTH.49_P3_W,,W.W.214,,DONE,7,,,0,7,7,DONE,6587,,,,
warm,12/3/2025,F,CTRL.WTH.159_P3_W,0.0253,F4.CTRL.CTRL_P7_W,,A.W.215,,DONE,7,,,32,224,256,DONE,4808,Y,5B13,4A10,"1A,1B,2A"
warm,12/3/2025,F,F1.WARM.WARM_P1_W,0.0291,F7.COOL.WARM_P4_W,,W.W.W.216,,DONE,6,,,0,163,163,,,Y,5A10,5C1,
warm,12/3/2025,F,F5.CTRL.HOT_P6_W,0.0282,F3.MEAN.HOT_P2_W,,A.H.W.217,,DONE,5,,,0,237,237,,,Y,5A8,2E6,
warm,12/3/2025,F,HOT.WTH.33_P4_W,0.0367,HOT.WTH.179_P2_W,,H.W.218,,DONE,7,,,0,230,230,DONE,8425,Y,5A5,3C13,"1A,1B,2A"
warm,12/3/2025,F,WARM.WTH.86_P3_W,0.0245,F5.CTRL_WARM_P2_W,,W.W.219,,DONE,7,,,0,0,0,,,,,5E6,
warm,12/3/2025,M,F4.CTRL.CTRL_P7_W,,CTRL.WTH.159_P3_W,,A.W.215,,DONE,7,,,,,,,,,,,
warm,12/3/2025,M,HOT.WTH.155_P10_W,,HOT.WTH.114_P7_W,,H.W.222,,DONE,7,,,,,,,,,,,
warm,12/3/2025,M,MEAN.WTH.53_P1_W,,MEAN.WTH.44_P2_W,,M.W.132,,DONE,6,,,,,,,,,,,
warm,12/3/2025,M,HOT.WTH.70_P3_W,,HOT.WTH.106_P7_W,,H.W.164,,DONE,6,,,,,,,,,,,
warm,12/3/2025,M,F5.CTRL_WARM_P2_W,,WARM.WTH.86_P3_W,,W.W.219,please have another picture,DONE,7,,,,,,,,,,,
warm,12/3/2025,M,HOT.WTH.179_P2_W,,HOT.WTH.33_P4_W,,H.W.218,,DONE,7,,,,,,,,,,,
warm,12/3/2025,M,HOT.WTH.106_P4_W,,HOT.WTH.98_P5_W,,H.W.219,,DONE,7,,,,,,,,,,,
warm,12/3/2025,M,WARM.WTH.49_P3_W,,WARM.WTH.13_P3_W,,W.W.214,,DONE,7,,,,,,,,,,,
warm,12/3/2025,M,HOT.WTH.153_P5_W,,HOT.WTH.114_P1_W,,H.W.221,wings closed please retake ,DONE,7,,,,,,,,,,,
warm,12/5/2025,F,WARM.WTH.158_P1_W,0.0239,WARM.WTH.153_P8_W,,W.W.215,,DONE,5,,,0,177,177,DONE,3224,Y,4A15,3C4,
warm,12/5/2025,M,WARM.WTH.153_P8_W,,WARM.WTH.158_P1_W,,W.W.215,wing totally close to redo,DONE,20,,,,,,,,,,,
warm,12/5/2025,F,F2.HOT.HOT_P1_W,0.0282,HOT.WTH.161_P2_W,,H.H.W.216,,DONE,5,,,0,214,214,,,Y,4B16,5C4,
warm,12/5/2025,F,F3.MEAN.WARM_P7_W,0.0259,F2.HOT.WARM_P4_W,,M.W.W.217,,DONE,5,,,0,46,46,,,Y,4A12,1E7,
warm,12/5/2025,F,MEAN.WTH.25_P1_W,0.0102,F5.CTRL.MEAN_P2_W,,M.W.218,,DONE,5,,,1,0,1,DONE,2164,,,,
warm,12/5/2025,F,HOT.WTH.98_P5_W,0.0291,HOT.WTH.106_P4_W,,H.W.219,,DONE,5,,,0,35,35,DONE,7082,Y,5B12,,"1A,1B,2A"
warm,12/5/2025,F,CTRL.WTH.148_P6_W,0.0294,CTRL.WTH.47_P1_W,,A.W.220,,DONE,4,,,10,220,230,DONE,8633,Y,5B11,4A1,"1A,1B,2A"
warm,12/5/2025,F,HOT.WTH.114_P1_W,0.0351,HOT.WTH.153_P5_W,,H.W.221,,DONE,5,,,2,68,70,DONE,3212,Y,5B10,2A16,"1A,1B,2A"
warm,12/5/2025,F,HOT.WTH.114_P7_W,0.0297,HOT.WTH.155_P10_W,,H.W.222,,DONE,5,,,0,184,184,DONE,2611,Y,5B8,5E11,"1A,1B,2A"
warm,12/5/2025,F,HOT.WTH.25_P1_W,0.029,HOT.WTH.43_P6_W,,H.W.223,,DONE,5,,,8,69,77,DONE,4852,Y,5B9,1E16,
warm,12/5/2025,M,HOT.WTH.43_P6_W,,HOT.WTH.25_P1_W,,H.W.223,,DONE,5,,,,,,,,,,,
warm,12/5/2025,F,WARM.WTH.98_P8_W,0.0112,WARM.WTH.170_P11_W,,W.W.224,,DONE,5,,,1,9,10,DONE,6564,,,,
warm,12/5/2025,M,WARM.WTH.170_P11_W,,WARM.WTH.98_P8_W,,W.W.224,,DONE,5,,,,,,,,,,,
warm,12/5/2025,F,CTRL.WTH.161_P3_W,0.0254,CTRL.WTH.23_P3_W,,A.W.225,,DONE,5,,,0,0,0,NO EGGS,1709,,,,
warm,12/5/2025,M,CTRL.WTH.23_P3_W,,CTRL.WTH.161_P3_W,,A.W.225,,DONE,5,,,,,,,,,,,
warm,12/5/2025,F,F2.WARM.WARM_P2_W,0.0154,WARM.WTH.146_P3_W,,W.W.226,,DONE,5,,,0,117,117,N/A - SIENNA FEMALE,9041,Y,4C4,3A2,
warm,12/5/2025,F,CTRL.WTH.164_P3_W,0.0195,CTRL.WTH.151_P1_W,,A.W.227,,DONE,5,,,10,0,10,EGGS TOO SHRIVELLED,2257,,,,
warm,12/5/2025,M,CTRL.WTH.151_P1_W,,CTRL.WTH.164_P3_W,,A.W.227,,DONE,5,,,,,,,,,,,
warm,12/5/2025,F,CTRL.WTH.153_P1_W,0.0262,CTRL.WTH.146_P3_W,,A.W.228,,DONE,5,,,0,95,95,DONE,3469,Y,4B1,,
warm,12/5/2025,F,WARM.WTH.170_P2_W,0.0149,WARM.WTH.152_P1_W,,W.W.229,,DONE,5,,,0,60,60,DONE,3111,Y,4A14,2A2,
warm,12/5/2025,F,WARM.WTH.117_P4_W,0.0232,WARM.WTH.38_P3_W,,W.W.230,,DONE,5,,,0,41,41,DONE,7223,Y,4A11,5E12,
warm,12/5/2025,M,F6.CTRL.HOT_P1_W,,F7.COOL.HOT_P2_W,,C.H.W.340,,DONE,5,,,,,,,,,,,
warm,12/5/2025,M,HOT.WTH.121_P8_W,,HOT.WTH.64_P1_W,,A.W.313,should be named H.W.313,DONE,5,,,,,,,,,should be named H.W.313,,
warm,12/5/2025,M,F4.CTRL.CTRL_P3_W,,CTRL.WTH.94_P1_W,,A.W.314,,DONE,12,387,,,,,,,,,,
warm,12/5/2025,M,F7.COOL.WARM_P5_W,,WARM.WTH.154_P2_W,,W.W.299,,DONE,5,,,,,,,,,,,
warm,12/5/2025,M,HOT.WTH.117_P4_W,,HOT.WTH.74_P8_W,,H.W.315,,DONE,12,,,,,,,,,,,
warm,12/5/2025,M,HOT.WTH.13_P2_W,,HOT.WTH.22_P5_w,,H.W.310,,DONE,5,,,,,,,,,,,
warm,12/5/2025,M,HOT.WTH.159_P2_W,,HOT.WTH.148_P5_W,,H.W.301,,DONE,5,,,,,,,,,,,
warm,12/5/2025,M,HOT.WTH.89_P3_W,,HOT.WTH.152_P1_W,,H.W.341,,DONE,12,,,,,,,,,,,
warm,12/5/2025,M,HOT.BLG.15_P6_W,,HOT.MUN.1_P2_W,,H.W.413,,DONE,5,,,,,,,,,,,
cool,12/5/2025,M,CTRL.WTH.139_P8_C,,CTRL.BLG.15_P10_C,,A.C.276,,DONE,11,,,,,,,,,,,
cool,12/5/2025,F,HOT.WTH.16_P2_C,0.0362,HOT.WTH.1_P3_C,,H.C.231,,DONE,11,,,9,182,191,DONE,4034,Y,3B16,2A7,"1A,1B,2A"
cool,12/5/2025,M,CTRL.WTH.48_P5_C,,CTRL.WTH.23_P2_C,,A.C.232,,DONE,11,,,,,,,,,,,
cool,12/5/2025,M,WARM.WTH.89_P9_C,,WARM.WTH.98_P12_C,,W.C.280,,DONE,11,,,,,,,,,,,
cool,12/5/2025,F,CTRL.WTH.23_P2_C,0.0254,CTRL.WTH.48_P5_C,,A.C.232,,DONE,20,,,4,19,23,DONE,3338,,,,
cool,12/5/2025,M,WARM.WTH.121_P4_C,,WARM.WTH.92_P1_C,,W.C.377,,DONE,11,,,,,,,,,,,
cool,12/5/2025,M,WARM.WTH.84_P4_C,,,WC,,,DONE,11,,dead,,,,,,,,,
hot,12/5/2025,F,CTRL.WTH.39_P3_H,0.0206,CTRL.WTH.123_P4_H,,A.H.233,,DONE,11,,,0,0,0,,,,,,
hot,12/5/2025,F,F1.HOT.CTRL_P2_H,0.031,F6.MEAN.CTRL_P1_H,,H.A.H.234,,DONE,11,,,0,95,95,,,Y,3C5,4A9,
hot,12/5/2025,F,HOT.WTH.148_P2_H,0.0301,HOT.WTH.94_P2_H,,H.H.235,,DONE,11,,,0,256,256,DONE,7908,Y,3C3,4E7,
hot,12/5/2025,F,CTRL.WTH.13_P4_H,0.0314,CTRL.WTH.155_P2_H,,A.H.236,,DONE,11,,,1,110,111,DONE,2346,Y,2F2,5A14,
hot,12/5/2025,F,HOT.WTH.162_P2_H,0.0319,HOT.WTH.158_P1_H,,H.H.237,,DONE,5,,,0,246,246,DONE,7622,Y,2D7,4E14,
hot,12/5/2025,F,MEAN.WTH.22_P1_H,0.0176,MEAN.WTH.157_P1_H,,M.H.238,,DONE,11,,,0,106,106,DONE,76221,Y,3C7,5E2,
hot,12/5/2025,F,F2.WARM.WARM_P5_H,0.0176,WARM.WTH.53_P3_H,,W.W.H.239,,DONE,11,,,2,143,145,,,Y,2 E3,6A8,
hot,12/5/2025,F,CTRL.WTH.43_P1_H,0.023,CTRL.WTH.102_P1_H,,A.H.240,,DONE,11,,,0,0,0,NO EGGS,8727,,,,
hot,12/5/2025,F,HOT.WTH.123_P1_H,0.0357,HOT.WTH.53_P2_H,,H.H.241,,DONE,11,,,0,15,15,DONE,6000,,,,
hot,12/5/2025,F,F6.MEAN.MEAN_P1_H,0.0118,,MMH,M.M.H.242,,DONE,11,,dead,,,,,,,,,
hot,12/5/2025,M,HOT.WTH.22_P8_H,,HOT.WTH.168_P1_H,,H.H.351,,DONE,11,,,,,,,,,,,
hot,12/5/2025,M,WARM.WTH.42_P1_H,,WARM.WTH.158_P4_H,,W.H.352,,DONE,11,,,,,,,,,,,
hot,12/5/2025,M,WARM.WTH.98_P3_H,,WARM.WTH.104_P3_H,,W.H.380,,DONE,11,,,,,,,,,,,
mean,12/5/2025,F,HOT.WTH.138_P3_M,0.0298,HOT.WTH.86_P6_M,,H.M.243,,DONE,4,,,0,23,23,DONE,6406,,,,
mean,12/5/2025,F,HOT.WTH.162_P8_M,0.0298,HOT.WTH.22_P6_M,,H.M.244,,DONE,3,,,0,232,232,DONE,6853,Y,1B12,1C15,
mean,12/5/2025,M,WARM.WTH.123_P7_M,,F7.COOL.WARM_P3_M,,C.W.M.266,,DONE,12,,,,,,,,,,,
mean,12/5/2025,F,F2.HOT.WARM_P1_M,0.0266,WARM.WTH.167_P6_M,,H.W.M.246,,DONE,12,,,5,224,229,,,Y,1B8,1E13,
mean,12/5/2025,F,MEAN.WTH.53_P3_M,0.0122,MEAN.WTH.145_P2_M,,M.M.247,,DONE,12,,,0,10,10,DONE,5387,,,,
mean,12/5/2025,F,HOT.WTH.168_P6_M,0.0231,HOT.WTH.89_P2_M,,H.M.248,,DONE,4,,,1,102,103,DONE,6345,Y,1B2,4A4,
mean,12/5/2025,F,F3.MEAN.HOT_P5_M,0.0239,HOT.WTH.162_P9_M,,H.M.249,,DONE,12,,,1,210,211,N/A - SIENNA FEMALE,2707,Y,1A11,3E13,
mean,12/5/2025,F,F2.WARM.WARM_P1_M,0.0217,WARM.WTH.123_P6_M,,W.W.M.250,,DONE,12,,,0,132,132,N/A,5700,Y,1B5,6A4,
mean,12/5/2025,F,WARM.WTH.26_P1_M,0.0276,WARM.WTH.157_P4_M,,W.M.251,too active impossible picture,74,,,,3,41,44,DONE,2834,Y,1B10,1E4,
mean,12/5/2025,M,WARM.WTH.157_P4_M,,WARM.WTH.26_P1_M,,W.M.251,too active impossible picture,74,,,,,,,,,,,,
mean,12/5/2025,M,F3.MEAN.WARM_P6_M,,WARM.WTH.160_P7_M,,W.M.264,,DONE,12,,,,,,,,,,,
mean,12/5/2025,M,CTRL.WTH.176_P1_M,,CTRL.WTH.49_P7_M,,A.M.395,,DONE,12,,,,,,,,,,,
ambient,12/5/2025,M,WARM.WTH.160_P4_A,,WARM.WTH.130_P7_A,,W.A.252,libby,74,,,,,,,,,,,,
ambient,12/5/2025,F,WARM.WTH.130_P7_A,0.0298,WARM.WTH.160_P4_A,,W.A.252,,DONE,13,,,1,89,90,DONE,4110,Y,4D9,5A5,"1A,1B,2A"
ambient,12/5/2025,F,HOT.WTH.84_P3_A,0.0405,HOT.WTH.23_P3_A,,H.A.253,,DONE,13,,,1,173,174,DONE,7308,Y,4E5,2A4,"1A,1B,2A"
ambient,12/5/2025,F,CTRL.WTH.153_P2_A,0.0261,CTRL.WTH.170_P1_A,,A.A.254,,DONE,4,,,90,0,90,DONE,9928,,,,
ambient,12/5/2025,M,HOT.WTH.170_P1_A,,HOT.WTH.160_P3_A,,H.A.295,,DONE,13,,,,,,,,,,,
ambient,12/5/2025,M,WARM.WTH.139_P5_A,,WARM.WTH.148_P4_A,,W.A.290,,DONE,13,,,,,,,,,,,
ambient,12/5/2025,M,HOT.WTH.167_P1_A,,,HA,,,74,,,,,,,,,,,,
mean,12/7/2025,M,HOT.WTH.155_P9_M,,HOT.WTH.103_P6_M,,H.M.260,,72,,,,,,,,,,,,
mean,12/7/2025,M,WARM.WTH.123_P6_M,,F2.WARM.WARM_P1_M,,W.W.250,too active maybe to retake ,DONE,10,,,,,,,,,,,
mean,12/7/2025,M,HOT.GLF.16_P2_M,,HOT.WTH.106_P3_M,,H.M.339,,DONE,10,,,,,,,,,,,
mean,12/7/2025,M,HOT.WTH.162_P9_M,,F3.MEAN.HOT_P5_M,,H.M.249,,DONE,10,,,,,,,,,,,
mean,12/7/2025,M,WARM.WTH.151_P3_M,,F1.WARM.WARM_P4_M,,W.M.M.166,,DONE,8,,,,,,,,,,,
mean,12/7/2025,F,CTRL.WTH.89_P3_M,0.0252,CTRL.WTH.127_P2_M,,A.M.255,,DONE,10,,,2,6,8,DONE,9274,,,,
mean,12/7/2025,F,HOT.WTH.98_P7_M,0.0332,F3.CTRL.HOT_P9_M,,H.M.256,,DONE,2,,,0,16,16,DONE,4467,,,,
mean,12/7/2025,F,WARM.WTH.148_P5_M,0.0236,WARM.MUN.1_P2_M,,W.M.257,,DONE,2,,,4,228,232,DONE,8376,Y,1A16,2E5,"1A,1B,2A"
mean,12/7/2025,F,MEAN.WTH.70_P1_M,0.0113,MEAN.WTH.162_P5_M,,M.M.258,,DONE,10,,,0,60,60,DONE,5171,Y,1A14,5E10,"1A,1B,2A"
mean,12/7/2025,F,HOT.WTH.168_P5_M,0.0251,F1.HOT.HOT_P4_M,,H.M.259,,DONE,10,,,0,0,0,NO EGGS,6213,,,,
mean,12/7/2025,F,HOT.WTH.103_P6_M,0.0246,HOT.WTH.155_P9_M,,H.M.260,,DONE,10,,,5,21,26,DONE,8384,,,,
mean,12/7/2025,F,WARM.WTH.103_P7_M,0.0275,WARM.WTH.138_P6_M,,W.M.261,,DONE,10,,,39,0,39,DONE,8089,,,,
mean,12/7/2025,F,F6.MEAN.CTRL_P2_M,0.0266,CTRL.WTH.139_P7_M,,M.A.M.262,,DONE,2,,,3,175,178,,,Y,1A5,5C15,
mean,12/7/2025,F,F2.HOT.MEAN_P1_M,0.0092,,HMM,H.M.M.263,,DONE,10,,,4,27,31,,,,,,
mean,12/7/2025,F,WARM.WTH.160_P7_M,0.0196,F3.MEAN.WARM_P6_M,,W.M.264,,72,,,,3,0,3,DONE,7517,,,,
mean,12/7/2025,F,HOT.WTH.114_P10_M,0.0256,F2.HOT.HOT_P3_M,,H.M.265,,DONE,10,,,0,0,0,NO EGGS,,,,,
mean,12/7/2025,F,F7_COOL_WARM_P3_M,0.0225,WARM.WTH.123_P7_M,,C.W.M.266,,DONE,10,,,0,70,70,,,Y,1B16,4E9,
mean,12/7/2025,F,HOT.WTH.102_P4_M,0.0352,HOT.GLF.5_P5_M,,H.M.267,,DONE,2,,,25,36,61,DONE,3162,Y,1A8,1C4,"1A,1B,2A"
mean,12/7/2025,F,F5.CTRL.CTRL_P2_M,0.0326,F2.WARM.CTRL_P4_M,,A.A.M.268,,DONE,10,,,9,73,82,,,Y,1B6,3E14,
mean,12/7/2025,F,CTRL.WTH.70_P5_M,0.0255,CTRL.WTH.138_P4_M,,A.M.269,,DONE,10,,,150,0,152,DONE,26900,,,,
hot,12/7/2025,M,HOT.WTH.74_P7_H,,,HH,,,72,,,dead,,,,,,,,,
hot,12/7/2025,M,HOT.WTH.145_P3_H,,HOT.WTH.154_P7_H,,H.H.398,,DONE,9,,,,,,,,,,,
hot,12/7/2025,M,WARM.WTH.139_P1_H,,WARM.WTH.78_P7_H,,W.H.388,,DONE,9,,,,,,,,,,,
hot,12/7/2025,M,WARM.WTH.53_P3_H,,F2.WARM.WARM_P5_H,,W.W.H.239,,DONE,9,,,,,,,,,,,
hot,12/7/2025,M,CTRL.WTH.155_P2_H,,CTRL.WTH.13_P4_H,,A.H.236,,DONE,9,,,,,,,,,,,
hot,12/7/2025,M,F6.MEAN.CTRL_P1_H,,F1.HOT.CTRL_P2_H,,H.A.H.234,,DONE,9,,,,,,,,,,,
hot,12/7/2025,M,F5.CTRL.HOT_P13_H,,F4.CTRL.HOT.P3_H,,A.H.385,,DONE,9,,,,,,,,,,,
hot,12/7/2025,M,HOT.EDI.12_P1_H,,,HH,,,DONE,9,,dead,,,,,,,,,
hot,12/7/2025,M,F6.MEAN.HOT_P2_H,,,MHH,,,DONE,9,,dead,,,,,,,,,
hot,12/7/2025,M,HOT.WTH.159_P3_H,,HOT.WTH.60_P10_H,,H.H.387,,DONE,9,,,,,,,,,,,
hot,12/7/2025,M,F4.WARM.WARM_P1_H,,,WWH,,dead,72,,,dead,,,,,,,,,
hot,12/7/2025,M,CTRL.WTH.98_P4_H,,CTRL.WTH.123_P4_H,,A.H.200,wing partially closed,DONE,3,,,,,,,,,,,
hot,12/7/2025,M,F5.CTRL.HOT_P4_H,,F3.CTRL.HOT_P11_H,,A.H.H.401,,DONE,9,,,,,,,,,,,
hot,12/7/2025,M,HOT.WTH.153_P3_H,,HOT.WTH.162_P5_H,,H.H.378,,DONE,9,,,,,,,,,,,
hot,12/7/2025,F,CTRL.WTH.164_P8_H,0.0194,,AH,A.H.270,dead ,DONE,9,,dead,,,,,,,,,
hot,12/7/2025,F,MEAN.WTH.96_P1_H,0.0084,MEAN.WTH.118_P3_H,,M.H.271,,DONE,9,,,0,0,0,,,,,,
hot,12/7/2025,F,CTRL.WTH.44_P4_H,0.0277,,AH,A.H.272,,DONE,9,,dead,,,,,,,,,
hot,12/7/2025,F,F1.WARM.WARM_P2_H,0.0322,F7.COOL.WARM_P2_H,,W.W.H.273,,DONE,3,,,1,183,184,,6496,Y,3C6,2C16,
hot,12/7/2025,F,F3.MEAN.CTRL_P3_H,0.0222,,MAH,M.A.H.274,,DONE,9,,dead,,,,,,,,,
hot,12/7/2025,F,WARM.WTH.145_P4_H,0.0308,WARM.WTH.96_P5_H,,W.H.275,,DONE,2,,,0,249,249,DONE,8632,Y,3C2,2E12,
cool,12/7/2025,M,HOT.WTH.162_P7_C,,,HC,,,DONE,9,,,,,,,,,,,
cool,12/7/2025,F,CTRL.BLG.15_P10_C,0.0155,CTRL.WTH.139_P8_C,,A.C.276,,DONE,9,,,8,0,8,DONE,16811,,,,
cool,12/7/2025,F,HOT.WTH.94_P1_C,0.0315,HOT.WTH.96_P9_C,,H.C.277,,DONE,9,,,0,263,263,DONE,8081,Y,3B7,4A6,"1A,1B,2A"
cool,12/7/2025,F,F2.COOL.HOT_P1_C,0.0357,F5.CTRL.HOT_P3_C,,C.H.C.278,,DONE,9,,,25,249,274,,,Y,3B11,4A16,
cool,12/7/2025,F,HOT.WTH.179_P5_C,0.0253,HOT.WTH.159_P5_C,,H.C.279,,DONE,2,,,0,213,213,DONE,2561,Y,3B9,2A14,
cool,12/7/2025,F,WARM.WTH.98_P8_C,0.0176,WARM.WTH.89_P9_C,,W.C.280,,DONE,9,,,80,28,108,DONE,7540,,,,
ambient,12/7/2025,M,HOT.WTH.139_P4_A,,,HA,,,DONE,12,,dead,,,,,,,,,
ambient,12/7/2025,M,F3.CTRL.HOT.2_P2_A,,,AHA,,,DONE,12,,dead,,,,,,,,,
ambient,12/7/2025,M,F7.COOL.WARM_P6_A,,F4.COOL.WARM_P4_A,,C.W.A.282,,DONE,12,,,,,,,,,,,
ambient,12/7/2025,M,CTRL.WTH.154_P3_A,,CTRL.GLF.5_P6_A,,A.A.289,,DONE,12,,,,,,,,,,,
ambient,12/7/2025,M,WARM.WTH.142_P3_A,,WARM.WTH.161_P3_A,,W.A.283,libby,72,,,,,,,,,,,,
ambient,12/7/2025,F,F1.HOT.WARM_P7_A,0.0233,F5.CTRL.WARM_P7_A,HWA,H.W.A.281,libby,DONE,12,,,174,0,174,,,,,,
ambient,12/7/2025,F,F4.COOL.WARM_P4_A,0.0215,F7.COOL.WARM_P6_A,,C.W.A.282,,DONE,12,,,0,49,49,,,Y,4D10,5A10,
ambient,12/7/2025,F,WARM.WTH.161_P3_A,0.0127,WARM.WTH.142_P3_A,,W.A.283,,DONE,12,,,0,0,0,NO EGGS,,,,,
ambient,12/7/2025,F,WARM.WTH.103_P4_A,0.0338,WARM.WTH.159_P3,,W.A.284,,DONE,12,,,0,22,22,DONE,4813,,,,
ambient,12/7/2025,F,MEAN.WTH.155_P2_A,0.0072,,MA,M.A.285,,DONE,12,,dead,,,,,,,,,
ambient,12/7/2025,F,HOT.WTH.155_P6_A,0.0224,HOT.WTH.98_P2_A,,H.A.286,,DONE,12,,,0,201,201,DONE,5051,Y,5A5,3C3,
ambient,12/7/2025,F,WARM.WTH.121_P6_A,0.024,WARM.WTH.168_P1_A,,W.A.287,,DONE,12,,,0,182,182,DONE,9175,Y,5A6,4E2,
ambient,12/7/2025,F,HOT.GLF.16_P5_A,0.0207,HOT.WTH.111_P2_A,,H.A.288,,DONE,2,,,0,132,132,DONE,6566,Y,5A4,4A3,
ambient,12/7/2025,F,CTRL.GLF.5_P6_A,0.0265,CTRL.WTH.154_P3_A,,A.A.289,,DONE,12,,,0,218,218,DONE,2361,Y,5A11,2C7,
ambient,12/7/2025,F,WARM.WTH.148_P4_A,0.0299,WARM.WTH.139_P5_A,,W.A.290,,DONE,12,,,3,230,233,DONE,3153,Y,4D11,2C1,
ambient,12/7/2025,F,WARM.WTH.170_P8_A,0.0171,,WA,A.A.291,,DONE,12,,dead,,,,,,,,,
ambient,12/7/2025,F,MEAN.WTH.130_P1_A,0.0201,,MA,M.A.292,,DONE,12,,,,,,,,,,,
ambient,12/7/2025,F,WARM.WTH.70_P4_A,0.0177,WARM.GLF.5_P2_A,,W.A.293,,DONE,12,,,0,100,100,DONE,4958,Y,4e12,4C15,
ambient,12/7/2025,F,MEAN.WTH.38_P1_A,0.0153,,MA,M.A.294,,DONE,12,,dead,,,,,,,,,
ambient,12/7/2025,F,HOT.WTH.160_P3_A,0.028,HOT.WTH.170_P1_A,,H.A.295,,DONE,12,,,0,53,53,DONE,7154,Y,4E6,2A15,
ambient,12/7/2025,F,WARM.BLG.15_P6_A,0.0178,,WA,W.A.296,,DONE,12,,dead,,,,,,,,,
ambient,12/7/2025,F,CTRL.WTH.179_P2_A,0.0328,CTRL.WTH.15_P4_A,,A.A.297,,DONE,12,,,8,119,127,DONE,5720,Y,5C1,1C8,
ambient,12/7/2025,F,WARM.MCH.7_P1_A,0.0306,,WA,W.A.298,,DONE,12,,dead,,,,,,,,,
warm,12/7/2025,M,WARM.WTH.148_P3_W,,WARM.WTH.104_P2_W,,W.W.317,wing partially closed,DONE,10,,,,,,,,,,,
warm,12/7/2025,M,WARM.WTH.155_P2_W,,WARM.ETH.111_P5_W,,W.W.316,,DONE,10,,,,,,,,,,,
warm,12/7/2025,M,F2.HOT.WARM_P4_W,,F3.MEAN.WARM_P7_W,,M.W.W.217,,DONE,3,,,,,,,,,,,
warm,12/7/2025,M,CTRL.WTH.146_P3_W,,CTRL.WTH.153_P1_W,,A.W.228,,DONE,3,,,,,,,,,,,
warm,12/7/2025,M,WARM.WTH.146_P3_W,,F2.WARM.WARM_P2_W,,W.W.226,,DONE,3,,,,,,,,,,,
warm,12/7/2025,M,WARM.WTH.38_P3_W,,WARM.WTH.117_P4_W,,W.W.230,,DONE,3,,,,,,,,,,,
warm,12/7/2025,M,WARM.WTH.102_P5_W,,WARM.WTH.123_P5_W,,W.W.302,,DONE,10,,,,,,,,,,,
warm,12/7/2025,M,WARM.WTH.152_P1_W,,WARM.WTH.170_P2_W,,W.W.229,,DONE,3,,,,,,,,,,,
warm,12/7/2025,M,WARM.WTH.118_P2_W,,WARM.WTH.26_P3_W,,W.W.312,,DONE,10,,,,,,,,,,,
warm,12/7/2025,M,F1.COOL.COOL_P2_W,,,CCW,,,DONE,10,,dead,,,,,,,,,
warm,12/7/2025,M,HOT.WTH.161_P2_W,,F2.HOT.HOT_P1_W,,H.H.W.216,,DONE,3,,,,,,,,,,,
warm,12/7/2025,F,WARM.WTH.154_P2_W,0.0138,F7.COOL.WARM_P5_W,,W.W.299,,DONE,3,,,0,68,68,DONE,1385,Y,4B15,2A12,
warm,12/7/2025,M,F5.CTRL.MEAN_P2_W,,MEAN.WTH.25_P1_W,,M.W.218,,DONE,3,,,,,,,,,,,
warm,12/7/2025,F,HOT.WTH.148_P5_W,0.0149,HOT.WTH.159_P2_W,,H.W.301,,DONE,3,,,5,245,250,DONE,9332,Y,4B11,3A7,
warm,12/7/2025,F,WARM.WTH.123_P5_W,0.0287,WARM.WTH.102_P5_W,,W.W.302,,DONE,10,,,0,10,10,DONE,1030,,,,
warm,12/7/2025,F,MEAN.WTH.153_P1_W,0.0282,MEAN.WTH.64_P2_W,,M.W.300,,DONE,10,,,1,71,72,DONE,5189,Y,4B2,3C11,
cool,12/9/2025,F,HOT.WTH.84_P4_C,0.0338,HOT.WTH.139_P7_C,,H.C.303,,DONE,0,,,205,0,205,DONE,4785,,,,
cool,12/9/2025,F,HOT.WTH.161_P4_C,0.0269,HOT.WTH.162_P7_C,,H.C.304,,DONE,8,,,18,0,18,DONE,8587,,,,
cool,12/9/2025,F,CTRL.WTH.117_P1_C,0.0264,,AC,H.C.305,,DONE,8,,dead,,,,,,,,,
cool,12/9/2025,M,WARM.WTH.96_P4_C,,WARM.WTH.148_P2_C,,W.C.348,,DONE,8,,,,,,,,,,,
cool,12/9/2025,M,WARM.WTH.25_P9_C,,WARM.WTH.164_P1_C,,W.C.426,,DONE,8,,,,,,,,,,,
warm,12/9/2025,F,WARM.WTH.43_P3_W,0.0271,WARM.WTH.47_P1_W,,W.W.308,,DONE,8,,,11,39,50,DONE,9369,Y,4B12,4A8,
warm,12/9/2025,F,F1.WARM.MEAN_P2_W,0.014,,WAW,W.A.W.309,,DONE,8,,dead,,,,,,,,,
warm,12/9/2025,F,HOT.WTH.22_P5_W,0.0295,HOT.WTH.13_P2_W,,H.W.310,,DONE,1,,,0,64,64,DONE,6531,Y,4B7,4C8,
warm,12/9/2025,F,CTRL.WTH.64_P6_W,0.0338,CTRL.WTH.162_P1_W,,A.W.311,,DONE,8,,,0,36,36,DONE,5619,Y,4B3,5A15,
warm,12/9/2025,F,WARM.WTH.26_P3_W,0.0208,WARM.WTH.118_P2_W,,W.W.312,,DONE,8,,,0,134,134,DONE,6697,Y,4B6,3A16,
warm,12/9/2025,F,HOT.WTH.64_P1_W,0.0264,HOT.WTH.121_P8_W,,H.W.313,,70,,,,9,130,139,DONE,1203,Y,4A7,5E9,
warm,12/9/2025,F,CTRL.WTH.94_P1_W,0.0287,F4.CTRL.CTRL_P3_W,,A.W.314,,DONE,1,,,2,259,261,DONE,4246,Y,4C5,4C5,
warm,12/9/2025,F,HOT.WTH.74_P8_W,0.0316,HOT.WTH.117_P4_W,,H.W.315,,DONE,8,,,3,150,153,DONE,3420,Y,4A3,3E2,
warm,12/9/2025,F,WARM.WTH.111_P5_W,0.025,WARM.WTH.155_P2_W,,W.W.316,,DONE,8,,,0,178,178,DONE,9855,Y,4C1,4C11,
warm,12/9/2025,F,WARM.WTH.104_P2_W,0.0279,WARM.WTH.148_P3_W,,W.W.317,,DONE,8,,,2,204,206,DONE,8631,Y,4A6,4C10,
mean,12/9/2025,F,HOT.WTH.145_P6_M,0.028,HOT.WTH.179_P4_M,,H.M.318,,DONE,8,,,9,210,219,DONE,3431,Y,1C1,4E10,
mean ,12/9/2025,F,WARM.WTH.155_P4_M ,0.0255,,WM ,W.M.319,,DONE,8,,dead,,,,,,,,,
mean ,12/9/2025,F,WARM.WTH.153_P4_M,0.0194,,WM,W.M.320,,DONE,8,,dead,,,,,,,,,
mean,12/9/2025,F,CTRL.WTH.167_P1_M ,0.0307,CTRL.WTH.123_P2_M,,A.M.321,,DONE,8,,,27,246,273,DONE,6241,Y,1C3,1A6,
ambient,12/9/2025,F,CTRL.WTH.102_P2_M ,0.033,CTRL.WTH.121_P7_M,,A.M.322,,DONE,8,,,4,38,42,DONE,62412,Y,,,
mean ,12/9/2025,M,F1.CTRL.MEAN_P4_M ,,F2.HOT.MEAN_P1_M,,H.M.M.263,,DONE,8,,,,,,,,,,,
hot,12/9/2025,F,WARM.WTH.50_P5_H,0.0285,WARM.WTH.33_P5_H,,W.H.323,,DONE,7,,,1,107,108,DONE,8566,Y,3D1,3A6,
hot,12/9/2025,F,CTRL.WTH.161_P5_H,0.0269,,AH,A.H.324,,DONE,7,,dead,,,,,,,,,
hot,12/9/2025,F,WARM.WTH.22_P7_H,0.0322,WARM.WTH.26_P5_H,,W.H.325,,DONE,1,,,0,41,41,DONE,3362,Y,3D5,2E8,
hot,12/9/2025,F,HOT.WTH.138_P1_H,0.03,HOT.WTH.41_P8_H,,H.H.326,,DONE,7,,,2,28,30,DONE,1258,,,,
hot,12/9/2025,F,MEAN.WTH.23_P2_H,0.0221,MEAN.WTH.103_P2,,M.H.327,,DONE,7,,,4,149,153,DONE,6984,Y,1D6,3E1,
hot,12/9/2025,F,CTRL.WTH.43_P1_H,0.0385,CTRL.WTH.160_P4_H,,A.H.328,,DONE,7,,,4,273,277,DONE,6408,Y,2B2,4A13,
hot,12/9/2025,F,CTRL.WTH.138_P2_H,0.0241,,AH,A.H.329,,DONE,7,,dead,,,,,,,,,
hot,12/9/2025,F,WARM.WTH.39_P1_H,0.0319,WARM.WTH.43_P9_H,,W.H.330,,DONE,7,,,3,338,341,DONE,8215,Y,3D11,3A3,
hot,12/9/2025,F,CTRL.WTH.53_P3_H,0.0328,CTRL.WTH.179_P4_H,,A.H.331,,DONE,7,,,1,196,197,DONE,2324,Y,3D3,3A14,
hot,12/9/2025,M,WARM.WTH.123_P4_H,,WARM.WTH.130_P1_H,,W.H.384,,DONE,7,,,,,,,,,,,
hot,12/9/2025,M,WARM.WTH.159_P4_H,,WARM.WTH.164_P7_H,,W.H.354,,DONE,7,,,,,,,,,,,
hot,12/9/2025,M,CTRL.WTH.102_P1_H,,CTRL.WTH.43_P1_H,,A.H.240,,DONE,7,,,,,,,,,,,
hot,12/9/2025,M,HOT.GLF.5_P6_H,,,HH,,,70,,,dead,,,,,,,,,
hot,12/9/2025,M,CTRL.WTH.123_P4_H,,CTRL.WTH.39_P3,,A.M.233,,DONE,7,,,,,,,,,,,
hot,12/9/2025,M,MEAN.WTH.103_P2_H,,MEAN.WTH.23_P2_H,,M.H.327,,DONE,7,,,,,,,,,,,
hot,12/9/2025,M,CTRL.BLG.15_P2_H,,MEAN.MUN.1_P2_H,,M.H.350,,DONE,7,,,,,,,,,,,
hot,12/9/2025,M,WARM.WTH.117_P1_H,,WARM.WTH.130_P4_H,,W.H.353,,DONE,7,,,,,,,,,,,
hot,12/9/2025,M,COOL.WTH.157_P2_H,,COOL.WTH.98_P3_H,,C.H.446,,DONE,7,,dead,,,,,,,,,
hot,12/9/2025,M,HOT.WTH.150_P1_H,,HOT.WTH.152_P4_H,,H.H.399,,DONE,7,,,,,,,,,,,
hot,12/9/2025,M,WARM.WTH.70_P3_H,,F1.COOL.WARM_P10_H,,C.W.H.355,,DONE,7,,,,,,,,,,,
ambient ,12/9/2025,F,CTRL.WTH.49_P4_A,0.0291,,AA,A.A.332,,DONE,10,,,,,,,,,,,
ambient ,12/9/2025,M,WARM.GLF.5_P2_A,,WARM.WTH.70_P4_A,,W.A.293,,DONE,10,,,,,,,,,,,
ambient ,12/9/2025,M,MEAN.WTH.160_P1_A,,MEAN.WTH.111_P1,,M.A.183,,DONE,10,,,,,,,,,,,
ambient ,12/9/2025,M,WARM.WTH.168_P1_A,,WARM.WTH.121_P6_A,,W.A.287,,DONE,10,,,,,,,,,,,
ambient ,12/9/2025,M,WARM.WTH.159_P3_A,,WARM.WTH.103_P4_A,,W.A.284,,DONE,10,,,,,,,,,,,
ambient ,12/9/2025,M,MEAN.WTH.179_P1_A,,MEAN.WTH.164_P2_A,,M.A.133,,DONE,13,,,,,,,,,,,
ambient ,12/9/2025,M,MEAN.WTH.168_P4_A,,MEAN.WTH.98_P1_A,,M.A.170,,DONE,6,,,,,,,,,,,
ambient ,12/11/2025,F,CTRL.WTH.29_P4_A,0.0265,,AA,A.A.333,,DONE,8,,dead,,,,,,,,,
ambient ,12/11/2025,F,MEAN.WTH.162_P1_A,0.0076,,MA,M.A.334,,DONE,8,,dead,,,,,,,,,
ambient ,12/11/2025,M,HOT.WTH.123_P5_A,,,HA,,,DONE,8,,,,,,,,,,,
mean,12/11/2025,M,WARM.WTH.167_P6_M,,F2.HOT.WARM_P1_M,,H.W.M.246,,DONE,6,,,,,,,,,,,
mean,12/11/2025,M,MEAN.WTH.162_P5_M,,MEAN.WTH.70_P1_M,,M.M.258,,DONE,6,,,,,,,,,,,
mean,12/11/2025,M,HOT.WTH.179_P4_M,,HOT.WTH.145_P6_M,,H.M.318,,DONE,6,,,,,,,,,,,
mean,12/11/2025,M,WARM.WTH.138_P6_M,,WARM.WTH.103_P7_M,,W.M.261,,DONE,6,,,,,,,,,,,
mean,12/11/2025,M,F7.COOL.HOT_P7_M,,HOT.GLF.16_P8_M,,H.M.337,,DONE,6,,,,,,,,,,,
mean,12/11/2025,M,MEAN.WTH.145_P2_M,,MEAN.WTH.53_P3_M,,M.M.247,,DONE,6,,,,,,,,,,,
mean,12/11/2025,F,CTRL.WTH.151_P4_M,0.0321,CTRL.WTH.153_P5_M,,A.M.335,,DONE,6,,,2,92,94,DONE,5105,Y,1D13,1E2,
mean,12/11/2025,F,WARM.WTH.121_P2_M,0.0281,,WM,W.M.336,,DONE,6,,dead,,,,,,,,,
mean,12/11/2025,F,HOT.GLF.16_P8_M,0.0239,F7.COOL.HOT_P7_M,,H.M.337,,DONE,6,,,44,95,139,DONE,5265,Y,1C6,5E4,
mean,12/11/2025,F,COOL.MCH.7_P1_M,0.0152,COOL.WTH.92_P2_M,,C.M.338,,DONE,6,,,30,0,30,eggs too shrivelled/dried out,4351,,,,
mean,12/11/2025,F,HOT.WTH.106_P3_M,0.0352,HOT.GLF.16_P2_M,,H.M.339,,DONE,6,,,0,195,195,DONE,8515,Y,1C5,2A8,
warm,12/11/2025,M,WARM.WTH.47_P1_W,,WARM.WTH.43_P3_W,,W.W.308,,DONE,6,,,,,,,,,,,
warm,12/11/2025,M,F6.MEAN.WARM_P1_W,,F2.COOL.WARM_P1_W,,C.W.W.342,,DONE,6,,,,,,,,,,,
warm,12/11/2025,M,HOT.WTH.47_P1_W,,HOT.WTH.49_P7_W,,H.W.357,,68,,,,,,,,,,,,
warm,12/11/2025,M,MEAN.WTH.64_P2_W,,MEAN.WTH.153_P1_W,,M.W.300,,DONE,6,,,,,,,,,,,
warm,12/11/2025,F,F7.COOL.HOT_P2_W,0.0243,F6.CTRL.HOT_P1_W,,C.H.W.340,,DONE,6,,,0,90,90,N/A,5070,Y,4B13,4A14,
warm,12/11/2025,F,HOT.WTH.152_P1_W,0.0256,HOT.WTH.89_P3_W,,H.W.341,,68,,,,9,28,37,DONE,3449,,,,
warm,12/11/2025,F,F2.COOL.WARM_P1_W,0.0326,F6.MEAN.COOL_P1_W,,C.W.W.342,,DONE,6,,,0,264,264,,,Y,4B8,3C10,
cool,12/11/2025,M,WARM.WTH.127_P3_C,,,WC,,,DONE,6,,dead,,,,,,,,,
cool,12/11/2025,M,WARM.WTH.114_P4_C,,WARM.WTH.160_P3_C,WC,W.C.490,,DONE,6,,,,,,,,,,,
cool,12/11/2025,M,WARM.WTH.157_P5_C,,,WC,,,DONE,6,,dead,,,,,,,,,
cool,12/11/2025,F,CTRL.WTH.47_P3_C,0.0177,,AC,A.C.343,,DONE,6,,,,,,,,,,,
cool,12/11/2025,F,MEAN.WTH.139_P1_C,0.0094,,MC,M.C.344,,DONE,6,,dead,,,,,,,,,
cool,12/11/2025,F,CTRL.WTH.103_P5_C,0.0305,,AC,A.C.345,,DONE,6,,,,,,,,,,,
cool,12/11/2025,F,HOT.WTH.164_P4_C,0.0245,HOT.WTH.161_P1_C,,H.C.346,,DONE,6,,,88,0,88,DONE,2232,,,,
cool,12/11/2025,F,CTRL.WTH.153_P9_C,0.0301,,AC,A.C.347,,DONE,6,,dead,,,,,,,,,
cool,12/11/2025,F,WARM.WTH.148_P2_C,0.0286,WARM.WTH.96_P4_C,,W.C.348,,DONE,6,,,24,182,206,DONE,2672,Y,,6A15,
cool,12/11/2025,F,HOT.WTH.96_P6_C,0.027,F5.CTRL.HOT_P15_C,,H.C.349,,DONE,6,,,14,0,14,DONE,4466,N,,,
hot,12/11/2025,M,MEAN.WTH.118_P3_H,,MEAN.WTH.96_P1_H,,M.H.271,wings closed,DONE,5,,,,,,,,,,,
hot,12/11/2025,M,CTRL.WTH.160_P4_H,,CTRL.WTH.43_P1_H,,A.H.328,,DONE,5,,,,,,,,,,,
hot,12/11/2025,M,COOL.WTH.139_P1_H,,,CH,,dead,DONE,5,,dead,,,,,,,,,
hot,12/11/2025,M,HOT.WTH.89_P1_H,,,HH,,,DONE,5,,dead,,,,,,,,,
hot,12/11/2025,M,HOT.WTH.74_P1_H,,,HH,,,DONE,5,,dead,,,,,,,,,
hot,12/11/2025,M,COOL.WTH.106_P1_H,,COOL.ART.3_P1_H,,C.H.465,,DONE,5,,,,,,,,,,,
hot,12/11/2025,M,MEAN.WTH.157_P1_H,,MEAN.WTH.22_P1_H,,M.H.238,,DONE,5,,,,,,,,,,,
hot,12/11/2025,M,CTRL.WTH.179_P4_H,,CTRL.WTH.53_P3_H,,A.H.331,,DONE,5,,,,,,,,,,,
hot,12/11/2025,F,MEAN.MUN.1_P2_H,0.0153,CTRL.BLG.15_P2_H,,M.H.350,,DONE,5,,,0,91,91,DONE,5356,Y,3C10,5C8,
hot,12/11/2025,F,HOT.WTH.168_P1_H,0.033,HOT.WTH.22_P8_H,,H.H.351,,DONE,5,,,1,249,250,DONE,3588,Y,3C14,3C15,
hot,12/11/2025,F,WARM.WTH.158_P4_H,0.0219,WARM.WTH.42_P1_H,,W.H.352,,DONE,5,,,0,92,92,DONE,7469,Y,3C16,1C2,
hot,12/11/2025,F,WARM.WTH.130_P4_H,0.0291,WARM.WTH.117_P1_H,,W.H.353,,DONE,5,,,134,0,134,DONE,6193,,,,
hot,12/11/2025,F,WARM.WTH.164_P7_H,0.0153,WARM.WTH.159_P4_H,,W.H.354,side of the pot,DONE,5,,,2,31,33,DONE,61931,Y,3D9,2C13,
hot,12/11/2025,F,F1.COOL.WARM_P10_H,0.0414,WARM.WTH.70_P3_H,,C.W.H.355,,DONE,5,,,0,119,119,N/A - SIENNA FEMALE,3329,Y,3D16,3C11,
warm,12/12/2025,F,WARM.WTH.121_P5_W,0.0269,WARM.WTH.159_P2_W,,W.W.356,,DONE,6,,,0,161,161,DONE,2608,Y,4C6,6A1,
warm,12/12/2025,M,WARM.WTH.159_P2_W,,WARM.WTH.121_P5_W,,W.W.356,,DONE,6,,,,,,,,,,,
warm,12/13/2025,F,HOT.WTH.49_P7_W,0.0294,HOT.WTH.47_P1_W,,H.W.357,,66,,,,214,0,214,TOO SHRIVELLED,4338,,,,
warm,12/13/2025,F,WARM.WTH.22_P9_W,0.0257,WARM.WTH.114_P8_W,,W.W.358,,DONE,5,,,2,174,176,DONE,7006,Y,4C9,5A12,
warm,12/13/2025,M,WARM.WTH.114_P8_W,,WARM.WTH.22_P9_W,,W.W.358,,DONE,5,,,,,,,,,,,
warm,12/13/2025,F,COOL.WTH.111_P1_W,0.0128,COOL.WTH.104_P1_W,,C.W.359,,66,,,,0,75,75,DONE,6381,Y,4A13,5E3,
warm,12/13/2025,F,WARM.WTH.150_P4_W,0.0139,WARM.WTH.142_142_W,,W.W.360,,DONE,5,,,0,28,28,DONE,2759,,,,
warm,12/13/2025,M,WARM.WTH.142_142_W,,WARM.WTH.150_P4_W,,W.W.360,,DONE,5,,,,,,,,,,,
warm,12/13/2025,F,WARM.WTH.74_P4_W,0.02,WARM.WTH.138_P5_W,,W.W.361,,DONE,5,,,0,86,86,DONE,9756,Y,4B14,4C13,
warm,12/13/2025,M,WARM.WTH.138_P5_W,,WARM.WTH.74_P4_W,,W.W.361,,DONE,5,,,,,,,,,,,
warm,12/13/2025,F,F3.MEAN.MEAN_P1_W,0.0057,,MMW,M.M.W.362,,DONE,5,,dead,,,,,,,,,
warm,12/13/2025,F,WARM.WTH.23_P5_W,0.0305,WARM.BLG.15_P7_W,,W.W.363,,66,,,,2,145,147,DONE,6338,Y,5B16,1C14,
warm,12/13/2025,F,F3.CTRL.COOL_P1_W,0.011,,ACW,A.C.W.364,,DONE,12,,dead,,,,,,,,,
warm,12/13/2025,F,F7.COOL.HOT_P3_W,0.0259,,CHW,C.H.W.365,,DONE,12,,dead,,,,,,,,,
warm,12/13/2025,F,HOT.WTH.162_P6_W,0.0293,HOT.WTH.106_P2_W,,H.W.366,,DONE,5,,,0,248,248,DONE,7839,Y,4B10,2A9,
warm,12/13/2025,M,HOT.WTH.106_P2_W,,HOT.WTH.162_P6_W,,H.W.366,,DONE,5,,,,,,,,,,,
warm,12/13/2025,F,HOT.WTH.167_P4_W,0.0238,,HW,H.W.367,,DONE,5,,dead,,,,,,,,,
warm,12/13/2025,F,WARM.WTH.64_P3_W,0.0211,WARM.WTH.103_P8_W,,W.W.368,,DONE,5,,,20,0,20,DONE,4423,,,,
warm,12/13/2025,F,F5.CTRL.WARM_P2_W,0.0196,,AWW,A.W.W.369,,DONE,5,,dead,,,,,,,,,
warm,12/13/2025,F,WARM.WTH.139_P2_W,0.0298,,WW,W.W.370,,DONE,5,,dead,,,,,,,,,
warm,12/13/2025,F,F4.COOL.CTRL_P1_W,0.034,,CAW,C.A.W.371,,DONE,5,,dead,,,,,,,,,
warm,12/13/2025,F,WARM.WTH.160_P2_W,0.0186,,WW,W.W.372,,DONE,5,,dead,,,,,,,,,
warm,12/13/2025,F,F3.CTRL.HOT_P12_W,0.0232,,AHW,A.H.W.373,,DONE,5,,dead,,,,,,,,,
warm,12/13/2025,M,WARM.MUN.1_P3_W,,WARM.WTH.84_P3_W,,W.W.410,,66,,,,,,,,,,,,
warm,12/13/2025,M,CTRL.GLF.16_P2_W,,CTRL.WTH.64_P2_W,,A.W.408,deformed wings,66,,,,,,,,,,,,
warm,12/13/2025,M,F5.COOL.COOL_P1_W,,,CCW ,,,DONE,12,,dead,,,,,,,,,
warm,12/13/2025,M,CTRL.WTH.162_P1_W,,CTRL.WTH.64_P6_W,,A.W.311,,DONE,4,,,,,,,,,,,
warm,12/13/2025,M,HOT.GLF.16_P3_W,,HOT.WTH.102_P1_1,,H.W.416,,66,,,,,,,,,,,,
cool,12/13/2025,F,WARM.BLG.15_P1_C,0.0162,WARM.WTH.70_P5_C,,W.C.374,,DONE,4,,,49,0,49,DONE,6085,,,,
cool,12/13/2025,F,CTRL.WTH.130_P5_C,0.0299,CTRL.WTH.98_P3_C,,A.C.375,,DONE,4,,,211,0,211,DONE,5547,,RECOUNT NEXT WEEK - N TURNED ORANGE,,
cool,12/13/2025,M,CTRL.WTH.98_P3_C,,CTRL.WTH.130_P5_C,,A.C.375,wing close,DONE,4,,,,,,,,,,,
cool,12/13/2025,F,HOT.WTH.64_P8_C,0.0283,HOT.WTH.102_P5_C,,H.C.376,too active ,66,,,,0,0,0,,,,,,
cool,12/13/2025,F,WARM.WTH.92_P1_C,0.0301,WARM.WTH.121_P4_C,,W.C.377,,DONE,4,,,0,0,0,,,,,,
cool,12/13/2025,M,HOT.BLG.15_P4_C,,HOT.WTH.130_P2_C,,H.C.455,,DONE,4,,,,,,,,,,,
cool,12/13/2025,M,WARM.WTH.49_P7_C,,WARM.WTH.103_P1_C,,W.C.452,,DONE,4,,,,,,,,,,,
hot,12/13/2025,F,HOT.WTH.162_P5_H,0.0295,HOT.WTH.153_P3_H,,H.H.378,,DONE,3,,,1,139,140,DONE,2947,Y,3D12,5A3,
hot,12/13/2025,F,WARM.MUN.1_P1_H,0.0247,,WH,W.H.379,,DONE,12,,dead,,,,,,,,,
hot,12/13/2025,F,WARM.WTH.104_P3_H,0.0222,WARM.WTH.98_P3_H,,W.H.380,,DONE,3,,,3,135,138,DONE,6698,Y,3D14,2E3,
hot,12/13/2025,F,HOT.GLF.16_P7_H,0.0207,HOT.GLF.5.P6_H,,H.H.381,,DONE,3,,,0,180,180,DONE,2959,Y,3D7,6A5,
hot,12/13/2025,F,CTRL.GLF.16_P10_H,0.0205,CTRL.GLF.5_P3_H,,A.H.382,,DONE,3,,,45,18,63,DONE,1645,,,,
hot,12/13/2025,F,CTRL.WTH.64_P4_H,0.0291,CTRL.WTH.114_P5_H,,A.H.383,,DONE,3,,,0,127,127,DONE,2059,Y,3C13,2A1,
hot,12/13/2025,M,CTRL.WTH.114_P5_H,,CTRL.WTH.64_P4_H,,A.H.383,,DONE,3,,,,,,,,,,,
hot,12/13/2025,F,WARM.WTH.130_P1_H,0.0304,WARM.WTH.123_P4_H,,W.H.384,,DONE,3,,,32,0,32,DONE,4126,,,,
hot,12/13/2025,F,F4.CTRL.HOT_P3_H,0.0277,F5.CTRL.HOT.P13_H,,A.H.385,,DONE,3,,,62,154,216,DONE,2263,Y,3C11,2A5,
hot,12/13/2025,F,MEAN.WTH.130_P3_H,0.0066,,,M.H.386,,DONE,3,,dead,,,,,,,,,
hot,12/13/2025,F,HOT.WTH.60_P10_H,0.0279,HOT.WTH.159_P3_H,,H.H.387,,DONE,3,,,2,232,234,DONE,5083,Y,3C9,2C10,
hot,12/13/2025,F,WARM.WTH.78_P7_H,0.0268,WARM.WTH.139_P1_H,,W.H.388,,DONE,3,,,3,73,76,DONE,4081,Y,3D4,1A4,
hot,12/13/2025,F,WARM.WTH.103_P5_H,0.0256,WARM.WTH.167_P4_H,,W.H.389,,DONE,3,,,2,69,71,DONE,4493,Y,3D6,3A5,
hot,12/13/2025,M,WARM.WTH.167_P4_H,,WARM.WTH.103_P5_H,,W.H.389,,DONE,3,,,,,,,,,,,
hot,12/13/2025,F,WARM.WTH.153_P3_H,0.0198,WARM.WTH.153_P5_H,,W.H.390,,DONE,3,,,162,1,163,DONE,6731,,,,
hot,12/13/2025,M,WARM.WTH.153_P5_H,,WARM.WTH.153_P3_H,,W.H.390,,DONE,3,,,,,,,,,,,
hot,12/13/2025,F,WARM.WTH.102_P6_H,0.0176,WARM.WTH.41_P5_H,,W.H.391,,DONE,3,,,8,63,71,DONE,2203,Y,3C15,2A3,
hot,12/13/2025,M,WARM.WTH.41_P5_H,,WARM.WTH.102_P6_H,,W.H.391,,DONE,3,,,,,,,,,,,
hot,12/13/2025,M,WARM.BLG.15_P2_H,,WARM.GLF.5_P1_H,,W.H.468,,DONE,12,,dead,,,,,,,,,
hot,12/13/2025,M,COOL.WTH.121_P2_H,,COOL.WTH.161_P2_H,,C.H.466,,66,,,dead,,,,,,,,,
ambient,12/13/2025,M,F5.CTRL.WARM_P7_H,,F1.HOT.WARM_P7_A,AWA,H.W.A.281,,66,,,,,,,,,,,,
mean,12/13/2025,F,WARM.WTH.114_P6_M,0.0197,WARM.WTH.103_P6_M,,W.M.392,,DONE,4,,,3,166,169,DONE,5373,Y,1C7,5C6,
mean,12/13/2025,M,WARM.WTH.103_P6_M,,WARM.WTH.114_P6_M,,W.M.392,,DONE,4,,,,,,,,,,,
mean,12/13/2025,F,WARM.WTH.157_P6_M,0.0165,,WM,W.M.393,,DONE,4,,dead,,,,,,,,,
mean,12/13/2025,M,MEAN.WTH.44_P9_M,,,MM,,,DONE,4,,dead,,,,,,,,,
mean,12/13/2025,M,CTRL.BLG.15_P3_M,,CTRL.WTH.74_P7_M,,A.M.484,,DONE,4,,,,,,,,,,,
mean,12/13/2025,M,WARM.GLF.16_P1_M,,WARM.ART.3_P1_M,,W.M.451,wing partially closed,DONE,4,,,,,,,,,,,
mean,12/13/2025,M,HOT.WTH.49_P5_M,,HOT.WTH.160_P2_M,,H.M.396,close wing ,DONE,4,,,,,,,,,,,
mean,12/13/2025,M,MEAN.WTH.102_P1_M,,MEAN.WTH.151_P1_M,,M.M.394,,DONE,4,,,,,,,,,,,
mean,12/15/2025,F,MEAN.WTH.151_P1_M,0.0146,MEAN.WTH.102_P1_M,,M.M.394,,DONE,2,,,5,77,82,DONE,9432,Y,1C4,5A7,
mean,12/15/2025,F,CTRL.WTH.49_P7_M,0.0282,CTRL.WTH.176_P1_M,,A.M.395,,DONE,2,,,29,218,247,DONE,5119,Y,1B14,3E9,
mean,12/15/2025,F,HOT.WTH.160_P2_M,0.0257,HOT.WTH.49_P5_M,,H.M.396,,DONE,2,,,0,119,119,DONE,7822,Y,1C8,1E9,
mean,12/15/2025,F,COOL.WTH.110_P1_M,0.0106,COOL.WTH.17_P1_M,,C.M.397,,DONE,10,,,31,0,31,DONE,8726,,,,
hot,12/15/2025,F,HOT.WTH.154_P7_H,0.032,HOT.WTH.145_P3_H,,H.H.398,,DONE,1,,,0,11,11,DONE,9123,,,,
hot,12/15/2025,F,HOT.WTH.152_P4_H,0.0283,HOT.WTH.150_P1_H,,H.H.399,,DONE,1,,,4,159,163,DONE,3084,Y,3D8,6A9,
hot,12/15/2025,F,WARM.WTH.170_P4_H,0.0164,WARM.WTH.161_P2_H,,W.H.400,,64,,,,0,0,0,,,,,,
hot,12/15/2025,M,WARM.WTH.161_P2_H,,WARM.WTH.170_P4_H,,W.H.400,,64,,,,,,,,,,,,
hot,12/15/2025,F,F3.CTRL.HOT_P11_H,0.0192,F5.CTRL.HOT_P4_H,,A.H.H.401,,DONE,1,,,1,143,144,,,Y,3D2,3A12,
hot,12/15/2025,F,WARM.WTH.74_P7_H,0.0151,,WH,W.H.402,,DONE,10,,dead,,,,,,,,,
hot,12/15/2025,F,CTRL.WTH.145_P4_H,0.0304,CTRL.WTH.160_P1_H,,A.H.403,,64,,,,115,0,115,DONE,6422,,,,
hot,12/15/2025,F,MEAN.WTH.168_P1_H,0.0138,MEAN.WTH.70_P4_H,,M.H.404,,64,,,,0,78,78,DONE,2742,Y,3C8,2A11,
hot,12/15/2025,M,MEAN.WTH.70_P4_H,,MEAN.WTH.168_P1_H,,M.H.404,,64,,,,,,,,,,,,
hot,12/15/2025,F,WARM.WTH.154_P3_H,0.0248,,WH,W.H.405,,DONE,10,,dead,,,,,,,,,
hot,12/15/2025,F,F7.COOL.HOT_P8_H,0.022,,CHH,C.H.H.406,,DONE,10,,dead,,,,,,,,,
hot,12/15/2025,M,F3.CTRL.WARM_P1_H,,,AWH,,,64,,,dead,,,,,,,,,
hot,12/15/2025,M,CTRL.BLG_15_P1_H,,CTRL.WTH.44_P3_H,,A.H.194,,64,,,,,,,,,,,,
ambient,12/15/2025,F,HOT.WTH.39_P5_A ,0.0322,HOT.WTH.13_P3_A,,H.A.407,,DONE,0,,,17,214,231,DONE,4983,Y,5A12,2E7,
warm,12/15/2025,F,CTRL.WTH.64_P2_W,0.0247,CTRL.GLF.16_P2_W,,A.W.408,,64,,,,46,0,46,DONE,8879,,,,
warm,12/15/2025,F,WARM.WTH.102_P1_W,0.0196,,WW,W.W.409,,DONE,10,,dead,,,,,,,,,
warm,12/15/2025,F,WARM.WTH.84_P3_W,0.0185,WARM.MUN.1_P3_W,,W.W.410,,64,,,,0,19,19,DONE,6790,,,,
warm,12/15/2025,F,F2.WARM.WARM_P8_W,0.0087,,WWW,W.W.W.411,,DONE,10,,dead,,,,,,,,,
warm,12/15/2025,F,CTRL.WTH.138_P5_W,0.00247,,AW,A.W.412,,DONE,10,,dead,,,,,,,,,
warm,12/15/2025,F,HOT.MUN.1_P2_W,0.0413,HOT.BLG.15_P6_W,,H.W.413,,64,,,,5,38,43,DONE,9569,Y,4C10,2E13,
warm,12/15/2025,F,HOT.WTH.48_P3_W,0.0236,HOT.WTH.155_P3_W,,H.W.414,,64,,,,31,123,154,DONE,1548,Y,4C12,5C5,
warm,12/15/2025,M,HOT.WTH.155_P3_W,,HOT.WTH.48_P3_W,,H.W.414,,64,,,,,,,,,,,,
warm,12/15/2025,F,CTRL.WTH.179_P1_W,0.0225,,AW,A.W.415,,DONE,10,,dead,,,,,,,,,
warm,12/15/2025,F,HOT.WTH.102_P1_W,0.0409,HOT.GLF.16_P3_W,,H.W.416,,64,,,,0,0,0,,,,,,
cool,12/15/2025,F,MEAN.WTH.142_P2_C,0.0067,,MC,M.C.417,,DONE,12,,dead,,,,,,,,,
cool,12/15/2025,F,F7.COOL.WARM_P1_C,0.0151,F1.COOL.WARM_P6_C,,C.W.C.418,,64,,,,86,0,86,,,,,3A8,
cool,12/15/2025,M,WARM.WTH.70_P5_C,,WARM.BLG.15_P1_C,,W.C.374,,64,,,,,,,,,,,,
cool,12/15/2025,M,F4.CTRL.WARM_P4,,,AWC,,,64,,,dead,,,,,,,,,
cool,12/17/2025,F,HOT.WTH.152_P6_C,0.0292,HOT.WTH.160_P5_C,,H.C.419,,62,,,,71,0,71,DONE,6734,,,,"1A,1B,2A"
cool,12/17/2025,F,HOT.WTH.42_P1_C,0.0371,HOT.WTH.145_P4_C,,H.C.420,,62,,,,90,160,250,DONE,3095,Y,,6A16,
cool,12/17/2025,F,CTRL.WTH.74_P1_C,0.0314,CTRL.WTH.162_P5_C,,A.C.421,,62,,,,18,0,18,DONE,5488,,,,
cool,12/17/2025,F,CTRL.WTH.106_P1_C,0.0268,,AC,A.C.422,,DONE,10,,dead,,,,,,,,,
cool,12/17/2025,F,CTRL.WTH.159_P2_C,0.0276,,AC,A.C.423,,DONE,10,,alive,,,,,,,,,
cool,12/17/2025,F,CTRL.WTH.148_P4_C,0.0313,,AC,A.C.424,,DONE,10,,alive,,,,,,,,,
cool,12/17/2025,F,WARM.WTH.114_P7_C,0.0177,WARM.WTH.139_P3_C,,W.C.425,,62,,,,107,0,107,DONE,9994,,,,"1A,1B,2A"
cool,12/17/2025,F,WARM.WTH.164_P1_C,0.0202,WARM.WTH.25_P9_C,,W.C.426,,62,,,,alive,,0,ALIVE,5765,,,,
cool,12/17/2025,F,F1.HOT.WARM_P3_C,0.0218,,HWC,H.W.C.427,,62,,,dead,,,,,,,,,
cool,12/17/2025,F,MEAN.WTH.29_P2_C,0.0137,MEAN.WTH.106_P1_C,,M.C.428,,DONE,20,,,27,0,27,DONE,6308,,,,
cool,12/17/2025,F,F4.CTRL.COOL_P1_C,0.0094,,ACC,A.C.C.429,,DONE,10,,dead,,,,,,,,,
cool,12/17/2025,F,HOT.WTH.74_P3_C,0.0284,HOT.WTH.162_P4_C,,H.C.430,,62,,,,142,0,142,DONE,9137,,,3A9,
cool,12/17/2025,F,F6.CTRL.MEAN_P1_C,0.0095,F3.CTRL.MEAN_P3_C,,A.M.C.431,,62,,,,6,0,6,,,,,,
cool,12/17/2025,F,MEAN.WTH.25_P2_C,0.0117,MEAN.WTH.167_P1_C,MC,M.C.432,,DONE,10,,,27,0,27,DONE,9502,,,,
cool,12/17/2025,M,WARM.WTH.123_P1_C,,WARM.WTH.102_P7_C,,W.C.472,,DONE,20,,,,,,,,,,,
cool,12/17/2025,M,WARM.WTH.138_P4_C,,WARM.WTH.148_P1_C,,W.C.460,,DONE,20,,,,,,,,,,,
cool,12/17/2025,M,WARM.WTH.167_P1_C,,WARM.WTH.160_P5_C,,W.C.474,,DONE,20,,,,,,,,,,,
cool,12/17/2025,M,WARM.EDI.12_P1_C,,WARM.WTH.159_P1_C,,W.C.459,,DONE,20,,,,,,,,,,,
hot,12/17/2025,F,WARM.WTH.110_P4_H,0.0188,,WH,W.H.433,,DONE,8,,dead,,,,,,,,,
hot,12/17/2025,M,CTRL.WTH.160_P1_H,,CTRL.WTH.145_P4_H,,A.H.403,,DONE,8,,,,,,,,,,,
hot,12/17/2025,M,F2.HOT.COOL_P1_H,,F2.HOT.COOL_P2_H,,H.C.H.470,,DONE,8,,dead,,,,,,,,,
hot,12/17/2025,M,HOT.BLG.15_P1_H,,,HH,,,62,,,dead,,,,,,,,,
hot,12/17/2025,M,F6.MEAN.COOL_P2_H,,F3.MEAN.COOL_P3_H,,M.C.H.445,,DONE,8,,,,,,,,,,,
warm,12/17/2025,F,WARM.WTH.103_P3_W,0.0365,,WW,W.W.434,,DONE,8,,dead,,,,,,,,,
warm,12/17/2025,F,WARM.WTH.160_P8_W,0.027,,WW,W.W.435,,DONE,8,,dead,,,,,,,,,
warm,12/17/2025,F,HOT.WTH.160_P4_W,0.0254,,HW,H.W.436,,DONE,8,,dead,,,,,,,,,
warm,12/17/2025,M,WARM.BLG.15_P7_W,,WARM.WTH.23_P5_W,WW,W.W.363,,62,,,,,,,,,,,,
mean,12/17/2025,F,F1.HOT.WARM_P2_M,0.0246,,HWM,H.W.M.437,,DONE,12,,dead ,,,,,,,,,
mean,12/17/2025,F,WARM.WTH.130_P6_M,0.0204,,WM,W.M.438,,DONE,12,,dead,,,,,7332,,,,
mean,12/17/2025,F,CTRL.GLF.16_P4_M,0.0211,CTRL.WTH.121_P3_M,AM,A.M.439,,62,,,,44,0,44,DONE,2441,,,,
mean,12/17/2025,F,COOL.WTH.123_P2_M,0.0133,,CM,C.M.440,,DONE,12,,dead,,,,,,,,,
mean,12/17/2025,F,CTRL.WTH.155_P3_M,0.0297,CTRL.WTH.13_P1_M,AM,A.M.441,,62,,,,57,0,57,DONE,6501,,,,
mean,12/17/2025,M,F5.CTRL.MEAN_P1_M,,MEAN.WTH.162_P4_M,AMM,M.M.499,,DONE,12,,,,,,,,,,,
mean,12/17/2025,M,F5.CTRL.COOL_P1_M,,,ACM,,,62,,,dead,,,,,,,,,
hot,12/19/2025,F,F2.WARM.MEAN_P1_H,0.0119,,WMH,W.M.H.442,,60,,,dead,,,,,,,,,
hot,12/19/2025,F,F4.WARM.COOL_P1_H,0.0173,,WCH,W.C.H.443,,DONE,6,,dead,,,,,,,,,
hot,12/19/2025,F,CTRL.WTH.153_P3_H,0.0273,CTRL.WTH.157_P5_H,AH,A.H.444,,60,,,dead ,18,250,268,DONE,3085,Y,2E9,5C9,
hot,12/19/2025,M,CTRL.WTH.157_P5_H,,CTRL.WTH.153_P3_H,AH,A.H.444,,60,,,dead ,,,,,,,,,
hot,12/19/2025,F,F3.MEAN.COOL_P3_H,0.0072,F6.MEAN.COOL_P2_H,MCH,M.C.H.445,,60,,,dead ,4,7,11,,,,,,
hot,12/19/2025,F,COOL.WTH.98_P3_H,0.0098,COOL.WTH.157_P2_H,CH,C.H.446,,60,,,dead ,6,0,6,DONE,1318,,,,
hot,12/19/2025,M,CTRL.GLF.5_P3_H,,CTRL.GLF.16_P10_H,AH,A.H.382,,60,,,dead ,,,,,,,,,
warm,12/19/2025,F,WARM.WTH.130_P8_W,0.0342,,WW,W.W.447,,DONE,6,,dead,,,,,,,,,
warm,12/19/2025,F,HOT.WTH.162_P10_W,0.0255,,HW,H.W.448,,DONE,6,,dead,,,,,,,,,
warm,12/19/2025,F,CTRL.GLF.16_P6_W,0.0183,,AW,A.W.449,,DONE,6,,dead,,,,,,,,,
warm,12/19/2025,M,COOL.WTH.104_P1_W,,COOL.WTH.111_P1_W,CW,C.W.359,,DONE,18,,,,,,,,,,,
mean,12/19/2025,F,COOL.WTH.16_P1_M,0.0103,COOL.MUN.1_P2_M,CM,C.M.450,,DONE,10,,,9,0,9,DONE,3893,,,,
mean,12/19/2025,F,WARM.ART.3_P1_M,0.0127,WARM.GLF.16_P1_M,WM,W.M.451,,DONE,18,,,6,0,6,DONE,8569,,,,
cool,12/19/2025,F,WARM.WTH.103_P1_C,0.0302,WARM.WTH.49_P7_C,WC,W.C.452,,DONE,18,,,36,216,216,DONE,2665,Y,,6A13,
cool,12/19/2025,F,CTRL.WTH.168_P3_C,0.027,,AC,A.C.453,,DONE,8,,dead,,,,,,,,,
cool,12/19/2025,F,F7.COOL.CTRL_P6_C,0.0311,,CAC,C.A.C.454,,60,,,dead,,,,,,,,,
cool,12/19/2025,F,HOT.WTH.130_P2_C,0.0355,HOT.BLG.15_P4_C,HC,H.C.455,,DONE,18,,,6,0,6,DONE,9311,,,,
warm,12/21/2025,F,HOT.GLF.5_P3_W,0.0248,,HW,H.W.456,,DONE,16,,dead,,,,,,,,,
warm,12/21/2025,F,WARM.GLF.5_P4_W,0.0263,,WW,W.W.457,,DONE,16,,dead,,,,,,,,,
warm,12/21/2025,M,WARM.WTH.103_P8_W,,WARM.WTH.64_P3_W,WW,W.W.368,,DONE,16,,,,,,,,,,,
warm,12/21/2025,M,COOL.WTH.94_P1_W,,,CW,,,DONE,16,,dead,,,,,,,,,
cool,12/21/2025,F,CTRL.WTH.118_P1_C,0.0279,,AC,A.C.458,,DONE,16,,dead,,,,,,,,,
cool,12/21/2025,F,WARM.WTH.159_P1_C,0.0201,WARM.EDI.12_P1_C,WC,W.C.459,,DONE,16,,,9,0,9,DONE,3759,,,,
cool,12/21/2025,F,WARM.WTH.148_P1_C,0.029,WARM.WTH.138_P4_C,WC,W.C.460,,DONE,16,,,71,66,137,DONE,8498,Y,,6A14,
cool,12/21/2025,F,HOT.WTH.121_P3_C,0.0328,HOT.WTH.134_P5_C,HC,H.C.461,,DONE,16,,,204,0,204,DONE,2556,,,,
cool,12/21/2025,M,HOT.WTH.134_P5_C,,HOT.WTH.121_P3_C,HC,H.C.461,,DONE,16,,,,,,,,,,,
mean,12/21/2025,F,F1.HOT.WARM_P4_M,0.0185,,HWM,H.W.M.462,,58,,,dead,,,,,,,,,
hot,12/21/2025,F,MEAN.WTH.106_P3_H,0.0137,,MH,M.H.463,,DONE,4,,dead,,,,,,,,,
hot,12/21/2025,F,F3.CTRL.HOT.2_P6_H,0.0227,,AHH,A.H.H.464,,DONE,4,,dead,,,,,,,,,
hot,12/21/2025,F,COOL.ART.3_P1_H,0.0129,COOL.WTH.106_P1_H,CH,C.H.465,,DONE,16,,,0,4,4,DONE,7584,,,,
hot,12/21/2025,F,COOL.WTH.161_P2_H,0.0136,COOL.WTH.121_P2_H,CH,C.H.466,,58,,,dead ,1,2,3,DONE,8366,,,,
ambient ,12/23/2025,F,F3.MEAN.MEAN_P2_A,0.0048,,MMA,M.M.A.467,,DONE,4,,dead,,,,,,,,,
hot,12/23/2025,F,WARM.GLF.5_P1_H,0.0254,WARM.BLG.15_P2_H,WH,W.H.468,,56,,,dead ,102,109,211,DONE,4570,Y,2D5,1A9,
hot,12/23/2025,F,WARM.WTH.155_P3_H,0.0196,,WH,W.H.469,,DONE,14,,dead,,,,,,,,,
hot,12/23/2025,F,F2.HOT.COOL_P2_H,0.099,F2.HOT.COOL_P1_H,HCH,H.C.H.470,,56,,,dead ,1,5,6,,,,,,
hot,12/23/2025,F,WARM.WTH.117_P6_H,0.0222,,WH,W.H.471,,DONE,14,,dead,,,,,,,,,
cool,12/23/2025,F,WARM.WTH.102_P7_C,0.0187,WARM.WTH.123_P1_C,WC,W.C.472,,DONE,14,,,127,1,128,DONE,1598,,,,
cool,12/23/2025,F,CTRL.WTH.121_P5_C,0.0318,,AC,A.C.473,,DONE,4,,dead,,,,,,,,,
cool,12/23/2025,F,WARM.WTH.160_P5_C,0.021,WARM.WTH.167_P1_C,WC,W.C.474,,DONE,14,,,59,0,59,DONE,9972,,,,
cool,12/23/2025,F,MEAN.MUN.1_P1_C,0.0115,,MC,M.C.475,,DONE,4,,dead,,,,,,,,,
cool,12/23/2025,F,COOL.WTH.123_P1_C,0.0147,COOL.WTH.157_P1_C,CC,C.C.476,,DONE,4,,,14,0,14,DONE,7820,,,,
cool,12/23/2025,F,HOT.WTH.47_P3_C,0.0387,HOT.WTH.154_P6_C,HC,H.C.477,,DONE,4,,,75,0,75,DONE,1133,,,,
cool,12/23/2025,F,HOT.WTH.64_P5_PC,0.0307,HOT.ART.3_P1_C,HC,H.C.478,,DONE,4,,,169,0,169,DONE,5519,,,,
cool,12/23/2025,F,MEAN.WTH.130_P2_C,0.0202,,MC,M.C.479,,DONE,14,,alive,,,,,,,,,
cool,12/23/2025,M,F3.CTRL.MEAN_P3_C,,F6.CTRL.MEAN_P1_C,AMC,A.M.C.431,,DONE,6,,,,,,,,,,,
cool,12/23/2025,M,MEAN.WTH.106_P1_C,,MEAN.WTH.29_P2_C,MC,M.C.428,deformed wings ,DONE,14,,,,,,,,,,,
cool,12/23/2025,M,CTRL.WTH.162_P5_C,,CTRL.WTH.74_P1_C,AC,A.C.421,,DONE,6,,,,,,,,,,,
mean,12/23/2025,F,HOT.WTH.96_P1_M,0.0292,HOT.URD.1_P4_M,HM,H.M.480,,DONE,6,,,1,58,59,,7149,Y,,6B1,
mean,12/23/2025,F,F3.CTRL.HOT.2_P5_M,0.0224,,AHM,A.H.M.481,,DONE,6,,dead,,,,,,,,,
mean,12/23/2025,F,HOT.WTH.142_P4_M,0.0102,,HM,H.M.482,,DONE,6,alive !!,,,,,,,,,,
mean,12/23/2025,F,COOL.WTH.158_P1_M,0.0094,,CM,C.M.483,,DONE,6,,dead,,,,,,,,,
mean,12/23/2025,F,CTRL.WTH.74_P7_M,0.0286,CTRL.BLG.15_P3_M,AM,A.M.484,,DONE,14,,,0,0,0,,,,,,
mean,12/23/2025,F,CTRL.WTH.160_P3_M,0.0286,WARM.WTH.176_P1_M,AM,A.M.485,,DONE,6,,,1,0,1,,,,,,
mean,12/23/2025,M,COOL.WTH.17_P1_M,,COOL.WTH.110_P1_M,CM,C.M.397,,DONE,14,,,,,,,,,,,
mean,12/23/2025,M,COOL.WTH.92_P2_M,,COOL.MCH.7_P1_M,CM,C.M.338,,DONE,6,,,,,,,,,,,
mean,12/25/2025,M,MEAN.WTH.94_P1_M,,,MM,,,54,,,dead,,,,,,,,,
cool,12/25/2025,M,HOT.ART.3_P1_C,,HOT.WTH.64_P5_C,HC,H.C.478,,54,,,,,,,,,,,,
cool,12/25/2025,F,MEAN.WTH.123_P1_C,0.01,,MC,M.C.486,,weird no photo,,,dead,,,,,,,,,
cool,12/25/2025,F,CTRL.WTH.130_P7_C,0.0193,,AC,A.C.487,,54,,,dead,,,,,,,,,
cool,12/25/2025,F,CTRL.WTH.152_P2_C,0.0264,,AC,A.C.488,,DONE,4,,alive,,,,,,,,,
cool,12/25/2025,F,WARM.WTH.74_P1_C,0.0309,WARM_WTH.74_P1_C,WC,W.C.489,,DONE,4,,,0,0,0,,4199,,,,
cool,12/25/2025,F,WARM.WTH.160_P3_C,0.0197,WARM.WTH.114_P4_C,WC,W.C.490,,DONE,4,,,27,0,27,DONE,6919,,,,
cool,12/25/2025,F,WARM.WTH.84_P5_C,0.0209,,WC,W.C.491,,DONE,4,,,,,,,,,,,
warm,12/25/2025,M,COOL.WTH.176_P2_W,,,CW,,,DONE,12,,dead,,,,,,,,,
warm,12/25/2025,F,WARM.GLF.16_P4_W,0.0196,,WW,W.W.492,,DONE,12,,dead,,,,,,,,,
hot,12/27/2025,F,WARM.WTH.160_P1_H,0.0176,,WH,W.H.493,,52,,,dead,,,,,,,,,
cool,12/27/2025,F,WARM.WTH.23_P6_C,0.0251,,WC,W.C.494,,DONE,2,,dead,,,,,,,,,
cool,12/29/2025,F,WARM.WTH.161_P5_C,0.0059,,WC,W.C.495,was in mean ,DONE,8,,dead,,,,,,,,,
cool,1/1/2026,M,HOT.WTH.154_P6_C,,HOT.WTH.47_P3_C,HC,H.C.477,,DONE,5,,,,,,,,,,,
cool,1/1/2026,F,MEAN.GLF.9_P1_C,0.0099,,MC,M.C.496,,DONE,1,,alive,,,,,,,,,
hot,1/1/2026,M,COOL.WTH.103_P2_H,,,CH,,,DONE,6,,dead,,,,,,,,,
mean,1/1/2026,M,COOL.MUN.1_P2_M,,COOL.WTH.16_P1_M,CM,C.M.450,,DONE,6,,,,,,,,,,,
mean,1/1/2026,M,WARM.WTH.176_P1_M,,CTRL.WTH.160_P3_M,WM,A.M.485,,DONE,6,,,,,,,,,,,
mean,1/1/2026,M,HOT.URD.1_P4_M,,HOT.WTH.96_P1_M,HM,H.M.480,,DONE,6,,,,,,,,,,,
cool,1/5/2026,F,MEAN.WTH.47_P1_C,0.0129,,MC,M.C.497,,DONE,2,,alive,,,,,,,,,
cool,1/5/2026,F,WARM.WTH.168_P3_C,0.0187,,WC,W.C.498,,DONE,2,,dead,,,,,,,,,
cool,1/5/2026,M,COOL.WTH.157_P1_C,,COOL.WTH.123_P1_C,CC,C.C.476,,DONE,2,,,,,,,,,,,
cool,1/5/2026,M,MEAN.WTH.167_P1_C,,MEAN.WTH.25_P2_C,MC,M.C.432,,DONE,2,,,,,,,,,,,
mean,1/5/2026,F,MEAN.WTH.162_P4_M,0.0091,F5.CTRL.MEAN_P1,MM,M.M.499,,DONE,2,,,0,0,0,,9240,,,,
mean,1/5/2026,F,COOL.GLF.16_P2_M,0.0074,,CM,C.M.500,,DONE,2,,alive ,,,,,,,,,
mean,1/5/2026,F,COOL.WTH.176_P2_M,0.0132,,CM,C.M.501,was in cold,DONE,2,,dead,,,,3756,,,,,
cool,1/7/2026,F,WARM.WTH.130_P2_C,0.0301,,WC,W.C.502,,DONE,0,,alive,,,,,,,,,
cool,1/7/2026,F,HOT.WTH.167_P5_C,0.0347,,HC,H.C.503,,DONE,0,,alive ,,,,,,,,,
warm,1/9/2026,F,WARM.URD.1_P4_W,0.0141,HOT.URD.1_P5_W,WW,W.W.504,,39,,,,55,0,55,DONE,6595,,,,
warm,1/9/2026,M,HOT.URD.1_P6_W,,,,,,39,,,dead,,,,,,,,,
warm,1/12/2026,M,HOT.URD.1_P5_W,,WARM.URD.1_P4_W,HW ,W.W.504,,36,,,,,,,,,,,,
cool ,1/12/2026,F,F2.HOT.WARM_P2,0.0212,,HWC,H.W.C.505,,36,,,alive,,,,,,,,,
hot,1/12/2026,F,WARM.URD.1_P3_H,0.0128,,WH,W.H.506,,36,,,,,,,,,,,,
cool,1/14/2026,F,F2.WARM.COOL_P2_C,0.0068,,WCC,W.C.C.507,dead on emergence,34,,,dead,,,,,,,,,
cool,1/14/2026,F,MEAN.WTH.146_P2_C,0.0065, ,MC,M.C.508,,34,,,,,,,,4310,,,,
cool ,1/16/2026,F,WARM.WTH.142_P4_C,0.0227,,WC,W.C.507,,32,,,alive,,,,,,,,,
cool,1/19/2026,F,WARM.GLF.5_P3_C,0.0235, ,WC,W.C.508,,29,,,,,,,,,,,,
cool,1/19/2026,F,MEAN.WTH.152_P1_C,0.0082,,MC,M.C.509,,29,,,alive ,,,,,,,,,
cool,1/19/2026,F,COOL.WTH.98_P1_C,0.0108,,CC,C.C.510,,29,,,alive ,,,,,,,,,
cool,1/26/2026,F,COOL.WTH.168_P1_C,0.0119,,CC,C.C.509,,22,,,,,,,,,,,,
mean,1/26/2026,F,HOT.URD.1_P2_M,0.0267,,HM,H.M.510,,,,,,,,,,,,,,
cool,1/28/2026,F,COOL.WTH.162_P1_C,0.01,,CC,C.C.511,,20,,,,,,,,,,,,
cool,1/28/2026,F,COOL.WTH.164_P1_C,0.0132,,CC,C.C.512,,20,,,,,,,,,,,,
cool,1/28/2026,F,MEAN.WTH.179_P2_C,0.0095,,MC,M.C.513,,20,,,,,,,,,,,,
cool,1/28/2026,F,COOL.WTH.121_P1_C,0.009,,CC,C.C.514,,20,,,,,,,,,,,,
,,,W,,,,,,,,,,,,,,,,,,
