pupa_id,date,notes,death_date,,,,,,,,,
CTRL.URD.1_P1,5/6/2025,dead,27/10/25,,,,,,,,,
HOT.WTH.130_P1,5/6/2025,,,,,,,,,,,
HOT.WTH.23_P1,5/6/2025,,,,,,,,,,,
HOT.WTH.23_P2,5/6/2025,dead,11/11/2025,,,,,,,,,
HOT.WTH.23_P3,5/7/2025,,,,,,,,,,,
HOT.WTH.23_P4,5/7/2025,,,,,,,,,,,
HOT.WTH.23_P5,5/7/2025,dead_end,,,,,,,,,,
F1.COOL.HOT_P1,5/7/2025,,,,,,,,,,,
HOT.WTH.17_P1,5/7/2025,,,,,,,,,,,
HOT.WTH.25_P1,5/7/2025,,,,,,,,,,,
CTRL.WTH.17_P1,5/7/2025,dead_end,,,,,,,,,,
HOT.GLF.5_P3,5/8/2025,,,,,,,,,,,
HOT.GLF.5_P4,5/8/2025,,,,,,,,,,,
F1.CTRL.HOT_P1,5/8/2025,,,,,,,,,,,
F1.CTRL.HOT_P2,5/8/2025,dead,9/11/2025,,,,,,,,,
F1.CTRL.HOT_P3,5/8/2025,,,,,,,,,,,
F1.CTRL.HOT_P4,5/8/2025,,,,,,,,,,,
HOT.WTH.44_P1,5/8/2025,,,,,,,,,,,
HOT.WTH.44_P2,5/8/2025,,,,,,,,,,,
HOT.WTH.23_P6,5/8/2025,,,,,,,,,,,
HOT.WTH.22_P1,5/8/2025,dead_end,,,,,,,,,,
CTRL.GLF.5_P1,5/8/2025,,,,,,,,,,,
CTRL.GLF.5_P2,5/8/2025,,,,,,,,,,,
F4.CTRL.HOT_P1,5/8/2025,dead,11/5/2025,,,,,,,,,
HOT.WTH.43_P1,5/9/2025,,,,,,,,,,,
HOT.WTH.43_P2,5/9/2025,,,,,,,,,,,
HOT.WTH.43_P3,5/9/2025,dead,11/3/2025,,,,,,,,,
HOT.WTH.25_P2,5/9/2025,,,,,,,,,,,
HOT.WTH.41_P1,5/9/2025,,,,,,,,,,,
HOT.WTH.41_P2,5/9/2025,,,,,,,,,,,
HOT.GLF.5_P5,5/9/2025,,,,,,,,,,,
HOT.WTH.44_P3,5/9/2025,,,,,,,,,,,
HOT.WTH.1_P1,5/9/2025,,,,,,,,,,,
HOT.WTH.22_P2,5/9/2025,,,,,,,,,,,
HOT.WTH.22_P3,5/9/2025,,,,,,,,,,,
HOT.WTH.22_P4,5/9/2025,,,,,,,,,,,
HOT.WTH.22_P5,5/9/2025,,,,,,,,,,,
HOT.WTH.23_P7,5/9/2025,,,,,,,,,,,
CTRL.WTH.38_P1,5/9/2025,,,,,,,,,,,
HOT.WTH.44_P4,5/10/2025,dead,11/3/2025,,,,,,,,,
HOT.WTH.44_P5,5/10/2025,,,,,,,,,,,
HOT.WTH.44_P6,5/10/2025,,,,,,,,,,,
HOT.WTH.43_P4,5/10/2025,,,,,,,,,,,
HOT.WTH.106_P1,5/10/2025,,,,,,,,,,,
HOT.WTH.106_P2,5/10/2025,,,,,,,,,,,
HOT.WTH.86_P1,5/10/2025,,,,,,,,,,,
HOT.WTH.60_P1,5/10/2025,dead,16/10/25,,,,,,,,,
HOT.WTH.25_P4,5/10/2025,,,,,,,,,,,
HOT.WTH.41_P3,5/10/2025,,,,,,,,,,,
HOT.WTH.167_P1,5/10/2025,,,,,,,,,,,
F3.CTRL.HOT_P1,5/10/2025,,,,,,,,,,,
HOT.WTH.157_P1,5/10/2025,,,,,,,,,,,
HOT.URD.1_P1,5/10/2025,,,,,,,,,,,
HOT.WTH.29_P1,5/10/2025,dead,27/10/25,,,,,,,,,
HOT.WTH.117_P1,5/10/2025,,,,,,,,,,,
HOT.WTH.74_P3,5/10/2025,,,,,,,,,,,
HOT.WTH.74_P4,5/10/2025,,,,,,,,,,,
HOT.WTH.74_P5,5/10/2025,dead,10/9/2025,,,,,,,,,
HOT.WTH.74_P6,5/10/2025,,,,,,,,,,,
HOT.WTH.38_P1,5/10/2025,,,,,,,,,,,
HOT.WTH.1_P1,5/10/2025,,,,,,,,,,,
F4.CTRL.HOT_P1,5/10/2025,,,,,,,,,,,
F4.COOL.HOT_P4,5/10/2025,,,,,,,,,,,
F1.CTRL.HOT_P5,5/10/2025,,,,,,,,,,,
HOT.WTH.22_P6,5/10/2025,,,,,,,,,,,
HOT.WTH.42_P1,5/10/2025,,,,,,,,,,,
HOT.WTH.42_P2,5/10/2025,,,,,,,,,,,
F1.CTRL.HOT_P6,5/11/2025,,,,,,,,,,,
F1.CTRL.HOT_P7,5/11/2025,,,,,,,,,,,
HOT.WTH.60_P2,5/11/2025,,,,,,,,,,,
HOT.WTH.60_P3,5/11/2025,,,,,,,,,,,
HOT.WTH.60_P4,5/11/2025,,,,,,,,,,,
HOT.GLF.5_P6,5/11/2025,,,,,,,,,,,
HOT.WTH.43_P5,5/11/2025,,,,,,,,,,,
HOT.WTH.43_P6,5/11/2025,,,,,,,,,,,
HOT.WTH.86_P2,5/11/2025,,,,,,,,,,,
HOT.WTH.86_P3,5/11/2025,dead,10/9/2025,,,,,,,,,
HOT.WTH.86_P4,5/11/2025,,,,,,,,,,,
HOT.WTH.86_P5,5/11/2025,,,,,,,,,,,
HOT.WTH.44_P6,5/11/2025,dead,10/9/2025,,,,,,,,,
HOT.URD.1_P2,5/11/2025,,,,,,,,,,,
HOT.URD.1_P3,5/11/2025,dead,11/5/2025,,,,,,,,,
HOT.URD.1_P4,5/11/2025,,,,,,,,,,,
HOT.URD.1_P5,5/11/2025,,,,,,,,,,,
HOT.WTH.47_P1,5/11/2025,,,,,,,,,,,
F3.CTRL.HOT_P2,5/11/2025,,,,,,,,,,,
HOT.WTH.25_P5,5/11/2025,,,,,,,,,,,
HOT.WTH.96_P2,5/11/2025,,,,,,,,,,,
HOT.WTH.96_P3,5/11/2025,,,,,,,,,,,
F4.CTRL.HOT_P2,5/11/2025,,,,,,,,,,,
HOT.WTH.64_P1,5/11/2025,,,,,,,,,,,
HOT.WTH.64_P2,5/11/2025,,,,,,,,,,,
HOT.WTH.64_P3,5/11/2025,,,,,,,,,,,
HOT.WTH.64_P4,5/11/2025,,,,,,,,,,,
HOT.WTH.64_P5,5/11/2025,,,,,,,,,,,
HOT.WTH.64_P6,5/11/2025,,,,,,,,,,,
HOT.MUN.1_P1,5/11/2025,,,,,,,,,,,
F4.COOL.HOT_P5,5/11/2025,,,,,,,,,,,
HOT.WTH.117_P2,5/11/2025,dead_rm,,,,,,,,,,
HOT.WTH.121_P1,5/11/2025,,,,,,,,,,,
HOT.WTH.121_P2,5/11/2025,,,,,,,,,,,
HOT.WTH.121_P3,5/11/2025,,,,,,,,,,,
HOT.WTH.1_P2,5/11/2025,,,,,,,,,,,
HOT.WTH.1_P3,5/11/2025,,,,,,,,,,,
HOT.WTH.103_P1,5/11/2025,,,,,,,,,,,
HOT.WTH.103_P2,5/11/2025,,,,,,,,,,,
HOT.WTH.103_P3,5/11/2025,,,,,,,,,,,
HOT.WTH.42_P3,5/11/2025,,,,,,,,,,,
HOT.WTH.42_P4,5/11/2025,,,,,,,,,,,
CTRL.WTH.38_P2,5/11/2025,,,,,,,,,,,
CTRL.WTH.38_P3,5/11/2025,dead_end,,,,,,,,,,
CTRL.WTH.38_P4,5/11/2025,,,,,,,,,,,
HOT.WTH.86_P6,5/12/2025,,,,,,,,,,,
HOT.WTH.86_P7,5/12/2025,dead_end,,,,,,,,,,
HOT.WTH.86_P8,5/12/2025,,,,,,,,,,,
HOT.WTH.94_P1,5/12/2025,,,,,,,,,,,
HOT.WTH.94_P2,5/12/2025,,,,,,,,,,,
HOT.GLF.5_P7,5/12/2025,dead ,27/10/25,,,,,,,,,
F1.CTRL.HOT_P8,5/12/2025,,,,,,,,,,,
HOT.WTH.60_P5,5/12/2025,dead_rm,,,,,,,,,,
HOT.WTH.60_P6,5/12/2025,dead_end,,,,,,,,,,
HOT.WTH.60_P7,5/12/2025,,,,,,,,,,,
HOT.WTH.60_P8,5/12/2025,dead_end,,,,,,,,,,
HOT.WTH.43_P6,5/12/2025,,,,,,,,,,,
HOT.WTH.41_P4,5/12/2025,,,,,,,,,,,
HOT.WTH.41_P5,5/12/2025,,,,,,,,,,,
HOT.WTH.48_P1,5/12/2025,,,,,,,,,,,
F3.CTRL.HOT_P3,5/12/2025,dead ,11/3/2025,,,,,,,,,
F3.CTRL.HOT_P4,5/12/2025,,,,,,,,,,,
F3.CTRL.HOT_P5,5/12/2025,,,,,,,,,,,
F3.CTRL.HOT_P6,5/12/2025,dead,10/9/2025,,,,,,,,,
HOT.WTH.25_P6,5/12/2025,dead ,9/11/2025,,,,,,,,,
HOT.WTH.29_P2,5/12/2025,,,,,,,,,,,
HOT.WTH.29_P3,5/12/2025,,,,,,,,,,,
HOT.WTH.118_P1,5/12/2025,dead_end,,,,,,,,,,
HOT.WTH.117_P3,5/12/2025,,,,,,,,,,,
HOT.WTH.117_P3,5/12/2025,,,,,,,,,,,
HOT.WTH.16_P2,5/12/2025,,,,,,,,,,,
HOT.WTH.33_P1,5/12/2025,,,,,,,,,,,
HOT.WTH.15_P1,5/12/2025,,,,,,,,,,,
HOT.WTH.15_P2,5/12/2025,dead_rm_rm,,,,,,,,,,
HOT.WTH.15_P3,5/12/2025,,,,,,,,,,,
HOT.WTH.15_P4,5/12/2025,,,,,,,,,,,
HOT.WTH.15_P5,5/12/2025,dead_rm,,,,,,,,,,
HOT.WTH.148_P1,5/12/2025,,,,,,,,,,,
HOT.WTH.148_P2,5/12/2025,,,,,,,,,,,
HOT.WTH.88_P1,5/12/2025,,,,,,,,,,,
HOT.WTH.121_P4,5/12/2025,,,,,,,,,,,
HOT.WTH.130_P2,5/12/2025,,,,,,,,,,,
F4.COOL.HOT_P6,5/12/2025,,,,,,,,,,,
HOT.WTH.127_P1,5/12/2025,,,,,,,,,,,
HOT.WTH.127_P2,5/12/2025,,,,,,,,,,,
HOT.WTH.127_P3,5/12/2025,,,,,,,,,,,
HOT.WTH.127_P1,5/12/2025,,,,,,,,,,,
HOT.BLG.15_P1,5/12/2025,,,,,,,,,,,
HOT.WTH.114_P1,5/12/2025,,,,,,,,,,,
HOT.WTH.114_P2,5/12/2025,,,,,,,,,,,
HOT.WTH.13_P1,5/12/2025,,,,,,,,,,,
HOT.WTH.22_P7,5/12/2025,,,,,,,,,,,
HOT.WTH.22_P8,5/12/2025,,,,,,,,,,,
HOT.WTH.22_P9,5/12/2025,,,,,,,,,,,
HOT.WTH.89_P1,5/12/2025,,,,,,,,,,,
HOT.WTH.110_P1,5/12/2025,,,,,,,,,,,
HOT.WTH.26_P1,5/12/2025,dead,10/9/2025,,,,,,,,,
HOT.WTH.26_P2,5/12/2025,,,,,,,,,,,
HOT.WTH.26_P3,5/12/2025,,,,,,,,,,,
HOT.WTH.26_P4,5/12/2025,dead,11/5/2025,,,,,,,,,
HOT.WTH.26_P5,5/12/2025,,,,,,,,,,,
HOT.WTH.26_P6,5/12/2025,dead,27/10/25,,,,,,,,,
HOT.WTH.74_P7,5/12/2025,,,,,,,,,,,
HOT.WTH.74_P8,5/12/2025,,,,,,,,,,,
HOT.WTH.42_P5,5/12/2025,,,,,,,,,,,
HOT.WTH.39_P1,5/12/2025,,,,,,,,,,,
F1.WARM.HOT_P1,5/12/2025,,,,,,,,,,,
HOT.WTH.17_P5,5/12/2025,,,,,,,,,,,
HOT.WTH.17_P6,5/12/2025,,,,,,,,,,,
HOT.WTH.17_P7,5/12/2025,,,,,,,,,,,
CTRL.WTH.117_P1,5/12/2025,,,,,,,,,,,
CTRL.WTH.1_P1,5/12/2025,,,,,,,,,,,
CTRL.WTH.1_P2,5/12/2025,dead ,27/10/25,,,,,,,,,
CTRL.WTH.1_P3,5/12/2025,dead_end,,,,,,,,,,
CTRL.WTH.1_P4,5/12/2025,,,,,,,,,,,
CTRL.WTH.1_P5,5/12/2025,,,,,,,,,,,
CTRL.WTH.1_P6,5/12/2025,,,,,,,,,,,
CTRL.WTH.130_P1,5/12/2025,,,,,,,,,,,
CTRL.WTH.22_P1,5/12/2025,,,,,,,,,,,
CTRL.WTH.13_P1,5/12/2025,,,,,,,,,,,
CTRL.WTH.29_P1,5/12/2025,,,,,,,,,,,
CTRL.WTH.42_P1,5/12/2025,,,,,,,,,,,
CTRL.WTH.42_P2,5/12/2025,,,,,,,,,,,
F1.COOL.CTRL_P1,5/12/2025,,,,,,,,,,,
F1.COOL.CTRL_P2,5/12/2025,,,,,,,,,,,
CTRL.WTH.1_P7,5/13/2025,,,,,,,,,,,
CTRL.WTH.1_P8,5/13/2025,,,,,,,,,,,
CTRL.WTH.1_P9,5/13/2025,,,,,,,,,,,
CTRL.WTH.47_P1,5/13/2025,,,,,,,,,,,
CTRL.WTH.74_P1,5/13/2025,,,,,,,,,,,
CTRL.WTH.74_P2,5/13/2025,,,,,,,,,,,
CTRL.WTH.74_P3,5/13/2025,,,,,,,,,,,
CTRL.WTH.113_P1,5/13/2025,,,,,,,,,,,
CTRL.WTH.94_P1,5/13/2025,,,,,,,,,,,
HOT.WTH.37_P1,5/13/2025,,,,,,,,,,,
HOT.WTH.37_P2,5/13/2025,,,,,,,,,,,
HOT.WTH.37_P3,5/13/2025,,,,,,,,,,,
HOT.WTH.64_P7,5/13/2025,,,,,,,,,,,
F2.COOL.HOT_P1,5/13/2025,,,,,,,,,,,
HOT.WTH.16_P3,5/13/2025,dead_end,,,,,,,,,,
HOT.WTH.60_P10,5/13/2025,,,,,,,,,,,
HOT.WTH.60_P9,5/13/2025,,,,,,,,,,,
HOT.WTH.106_P4,5/13/2025,,,,,,,,,,,
HOT.WTH.106_P3,5/13/2025,,,,,,,,,,,
F6.MEAN.HOT_P1,5/13/2025,dead_end,,,,,,,,,,
HOT.WTH.155_P1,5/13/2025,,,,,,,,,,,
HOT.WTH.155_P2,5/13/2025,,,,,,,,,,,
CTRL.WTH.22_P2,5/13/2025,,,,,,,,,,,
CTRL.WTH.22_P3,5/13/2025,,,,,,,,,,,
CTRL.WTH.22_P4,5/13/2025,,,,,,,,,,,
CTRL.WTH.22_P5,5/13/2025,,,,,,,,,,,
HOT.WTH.114_P3,5/13/2025,,,,,,,,,,,
HOT.WTH.118_P2,5/13/2025,,,,,,,,,,,
HOT.WTH.47_P2,5/13/2025,,,,,,,,,,,
F5.CTRL.HOT_P2,5/13/2025,,,,,,,,,,,
F5.CTRL.HOT_P3,5/13/2025,,,,,,,,,,,
F5.CTRL.HOT_P4,5/13/2025,,,,,,,,,,,
F5.CTRL.HOT_P5,5/13/2025,dead,7/11/2025,,,,,,,,,
CTRL.WTH.44_P1,5/13/2025,,,,,,,,,,,
CTRL.WTH.44_P2,5/13/2025,,,,,,,,,,,
CTRL.WTH.44_P3,5/13/2025,,,,,,,,,,,
CTRL.WTH.44_P4,5/13/2025,,,,,,,,,,,
CTRL.WTH.44_P5,5/13/2025,,,,,,,,,,,
HOT.WTH.158_P1,5/13/2025,,,,,,,,,,,
HOT.WTH.158_P2,5/13/2025,,,,,,,,,,,
CTRL.WTH.146_P1,5/13/2025,,,,,,,,,,,
CTRL.WTH.42_P3,5/13/2025,,,,,,,,,,,
CTRL.WTH.42_P4,5/13/2025,,,,,,,,,,,
CTRL.WTH.29_P2,5/13/2025,,,,,,,,,,,
CTRL.WTH.29_P3,5/13/2025,,,,,,,,,,,
CTRL.WTH.29_P4,5/13/2025,,,,,,,,,,,
HOT.WTH.13_P2,5/13/2025,,,,,,,,,,,
CTRL.WTH.168_P1,5/13/2025,dead_rm_rm,,,,,,,,,,
HOT.WTH.26_P7,5/13/2025,,,,,,,,,,,
HOT.WTH.17_P8,5/13/2025,,,,,,,,,,,
CTRL.GLF.5_P3,5/13/2025,,,,,,,,,,,
CTRL.GLF.5_P4,5/13/2025,dead,11/5/2025,,,,,,,,,
CTRL.GLF.5_P5,5/13/2025,,,,,,,,,,,
CTRL.WTH.157_P1,5/13/2025,,,,,,,,,,,
CTRL.WTH.157_P2,5/13/2025,,,,,,,,,,,
CTRL.WTH.111_P1,5/13/2025,,,,,,,,,,,
CTRL.WTH.86_P1,5/13/2025,dead,11/3/2025,,,,,,,,,
CTRL.WTH.43_P1,5/13/2025,,,,,,,,,,,
F1.COOL.CTRL_P3,5/13/2025,,,,,,,,,,,
F1.COOL.CTRL_P4,5/13/2025,,,,,,,,,,,
F5.MEAN.CTRL_P1,5/13/2025,,,,,,,,,,,
HOT.WTH.41_P6,5/14/2025,,,,,,,,,,,
HOT.EDI.12_P1,5/14/2025,,,,,,,,,,,
F3.CTRL.HOT_P7,5/14/2025,dead,10/9/2025,,,,,,,,,
HOT.WTH.47_P3,5/14/2025,,,,,,,,,,,
HOT.WTH.47_P4,5/14/2025,,,,,,,,,,,
HOT.WTH.117_P4,5/14/2025,,,,,,,,,,,
F6.CTRL.HOT_P1,5/14/2025,,,,,,,,,,,
F5.CTRL.HOT_P6,5/14/2025,,,,,,,,,,,
F5.CTRL.HOT_P7,5/14/2025,,,,,,,,,,,
HOT.BLG.15_P2,5/14/2025,,,,,,,,,,,
HOT.WTH.138_P1,5/14/2025,,,,,,,,,,,
HOT.WTH.138_P2,5/14/2025,,,,,,,,,,,
HOT.WTH.114_P4,5/14/2025,,,,,,,,,,,
HOT.WTH.114_P5,5/14/2025,dead_end,,,,,,,,,,
HOT.WTH.114_P6,5/14/2025,,,,,,,,,,,
HOT.WTH.98_P1,5/14/2025,,,,,,,,,,,
HOT.WTH.98_P2,5/14/2025,,,,,,,,,,,
HOT.WTH.96_P6,5/14/2025,,,,,,,,,,,
HOT.WTH.162_P2,5/14/2025,,,,,,,,,,,
HOT.WTH.88_P2,5/14/2025,,,,,,,,,,,
HOT.WTH.92_P1,5/14/2025,,,,,,,,,,,
HOT.WTH.92_P2,5/14/2025,,,,,,,,,,,
HOT.WTH.92_P3,5/14/2025,,,,,,,,,,,
HOT.URD.1_P6,5/14/2025,,,,,,,,,,,
HOT.URD.1_P7,5/14/2025,,,,,,,,,,,
HOT.WTH.153_P1,5/14/2025,,,,,,,,,,,
HOT.WTH.152_P1,5/14/2025,,,,,,,,,,,
HOT.WTH.152_P2,5/14/2025,,,,,,,,,,,
HOT.WTH.155_P3,5/14/2025,,,,,,,,,,,
HOT.WTH.155_P4,5/14/2025,,,,,,,,,,,
HOT.WTH.155_P5,5/14/2025,,,,,,,,,,,
HOT.WTH.49_P1,5/14/2025,,,,,,,,,,,
HOT.WTH.53_P1,5/14/2025,dead_end,,,,,,,,,,
HOT.WTH.78_P1,5/14/2025,,,,,,,,,,,
HOT.WTH.78_P2,5/14/2025,,,,,,,,,,,
HOT.WTH.39_P2,5/14/2025,,,,,,,,,,,
HOT.WTH.110_P2,5/14/2025,,,,,,,,,,,
HOT.WTH.17_P9,5/14/2025,,,,,,,,,,,
HOT.WTH.13_P3,5/14/2025,,,,,,,,,,,
HOT.WTH.168_P1,5/14/2025,,,,,,,,,,,
HOT.WTH.179_P1,5/14/2025,,,,,,,,,,,
HOT.WTH.179_P2,5/14/2025,,,,,,,,,,,
CTRL.WTH.29_P5,5/14/2025,,,,,,,,,,,
CTRL.WTH.29_P6,5/14/2025,,,,,,,,,,,
CTRL.WTH.138_P1,5/14/2025,,,,,,,,,,,
CTRL.WTH.162_P1,5/14/2025,,,,,,,,,,,
CTRL.WTH.114_P1,5/14/2025,,,,,,,,,,,
CTRL.WTH.114_P2,5/14/2025,,,,,,,,,,,
CTRL.WTH.145_P1,5/14/2025,,,,,,,,,,,
CTRL.WTH.145_P2,5/14/2025,dead_end,,,,,,,,,,
CTRL.WTH.43_P1,5/14/2025,,,,,,,,,,,
CTRL.WTH.43_P2,5/14/2025,,,,,,,,,,,
CTRL.WTH.60_P1,5/14/2025,,,,,,,,,,,
CTRL.WTH.151_P1,5/14/2025,,,,,,,,,,,
CTRL.WTH.25_P1,5/14/2025,,,,,,,,,,,
CTRL.WTH.25_P2,5/14/2025,,,,,,,,,,,
CTRL.WTH.22_P6,5/14/2025,,,,,,,,,,,
CTRL.WTH.22_P7,5/14/2025,,,,,,,,,,,
CTRL.WTH.22_P8,5/14/2025,,,,,,,,,,,
CTRL.WTH.22_P9,5/14/2025,,,,,,,,,,,
CTRL.WTH.121_P1,5/14/2025,,,,,,,,,,,
CTRL.WTH.121_P2,5/14/2025,,,,,,,,,,,
CTRL.WTH.86_P2,5/14/2025,,,,,,,,,,,
CTRL.WTH.86_P3,5/14/2025,dead,11/3/2025,,,,,,,,,
CTRL.GLF.16_P1,5/14/2025,,,,,,,,,,,
CTRL.WTH.157_P3,5/14/2025,,,,,,,,,,,
CTRL.WTH.48_P1,5/14/2025,,,,,,,,,,,
CTRL.WTH.48_P2,5/14/2025,,,,,,,,,,,
CTRL.WTH.48_P3,5/14/2025,,,,,,,,,,,
CTRL.WTH.155_P1,5/14/2025,,,,,,,,,,,
CTRL.WTH.147_P2,5/14/2025,,,,,,,,,,,
CTRL.WTH.74_P4,5/14/2025,,,,,,,,,,,
CTRL.WTH.74_P5,5/14/2025,,,,,,,,,,,
CTRL.WTH.111_P2,5/14/2025,,,,,,,,,,,
CTRL.WTH.64_P5,5/14/2025,,,,,,,,,,,
CTRL.WTH.23_P1,5/14/2025,,,,,,,,,,,
CTRL.WTH.23_P2,5/14/2025,,,,,,,,,,,
CTRL.WTH.23_P3,5/14/2025,,,,,,,,,,,
CTRL.WTH.117_P2,5/14/2025,,,,,,,,,,,
CTRL.WTH.117_P3,5/14/2025,,,,,,,,,,,
CTRL.WTH.15_P1,5/14/2025,,,,,,,,,,,
CTRL.WTH.44_P6,5/14/2025,,,,,,,,,,,
CTRL.WTH.44_P7,5/14/2025,,,,,,,,,,,
CTRL.WTH.146_P3,5/14/2025,,,,,,,,,,,
F2.MEAN.CTRL_P2,5/14/2025,,,,,,,,,,,
F4.COOL.CTRL_P3,5/14/2025,,,,,,,,,,,
F4.CTRL.CTRL_P1,5/14/2025,,,,,,,,,,,
WARM.WTH.150_P1,5/14/2025,,,,,,,,,,,
F1.CTRL.WARM_P1,5/15/2025,dead ,15/11/25,,,,,,,,,
HOT.WTH.38_P2,5/15/2025,,,,,,,,,,,
F3.CTRL.HOT_P8,5/15/2025,,,,,,,,,,,
F3.CTRL.HOT_P9,5/15/2025,,,,,,,,,,,
F3.CTRL.HOT_P10,5/15/2025,,,,,,,,,,,
F3.CTRL.HOT_P11,5/15/2025,,,,,,,,,,,
HOT.WTH.158_P3,5/15/2025,,,,,,,,,,,
HOT.WTH.158_P4,5/15/2025,,,,,,,,,,,
F7.COOL.HOT_P1,5/15/2025,,,,,,,,,,,
F7.COOL.HOT_P2,5/15/2025,,,,,,,,,,,
HOT.WTH.48_P2,5/15/2025,,,,,,,,,,,
F1.HOT.HOT_P1,5/15/2025,,,,,,,,,,,
HOT.WTH.118_P3,5/15/2025,,,,,,,,,,,
HOT.WTH.41_P7,5/15/2025,,,,,,,,,,,
F2.COOL.HOT_P2,5/15/2025,,,,,,,,,,,
HOT.WTH.117_P5,5/15/2025,,,,,,,,,,,
HOT.WTH.29_P4,5/15/2025,,,,,,,,,,,
HOT.WTH.29_P5,5/15/2025,,,,,,,,,,,
HOT.WTH.153_P2,5/15/2025,,,,,,,,,,,
HOT.WTH.153_P3,5/15/2025,,,,,,,,,,,
HOT.WTH.153_P4,5/15/2025,,,,,,,,,,,
HOT.WTH.106_P5,5/15/2025,,,,,,,,,,,
HOT.WTH.106_P6,5/15/2025,,,,,,,,,,,
HOT.WTH.16_P4,5/15/2025,dead,11/3/2025,,,,,,,,,
HOT.WTH.16_P5,5/15/2025,,,,,,,,,,,
F2.HOT.HOT_P1,5/15/2025,,,,,,,,,,,
F2.HOT.HOT_P2,5/15/2025,dead_end,,,,,,,,,,
F2.HOT.HOT_P3,5/15/2025,,,,,,,,,,,
F2.HOT.HOT_P4,5/15/2025,,,,,,,,,,,
HOT.WTH.60_P11,5/15/2025,dead ,7/11/2025,,,,,,,,,
HOT.WTH.60_P12,5/15/2025,dead,16/10/25,,,,,,,,,
HOT.WTH.60_P13,5/15/2025,,,,,,,,,,,
HOT.WTH.145_P1,5/15/2025,,,,,,,,,,,
HOT.WTH.145_P2,5/15/2025,dead ,3/11/2025,,,,,,,,,
HOT.WTH.145_P3,5/15/2025,,,,,,,,,,,
HOT.WTH.145_P4,5/15/2025,,,,,,,,,,,
HOT.WTH.154_P1,5/15/2025,,,,,,,,,,,
HOT.WTH.154_P2,5/15/2025,,,,,,,,,,,
HOT.WTH.154_P3,5/15/2025,,,,,,,,,,,
HOT.WTH.70_P1,5/15/2025,,,,,,,,,,,
HOT.WTH.49_P2,5/15/2025,dead ,17/11/25,,,,,,,,,
HOT.WTH.49_P3,5/15/2025,,,,,,,,,,,
HOT.WTH.49_P4,5/15/2025,,,,,,,,,,,
HOT.WTH.49_P5,5/15/2025,,,,,,,,,,,
HOT.WTH.49_P6,5/15/2025,,,,,,,,,,,
HOT.WTH.92_P4,5/15/2025,dead,10/9/2025,,,,,,,,,
HOT.BLG.15_P2,5/15/2025,,,,,,,,,,,
HOT.BLG.15_P3,5/15/2025,,,,,,,,,,,
HOT.BLG.15_P4,5/15/2025,,,,,,,,,,,
HOT.BLG.15_P5,5/15/2025,,,,,,,,,,,
HOT.BLG.15_P6,5/15/2025,,,,,,,,,,,
F4.CTRL.HOT_P3,5/15/2025,,,,,,,,,,,
F4.CTRL.HOT_P4,5/15/2025,dead ,27/10/25,,,,,,,,,
HOT.WTH.102_P1,5/15/2025,,,,,,,,,,,
HOT.WTH.102_P2,5/15/2025,,,,,,,,,,,
HOT.WTH.64_P7,5/15/2025,,,,,,,,,,,
HOT.WTH.162_P3,5/15/2025,,,,,,,,,,,
HOT.WTH.162_P4,5/15/2025,,,,,,,,,,,
HOT.WTH.162_P5,5/15/2025,,,,,,,,,,,
HOT.WTH.96_P7,5/15/2025,,,,,,,,,,,
HOT.WTH.98_P3,5/15/2025,dead ,27/10/25,,,,,,,,,
HOT.WTH.98_P4,5/15/2025,,,,,,,,,,,
HOT.WTH.123_P1,5/15/2025,,,,,,,,,,,
HOT.WTH.123_P2,5/15/2025,,,,,,,,,,,
HOT.WTH.114_P7,5/15/2025,,,,,,,,,,,
HOT.WTH.114_P8,5/15/2025,,,,,,,,,,,
HOT.WTH.152_P3,5/15/2025,,,,,,,,,,,
HOT.WTH.152_P4,5/15/2025,,,,,,,,,,,
HOT.WTH.152_P5,5/15/2025,,,,,,,,,,,
HOT.WTH.33_P2,5/15/2025,,,,,,,,,,,
HOT.WTH.155_P6,5/15/2025,,,,,,,,,,,
HOT.WTH.155_P7,5/15/2025,,,,,,,,,,,
HOT.WTH.148_P3,5/15/2025,,,,,,,,,,,
HOT.WTH.148_P4,5/15/2025,,,,,,,,,,,
HOT.WTH.148_P5,5/15/2025,,,,,,,,,,,
HOT.WTH.148_P6,5/15/2025,,,,,,,,,,,
HOT.WTH.104_P1,5/15/2025,,,,,,,,,,,
HOT.WTH.167_P1,5/15/2025,,,,,,,,,,,
HOT.WTH.167_P2,5/15/2025,,,,,,,,,,,
HOT.WTH.167_P3,5/15/2025,,,,,,,,,,,
HOT.WTH.167_P4,5/15/2025,,,,,,,,,,,
HOT.WTH.167_P5,5/15/2025,,,,,,,,,,,
HOT.WTH.160_P1,5/15/2025,,,,,,,,,,,
HOT.WTH.160_P2,5/15/2025,,,,,,,,,,,
HOT.WTH.160_P3,5/15/2025,,,,,,,,,,,
HOT.WTH.89_P2,5/15/2025,,,,,,,,,,,
HOT.WTH.89_P3,5/15/2025,,,,,,,,,,,
HOT.WTH.53_P2,5/15/2025,,,,,,,,,,,
HOT.WTH.53_P3,5/15/2025,,,,,,,,,,,
HOT.WTH.53_P4,5/15/2025,,,,,,,,,,,
HOT.WTH.78_P3,5/15/2025,,,,,,,,,,,
HOT.WTH.78_P4,5/15/2025,,,,,,,,,,,
HOT.WTH.103_P4,5/15/2025,,,,,,,,,,,
HOT.WTH.103_P5,5/15/2025,,,,,,,,,,,
HOT.WTH.139_P1,5/15/2025,,,,,,,,,,,
HOT.WTH.139_P2,5/15/2025,,,,,,,,,,,
HOT.WTH.139_P3,5/15/2025,,,,,,,,,,,
F1.WARM.HOT_P2,5/15/2025,dead,11/3/2025,,,,,,,,,
F1.WARM.HOT_P3,5/15/2025,,,,,,,,,,,
F1.WARM.HOT_P4,5/15/2025,,,,,,,,,,,
F1.WARM.HOT_P5,5/15/2025,dead,7/11/2025,,,,,,,,,
F1.WARM.HOT_P6,5/15/2025,,,,,,,,,,,
F1.WARM.HOT_P7,5/15/2025,,,,,,,,,,,
F1.WARM.HOT_P8,5/15/2025,,,,,,,,,,,
HOT.WTH.84_P1,5/15/2025,,,,,,,,,,,
HOT.WTH.12_P1,5/15/2025,dead,11/5/2025,,,,,,,,,
CTRL.WTH.157_P4,5/15/2025,,,,,,,,,,,
CTRL.WTH.74_P6,5/15/2025,dead_end,,,,,,,,,,
CTRL.WTH.15_P2,5/15/2025,dead_end,,,,,,,,,,
CTRL.WTH.118_P1,5/15/2025,,,,,,,,,,,
CTRL.WTH.118_P2,5/15/2025,,,,,,,,,,,
CTRL.WTH.43_P3,5/15/2025,,,,,,,,,,,
HOT.WTH.98_P5,5/15/2025,,,,,,,,,,,
HOT.WTH.98_P6,5/15/2025,,,,,,,,,,,
HOT.WTH.123_P3,5/15/2025,,,,,,,,,,,
CTRL.WTH.23_P4,5/15/2025,,,,,,,,,,,
CTRL.WTH.23_P5,5/15/2025,dead_end,,,,,,,,,,
CTRL.WTH.44_P8,5/15/2025,,,,,,,,,,,
CTRL.WTH.42_P5,5/15/2025,dead_end,,,,,,,,,,
CTRL.WTH.42_P6,5/15/2025,,,,,,,,,,,
CTRL.WTH.42_P7,5/15/2025,,,,,,,,,,,
CTRL.WTH.42_P8,5/15/2025,,,,,,,,,,,
CTRL.WTH.42_P9,5/15/2025,dead_end,,,,,,,,,,
CTRL.WTH.17_P2,5/15/2025,,,,,,,,,,,
F5.CTRL.HOT_P8,5/15/2025,,,,,,,,,,,
F5.CTRL.HOT_P9,5/15/2025,dead_end,,,,,,,,,,
F5.CTRL.HOT_P10,5/15/2025,,,,,,,,,,,
F5.CTRL.HOT_P11,5/15/2025,,,,,,,,,,,
F5.CTRL.HOT_P12,5/15/2025,,,,,,,,,,,
F5.CTRL.HOT_P13,5/15/2025,,,,,,,,,,,
CTRL.WTH.49_P1,5/15/2025,,,,,,,,,,,
CTRL.WTH.49_P2,5/15/2025,,,,,,,,,,,
CTRL.WTH.179_P1,5/15/2025,,,,,,,,,,,
CTRL.WTH.94_P2,5/15/2025,,,,,,,,,,,
CTRL.WTH.150_P1,5/15/2025,,,,,,,,,,,
CTRL.WTH.113_P1,5/15/2025,,,,,,,,,,,
CTRL.WTH.39_P1,5/15/2025,,,,,,,,,,,
CTRL.WTH.39_P2,5/15/2025,,,,,,,,,,,
CTRL.WTH.98_P1,5/15/2025,,,,,,,,,,,
CTRL.WTH.98_P2,5/15/2025,,,,,,,,,,,
CTRL.WTH.98_P3,5/15/2025,,,,,,,,,,,
CTRL.WTH.103_P1,5/15/2025,,,,,,,,,,,
CTRL.WTH.103_P2,5/15/2025,,,,,,,,,,,
CTRL.WTH.103_P3,5/15/2025,,,,,,,,,,,
CTRL.WTH.103_P4,5/15/2025,dead_end,,,,,,,,,,
CTRL.WTH.103_P5,5/15/2025,,,,,,,,,,,
CTRL.WTH.103_P6,5/15/2025,,,,,,,,,,,
F3.CTRL.CTRL_P1,5/15/2025,,,,,,,,,,,
F3.CTRL.CTRL_P2,5/15/2025,,,,,,,,,,,
F3.CTRL.CTRL_P3,5/15/2025,,,,,,,,,,,
F6.MEAN.CTRL_P1,5/15/2025,,,,,,,,,,,
F2.MEAN.CTRL_P3,5/15/2025,,,,,,,,,,,
F2.MEAN.CTRL_P4,5/15/2025,,,,,,,,,,,
CTRL.WTH.145_P3,5/15/2025,dead_end,,,,,,,,,,
CTRL.WTH.145_P4,5/15/2025,,,,,,,,,,,
CTRL.WTH.145_P5,5/15/2025,,,,,,,,,,,
F1.CTRL.CTRL_P1,5/15/2025,dead,15/11/25,,,,,,,,,
F1.CTRL.CTRL_P2,5/15/2025,,,,,,,,,,,
F1.CTRL.CTRL_P3,5/15/2025,dead_end,,,,,,,,,,
F1.CTRL.CTRL_P4,5/15/2025,,,,,,,,,,,
F4.CTRL.CTRL_P2,5/15/2025,,,,,,,,,,,
F4.CTRL.CTRL_P3,5/15/2025,,,,,,,,,,,
F4.CTRL.CTRL_P4,5/15/2025,dead,9/11/2025,,,,,,,,,
F5.COOL.CTRL_P1,5/15/2025,,,,,,,,,,,
F5.COOL.CTRL_P2,5/15/2025,,,,,,,,,,,
CTRL.WTH.121_P3,5/15/2025,,,,,,,,,,,
CTRL.WTH.121_P4,5/15/2025,,,,,,,,,,,
CTRL.WTH.121_P5,5/15/2025,,,,,,,,,,,
CTRL.WTH.121_P6,5/15/2025,,,,,,,,,,,
CTRL.WTH.88_P1,5/15/2025,,,,,,,,,,,
CTRL.WTH.130_P3,5/15/2025,,,,,,,,,,,
CTRL.WTH.60_P2,5/15/2025,,,,,,,,,,,
CTRL.WTH.60_P3,5/15/2025,,,,,,,,,,,
CTRL.WTH.86_P4,5/15/2025,,,,,,,,,,,
CTRL.WTH.86_P5,5/15/2025,,,,,,,,,,,
CTRL.WTH.151_P2,5/15/2025,,,,,,,,,,,
CTRL.WTH.151_P3,5/15/2025,,,,,,,,,,,
CTRL.WTH.167_P1,5/15/2025,,,,,,,,,,,
CTRL.WTH.167_P2,5/15/2025,,,,,,,,,,,
CTRL.WTH.70_P1,5/15/2025,dead_end,,,,,,,,,,
CTRL.WTH.64_P6,5/15/2025,,,,,,,,,,,
CTRL.WTH.16_P1,5/15/2025,,,,,,,,,,,
CTRL.WTH.16_P2,5/15/2025,,,,,,,,,,,
CTRL.WTH.16_P3,5/15/2025,,,,,,,,,,,
CTRL.WTH.16_P4,5/15/2025,,,,,,,,,,,
CTRL.WTH.53_P1,5/15/2025,,,,,,,,,,,
CTRL.WTH.53_P2,5/15/2025,,,,,,,,,,,
CTRL.WTH.53_P3,5/15/2025,,,,,,,,,,,
CTRL.WTH.153_P1,5/15/2025,,,,,,,,,,,
CTRL.WTH.153_P2,5/15/2025,,,,,,,,,,,
CTRL.WTH.153_P3,5/15/2025,,,,,,,,,,,
CTRL.WTH.153_P4,5/15/2025,,,,,,,,,,,
CTRL.WTH.153_P5,5/15/2025,,,,,,,,,,,
CTRL.WTH.148_P1,5/15/2025,,,,,,,,,,,
CTRL.WTH.148_P2,5/15/2025,,,,,,,,,,,
CTRL.WTH.162_P2,5/15/2025,,,,,,,,,,,
CTRL.WTH.162_P3,5/15/2025,,,,,,,,,,,
CTRL.WTH.162_P4,5/15/2025,,,,,,,,,,,
CTRL.WTH.162_P5,5/15/2025,,,,,,,,,,,
CTRL.WTH.13_P2,5/15/2025,,,,,,,,,,,
CTRL.WTH.13_P3,5/15/2025,,,,,,,,,,,
CTRL.WTH.13_P4,5/15/2025,,,,,,,,,,,
CTRL.WTH.13_P5,5/15/2025,,,,,,,,,,,
CTRL.WTH.13_P6,5/15/2025,,,,,,,,,,,
CTRL.WTH.110_P1,5/15/2025,,,,,,,,,,,
HOT.WTH.37_P4,5/16/2025,dead,,,,,,,,,,
HOT.WTH.37_P5,5/16/2025,dead,27/10/25,,,,,,,,,
F5.CTRL.HOT_P14,5/16/2025,dead_end,,,,,,,,,,
HOT.WTH.33_P3,5/16/2025,,,,,,,,,,,
HOT.WTH.15_P6,5/16/2025,,,,,,,,,,,
HOT.WTH.145_P5,5/16/2025,,,,,,,,,,,
F3.CTRL.HOT_P12,5/16/2025,,,,,,,,,,,
F3.CTRL.HOT_P13,5/16/2025,dead,11/3/2025,,,,,,,,,
F3.CTRL.HOT_P14,5/16/2025,,,,,,,,,,,
HOT.WTH.158_P5,5/16/2025,,,,,,,,,,,
HOT.WTH.150_P1,5/16/2025,,,,,,,,,,,
HOT.WTH.150_P2,5/16/2025,,,,,,,,,,,
F1.HOT.HOT_P2,5/16/2025,,,,,,,,,,,
F1.HOT.HOT_P3,5/16/2025,,,,,,,,,,,
F1.HOT.HOT_P4,5/16/2025,,,,,,,,,,,
F1.HOT.HOT_P5,5/16/2025,,,,,,,,,,,
F2.COOL.HOT_P3,5/16/2025,,,,,,,,,,,
F7.COOL.HOT_P3,5/16/2025,,,,,,,,,,,
F7.COOL.HOT_P4,5/16/2025,dead_end,,,,,,,,,,
F7.COOL.HOT_P5,5/16/2025,,,,,,,,,,,
F7.COOL.HOT_P6,5/16/2025,,,,,,,,,,,
HOT.WTH.164_P1,5/16/2025,dead_end,,,,,,,,,,
HOT.WTH.164_P2,5/16/2025,,,,,,,,,,,
HOT.WTH.164_P3,5/16/2025,,,,,,,,,,,
HOT.WTH.118_P4,5/16/2025,,,,,,,,,,,
HOT.WTH.153_P5,5/16/2025,,,,,,,,,,,
HOT.WTH.153_P6,5/16/2025,,,,,,,,,,,
HOT.WTH.153_P7,5/16/2025,,,,,,,,,,,
HOT.WTH.48_P3,5/16/2025,,,,,,,,,,,
F3.CTRL.HOT2_P1,5/16/2025,,,,,,,,,,,
HOT.WTH.123_P4,5/16/2025,,,,,,,,,,,
HOT.WTH.70_P2,5/16/2025,,,,,,,,,,,
HOT.WTH.154_P4,5/16/2025,,,,,,,,,,,
HOT.WTH.152_P6,5/16/2025,,,,,,,,,,,
HOT.WTH.155_P8,5/16/2025,,,,,,,,,,,
HOT.WTH.155_P9,5/16/2025,,,,,,,,,,,
HOT.WTH.170_P1,5/16/2025,,,,,,,,,,,
HOT.WTH.104_P2,5/16/2025,dead_end,,,,,,,,,,
HOT.WTH.49_P7,5/16/2025,,,,,,,,,,,
HOT.WTH.111_P1,5/16/2025,,,,,,,,,,,
HOT.WTH.151_P1,5/16/2025,,,,,,,,,,,
HOT.WTH.151_P2,5/16/2025,,,,,,,,,,,
HOT.WTH.151_P3,5/16/2025,,,,,,,,,,,
HOT.WTH.98_P7,5/16/2025,,,,,,,,,,,
HOT.GLF.16_P1,5/16/2025,dead_rm,,,,,,,,,,
WARM.WTH.44_P1,5/16/2025,,,,,,,,,,,
WARM.WTH.42_P1,5/16/2025,,,,,,,,,,,
WARM.WTH.13_P1,5/16/2025,dead,16/10/25,,,,,,,,,
WARM.WTH.130_P1,5/16/2025,,,,,,,,,,,
WARM.WTH.130_P2,5/16/2025,,,,,,,,,,,
WARM.WTH.130_P3,5/16/2025,dead,11/3/2025,,,,,,,,,
WARM.WTH.130_P4,5/16/2025,,,,,,,,,,,
WARM.WTH.130_P5,5/16/2025,,,,,,,,,,,
WARM.WTH.130_P6,5/16/2025,,,,,,,,,,,
HOT.WTH.102_P3,5/16/2025,,,,,,,,,,,
HOT.WTH.102_P4,5/16/2025,,,,,,,,,,,
HOT.WTH.102_P5,5/16/2025,,,,,,,,,,,
HOT.WTH.96_P8,5/16/2025,,,,,,,,,,,
HOT.WTH.114_P9,5/16/2025,,,,,,,,,,,
HOT.MUN.1_P2,5/16/2025,,,,,,,,,,,
HOT.WTH.64_P8,5/16/2025,,,,,,,,,,,
HOT.WTH.162_P6,5/16/2025,,,,,,,,,,,
HOT.WTH.138_P3,5/16/2025,,,,,,,,,,,
HOT.WTH.138_P4,5/16/2025,,,,,,,,,,,
HOT.WTH.1_P4,5/16/2025,,,,,,,,,,,
HOT.WTH.103_P6,5/16/2025,,,,,,,,,,,
HOT.WTH.110_P3,5/16/2025,,,,,,,,,,,
HOT.WTH.110_P4,5/16/2025,,,,,,,,,,,
HOT.WTH.110_P5,5/16/2025,,,,,,,,,,,
HOT.WTH.110_P6,5/16/2025,,,,,,,,,,,
HOT.WTH.159_P1,5/16/2025,,,,,,,,,,,
HOT.WTH.89_P4,5/16/2025,dead,,,,,,,,,,
HOT.WTH.84_P2,5/16/2025,,,,,,,,,,,
HOT.WTH.84_P3,5/16/2025,,,,,,,,,,,
HOT.WTH.84_P4,5/16/2025,,,,,,,,,,,
HOT.WTH.168_P2,5/16/2025,,,,,,,,,,,
HOT.WTH.168_P3,5/16/2025,,,,,,,,,,,
HOT.WTH.161_P1,5/16/2025,,,,,,,,,,,
HOT.WTH.179_P3,5/16/2025,dead,11/3/2025,,,,,,,,,
HOT.WTH.179_P4,5/16/2025,,,,,,,,,,,
HOT.WTH.160_P4,5/16/2025,,,,,,,,,,,
HOT.WTH.160_P5,5/16/2025,,,,,,,,,,,
HOT.WTH.139_P4,5/16/2025,,,,,,,,,,,
HOT.WTH.139_P5,5/16/2025,,,,,,,,,,,
HOT.WTH.39_P3,5/16/2025,,,,,,,,,,,
CTRL.WTH.78_P1,5/16/2025,,,,,,,,,,,
CTRL.WTH.78_P2,5/16/2025,dead,11/5/2025,,,,,,,,,
CTRL.WTH.78_P3,5/16/2025,,,,,,,,,,,
CTRL.GLF.5_P6,5/16/2025,,,,,,,,,,,
CTRL.WTH.102_P1,5/16/2025,,,,,,,,,,,
CTRL.WTH.102_P2,5/16/2025,,,,,,,,,,,
CTRL.WTH.123_P1,5/16/2025,,,,,,,,,,,
CTRL.WTH.123_P2,5/16/2025,,,,,,,,,,,
CTRL.WTH.123_P3,5/16/2025,dead_end,,,,,,,,,,
CTRL.WTH.145_P6,5/16/2025,,,,,,,,,,,
CTRL.WTH.145_P7,5/16/2025,,,,,,,,,,,
CTRL.WTH.145_P8,5/16/2025,,,,,,,,,,,
CTRL.WTH.145_P9,5/16/2025,,,,,,,,,,,
CTRL.WTH.151_P4,5/16/2025,,,,,,,,,,,
CTRL.WTH.151_P5,5/16/2025,,,,,,,,,,,
CTRL.WTH.70_P2,5/16/2025,,,,,,,,,,,
CTRL.WTH.70_P3,5/16/2025,,,,,,,,,,,
CTRL.WTH.70_P4,5/16/2025,,,,,,,,,,,
CTRL.WTH.70_P5,5/16/2025,,,,,,,,,,,
CTRL.WTH.98_P4,5/16/2025,,,,,,,,,,,
CTRL.URD.1_P1,5/16/2025,,,,,,,,,,,
CTRL.URD.1_P2,5/16/2025,,,,,,,,,,,
CTRL.URD.1_P3,5/16/2025,dead_end,,,,,,,,,,
CTRL.WTH.49_P3,5/16/2025,,,,,,,,,,,
CTRL.WTH.49_P4,5/16/2025,,,,,,,,,,,
CTRL.WTH.49_P5,5/16/2025,,,,,,,,,,,
CTRL.WTH.92_P1,5/16/2025,,,,,,,,,,,
CTRL.WTH.92_P2,5/16/2025,dead_end,,,,,,,,,,
CTRL.WTH.92_P3,5/16/2025,,,,,,,,,,,
CTRL.WTH.92_P4,5/16/2025,,,,,,,,,,,
CTRL.WTH.121_P7,5/16/2025,,,,,,,,,,,
CTRL.WTH.121_P8,5/16/2025,,,,,,,,,,,
CTRL.WTH.155_P2,5/16/2025,,,,,,,,,,,
CTRL.WTH.155_P3,5/16/2025,,,,,,,,,,,
CTRL.WTH.47_P5,5/16/2025,,,,,,,,,,,
CTRL.WTH.48_P4,5/16/2025,,,,,,,,,,,
CTRL.WTH.48_P5,5/16/2025,,,,,,,,,,,
CTRL.WTH.74_P7,5/16/2025,,,,,,,,,,,
CTRL.WTH.153_P7,5/16/2025,,,,,,,,,,,
CTRL.WTH.153_P8,5/16/2025,,,,,,,,,,,
CTRL.WTH.104_P1,5/16/2025,,,,,,,,,,,
CTRL.WTH.154_P1,5/16/2025,,,,,,,,,,,
CTRL.WTH.154_P2,5/16/2025,,,,,,,,,,,
CTRL.WTH.154_P3,5/16/2025,,,,,,,,,,,
CTRL.WTH.154_P4,5/16/2025,,,,,,,,,,,
CTRL.WTH.168_P2,5/16/2025,,,,,,,,,,,
CTRL.WTH.33_P1,5/16/2025,,,,,,,,,,,
CTRL.WTH.33_P2,5/16/2025,,,,,,,,,,,
CTRL.WTH.25_P3,5/16/2025,dead,27/10/25,,,,,,,,,
CTRL.WTH.25_P4,5/16/2025,,,,,,,,,,,
CTRL.WTH.25_P5,5/16/2025,dead,10/9/2025,,,,,,,,,
CTRL.WTH.25_P6,5/16/2025,,,,,,,,,,,
CTRL.WTH.114_P3,5/16/2025,dead_end,,,,,,,,,,
CTRL.WTH.114_P4,5/16/2025,,,,,,,,,,,
CTRL.WTH.114_P5,5/16/2025,,,,,,,,,,,
CTRL.WTH.12_P1,5/16/2025,dead_end,,,,,,,,,,
CTRL.WTH.12_P2,5/16/2025,dead_end,,,,,,,,,,
CTRL.WTH.37_P1,5/16/2025,dead,16/10/25,,,,,,,,,
CTRL.WTH.110_P2,5/16/2025,,,,,,,,,,,
CTRL.WTH.110_P3,5/16/2025,,,,,,,,,,,
CTRL.ART.3_P1,5/16/2025,,,,,,,,,,,
CTRL.WTH.111_P3,5/16/2025,,,,,,,,,,,
CTRL.WTH.161_P1,5/16/2025,,,,,,,,,,,
CTRL.WTH.161_P2,5/16/2025,,,,,,,,,,,
CTRL.WTH.161_P3,5/16/2025,,,,,,,,,,,
CTRL.WTH.146_P4,5/16/2025,dead_end,,,,,,,,,,
CTRL.WTH.162_P6,5/16/2025,dead,11/3/2025,,,,,,,,,
CTRL.WTH.162_P7,5/16/2025,,,,,,,,,,,
CTRL.WTH.53_P4,5/16/2025,,,,,,,,,,,
CTRL.WTH.160_P1,5/16/2025,,,,,,,,,,,
CTRL.WTH.160_P2,5/16/2025,,,,,,,,,,,
CTRL.WTH.160_P3,5/16/2025,,,,,,,,,,,
CTRL.WTH.160_P4,5/16/2025,,,,,,,,,,,
CTRL.WTH.160_P5,5/16/2025,,,,,,,,,,,
CTRL.GLF.9_P1,5/16/2025,,,,,,,,,,,
CTRL.WTH.164_P1,5/16/2025,dead_end,,,,,,,,,,
F1.CTRL.CTRL_P5,5/16/2025,,,,,,,,,,,
CTRL.BLG.15_P1,5/16/2025,,,,,,,,,,,
CTRL.BLG.15_P2,5/16/2025,,,,,,,,,,,
CTRL.BLG.15_P3,5/16/2025,,,,,,,,,,,
CTRL.BLG.15_P4,5/16/2025,,,,,,,,,,,
CTRL.BLG.15_P5,5/16/2025,,,,,,,,,,,
CTRL.BLG.15_P6,5/16/2025,dead,11/3/2025,,,,,,,,,
CTRL.BLG.15_P7,5/16/2025,,,,,,,,,,,
CTRL.BLG.15_P8,5/16/2025,dead,11/5/2025,,,,,,,,,
CTRL.WTH.17_P3,5/16/2025,,,,,,,,,,,
CTRL.WTH.94_P3,5/16/2025,dead,10/9/2025,,,,,,,,,
CTRL.WTH.130_P4,5/16/2025,dead_end,,,,,,,,,,
CTRL.WTH.130_P5,5/16/2025,,,,,,,,,,,
CTRL.WTH.167_P3,5/16/2025,,,,,,,,,,,
CTRL.WTH.117_P4,5/16/2025,,,,,,,,,,,
CTRL.WTH.117_P5,5/16/2025,,,,,,,,,,,
F5.CTRL.CTRL_P1,5/16/2025,dead,7/11/2025,,,,,,,,,
WARM.WTH.17_P1,5/17/2025,,,,,,,,,,,
WARM.WTH.17_P2,5/17/2025,dead,11/3/2025,,,,,,,,,
WARM.WTH.42_P2,5/17/2025,,,,,,,,,,,
WARM.WTH.13_P2,5/17/2025,,,,,,,,,,,
WARM.WTH.41_P1,5/17/2025,,,,,,,,,,,
WARM.WTH.1_P1,5/17/2025,,,,,,,,,,,
WARM.GLF.5_P1,5/17/2025,,,,,,,,,,,
F1.COOL.WARM_P1,5/17/2025,,,,,,,,,,,
F1.COOL.WARM_P2,5/17/2025,,,,,,,,,,,
HOT.WTH.96_P7,5/17/2025,,,,,,,,,,,
HOT.WTH.104_P3,5/17/2025,,,,,,,,,,,
HOT.WTH.155_P10,5/17/2025,,,,,,,,,,,
HOT.WTH.139_P6,5/17/2025,,,,,,,,,,,
HOT.WTH.70_P3,5/17/2025,,,,,,,,,,,
HOT.WTH.161_P2,5/17/2025,,,,,,,,,,,
HOT.WTH.159_P2,5/17/2025,,,,,,,,,,,
HOT.WTH.159_P3,5/17/2025,,,,,,,,,,,
HOT.WTH.159_P4,5/17/2025,,,,,,,,,,,
F2.HOT.HOT_P5,5/17/2025,,,,,,,,,,,
F1.HOT.HOT_P6,5/17/2025,,,,,,,,,,,
HOT.WTH.114_P10,5/17/2025,,,,,,,,,,,
HOT.WTH.138_P5,5/17/2025,,,,,,,,,,,
HOT.WTH.138_P6,5/17/2025,dead_end,,,,,,,,,,
HOT.WTH.142_P1,5/17/2025,,,,,,,,,,,
HOT.WTH.142_P2,5/17/2025,,,,,,,,,,,
HOT.WTH.142_P3,5/17/2025,dead,11/3/2025,,,,,,,,,
F7.COOL.HOT_P6,5/17/2025,,,,,,,,,,,
CTRL.WTH.159_P1,5/17/2025,,,,,,,,,,,
CTRL.WTH.157_P5,5/17/2025,,,,,,,,,,,
CTRL.WTH.164_P2,5/17/2025,,,,,,,,,,,
CTRL.WTH.164_P3,5/17/2025,,,,,,,,,,,
CTRL.WTH.158_P1,5/17/2025,,,,,,,,,,,
CTRL.WTH.158_P2,5/17/2025,,,,,,,,,,,
CTRL.WTH.158_P3,5/17/2025,,,,,,,,,,,
CTRL.WTH.110_P4,5/17/2025,,,,,,,,,,,
CTRL.WTH.110_P5,5/17/2025,,,,,,,,,,,
CTRL.WTH.138_P2,5/17/2025,,,,,,,,,,,
CTRL.WTH.13_P7,5/17/2025,,,,,,,,,,,
CTRL.WTH.88_P2,5/17/2025,,,,,,,,,,,
CTRL.WTH.148_P3,5/17/2025,dead_end,,,,,,,,,,
CTRL.WTH.150_P2,5/17/2025,,,,,,,,,,,
CTRL.WTH.111_P4,5/17/2025,,,,,,,,,,,
CTRL.WTH.111_P5,5/17/2025,,,,,,,,,,,
CTRL.WTH.130_P6,5/17/2025,,,,,,,,,,,
CTRL.WTH.152_P1,5/17/2025,,,,,,,,,,,
CTRL.WTH.50_P3,5/17/2025,dead,,,,,,,,,,
CTRL.WTH.50_P4,5/17/2025,,,,,,,,,,,
CTRL.WTH.117_P6,5/17/2025,,,,,,,,,,,
CTRL.URD.1_P4,5/17/2025,,,,,,,,,,,
CTRL.WTH.170_P1,5/17/2025,,,,,,,,,,,
CTRL.WTH.170_P2,5/17/2025,,,,,,,,,,,
CTRL.WTH.170_P3,5/17/2025,,,,,,,,,,,
CTRL.WTH.39_P1,5/17/2025,,,,,,,,,,,
CTRL.WTH.179_P2,5/17/2025,,,,,,,,,,,
CTRL.WTH.179_P3,5/17/2025,,,,,,,,,,,
CTRL.WTH.92_P5,5/17/2025,dead_end,,,,,,,,,,
F1.CTRL.CTRL_P6,5/17/2025,,,,,,,,,,,
F4.CTRL.CTRL_P5,5/17/2025,,,,,,,,,,,
F7.COOL.CTRL_P1,5/17/2025,,,,,,,,,,,
F7.COOL.CTRL_P2,5/17/2025,,,,,,,,,,,
F7.COOL.CTRL_P3,5/17/2025,,,,,,,,,,,
F7.COOL.CTRL_P4,5/17/2025,,,,,,,,,,,
F7.COOL.CTRL_P5,5/17/2025,,,,,,,,,,,
F1.WARM.CTRL_P1,5/17/2025,,,,,,,,,,,
F4.COOL.WARM_P1,5/18/2025,,,,,,,,,,,
WARM.WTH.118_P1,5/18/2025,dead,7/11/2025,,,,,,,,,
WARM.WTH.43_P1,5/18/2025,dead,11/3/2025,,,,,,,,,
WARM.WTH.43_P2,5/18/2025,dead,7/11/2025,,,,,,,,,
WARM.WTH.50_P1,5/18/2025,dead,7/11/2025,,,,,,,,,
WARM.WTH.50_P2,5/18/2025,dead,10/9/2025,,,,,,,,,
WARM.WTH.130_P7,5/18/2025,,,,,,,,,,,
WARM.WTH.38_P1,5/18/2025,dead,5-Nov,,,,,,,,,
WARM.WTH.44_P2,5/18/2025,dead,7/11/2025,,,,,,,,,
WARM.WTH.94_P1,5/18/2025,,,,,,,,,,,
WARM.WTH.23_P1,5/18/2025,,,,,,,,,,,
WARM.WTH.23_P2,5/18/2025,,,,,,,,,,,
WARM.WTH.41_P2,5/18/2025,,,,,,,,,,,
WARM.WTH.1_P2,5/18/2025,,,,,,,,,,,
WARM.WTH.42_P3,5/18/2025,,,,,,,,,,,
WARM.WTH.92_P1,5/18/2025,,,,,,,,,,,
F5.COOL.WARM_P1,5/18/2025,,,,,,,,,,,
F1.COOL.WARM_P3,5/18/2025,,,,,,,,,,,
F1.COOL.WARM_P4,5/18/2025,,,,,,,,,,,
F1.COOL.WARM_P5,5/18/2025,,,,,,,,,,,
F1.COOL.WARM_P6,5/18/2025,,,,,,,,,,,
WARM.MUN.1_P1,5/18/2025,,,,,,,,,,,
WARM.MUN.1_P2,5/18/2025,,,,,,,,,,,
WARM.MUN.1_P3,5/18/2025,,,,,,,,,,,
WARM.WTH.49_P1,5/18/2025,,,,,,,,,,,
F1.CTRL.WARM_P2,5/18/2025,,,,,,,,,,,
F1.CTRL.WARM_P3,5/18/2025,,,,,,,,,,,
F6.MEAN.HOT_P2,5/18/2025,,,,,,,,,,,
HOT.WTH.48_P4,5/18/2025,,,,,,,,,,,
HOT.WTH.48_P5,5/18/2025,,,,,,,,,,,
F3.CTRL.HOT2_P2,5/18/2025,,,,,,,,,,,
F5.CTRL.HOT_P15,5/18/2025,,,,,,,,,,,
HOT.WTH.106_P7,5/18/2025,,,,,,,,,,,
F7.COOL.HOT_P7,5/18/2025,,,,,,,,,,,
HOT.WTH.170_P2,5/18/2025,dead,11/3/2025,,,,,,,,,
HOT.WTH.111_P2,5/18/2025,,,,,,,,,,,
HOT.WTH.151_P4,5/18/2025,,,,,,,,,,,
HOT.WTH.151_P5,5/18/2025,,,,,,,,,,,
F1.HOT.HOT_P7,5/18/2025,,,,,,,,,,,
HOT.WTH.1_P5,5/18/2025,,,,,,,,,,,
HOT.WTH.39_P4,5/18/2025,,,,,,,,,,,
HOT.WTH.161_P3,5/18/2025,,,,,,,,,,,
HOT.WTH.161_P4,5/18/2025,,,,,,,,,,,
HOT.WTH.161_P5,5/18/2025,,,,,,,,,,,
HOT.WTH.92_P5,5/18/2025,,,,,,,,,,,
HOT.WTH.102_P6,5/18/2025,,,,,,,,,,,
HOT.WTH.110_P7,5/18/2025,,,,,,,,,,,
HOT.WTH.110_P8,5/18/2025,dead,27/10/25,,,,,,,,,
HOT.WTH.168_P4,5/18/2025,dead,27/10/25,,,,,,,,,
HOT.WTH.168_P5,5/18/2025,,,,,,,,,,,
HOT.WTH.179_P5,5/18/2025,,,,,,,,,,,
HOT.WTH.104_P4,5/18/2025,dead_end,,,,,,,,,,
HOT.WTH.162_P7,5/18/2025,,,,,,,,,,,
HOT.WTH.162_P8,5/18/2025,,,,,,,,,,,
HOT.WTH.139_P7,5/18/2025,,,,,,,,,,,
HOT.WTH.139_P8,5/18/2025,,,,,,,,,,,
HOT.WTH.160_P6,5/18/2025,,,,,,,,,,,
F3.MEAN.HOT_P1,5/18/2025,,,,,,,,,,,
F3.MEAN.HOT_P2,5/18/2025,,,,,,,,,,,
F3.MEAN.HOT_P3,5/18/2025,,,,,,,,,,,
F3.MEAN.HOT_P4,5/18/2025,dead_end,,,,,,,,,,
HOT.WTH.155_P11,5/18/2025,dead_end,,,,,,,,,,
HOT.WTH.70_P4,5/18/2025,,,,,,,,,,,
CTRL.WTH.170_P4,5/18/2025,,,,,,,,,,,
CTRL.WTH.170_P5,5/18/2025,,,,,,,,,,,
CTRL.WTH.78_P4,5/18/2025,,,,,,,,,,,
CTRL.WTH.153_P9,5/18/2025,,,,,,,,,,,
CTRL.WTH.142_P1,5/18/2025,dead_end,,,,,,,,,,
CTRL.WTH.157_P6,5/18/2025,,,,,,,,,,,
CTRL.WTH.176_P1,5/18/2025,,,,,,,,,,,
CTRL.WTH.130_P7,5/18/2025,,,,,,,,,,,
CTRL.WTH.130_P8,5/18/2025,dead,10/9/2025,,,,,,,,,
CTRL.WTH.150_P3,5/18/2025,,,,,,,,,,,
CTRL.WTH.38_P7,5/18/2025,,,,,,,,,,,
CTRL.WTH.179_P4,5/18/2025,,,,,,,,,,,
CTRL.WTH.118_P3,5/18/2025,,,,,,,,,,,
CTRL.WTH.118_P4,5/18/2025,,,,,,,,,,,
CTRL.WTH.118_P5,5/18/2025,,,,,,,,,,,
CTRL.WTH.50_P5,5/18/2025,,,,,,,,,,,
CTRL.GLF.9_P2,5/18/2025,,,,,,,,,,,
CTRL.WTH.106_P1,5/18/2025,,,,,,,,,,,
CTRL.WTH.168_P3,5/18/2025,,,,,,,,,,,
CTRL.WTH.113_P3,5/18/2025,,,,,,,,,,,
CTRL.BLG.15_P9,5/18/2025,dead_end,,,,,,,,,,
CTRL.WTH.60_P4,5/18/2025,,,,,,,,,,,
CTRL.WTH.60_P5,5/18/2025,,,,,,,,,,,
CTRL.WTH.60_P6,5/18/2025,,,,,,,,,,,
CTRL.WTH.159_P2,5/18/2025,,,,,,,,,,,
CTRL.WTH.159_P3,5/18/2025,,,,,,,,,,,
CTRL.WTH.159_P4,5/18/2025,,,,,,,,,,,
CTRL.WTH.94_P4,5/18/2025,,,,,,,,,,,
CTRL.WTH.22_P10,5/18/2025,dead,9/11/2025,,,,,,,,,
CTRL.WTH.49_P6,5/18/2025,dead,10/9/2025,,,,,,,,,
CTRL.WTH.49_P7,5/18/2025,,,,,,,,,,,
CTRL.WTH.164_P4,5/18/2025,,,,,,,,,,,
CTRL.WTH.164_P5,5/18/2025,,,,,,,,,,,
CTRL.WTH.164_P6,5/18/2025,,,,,,,,,,,
CTRL.WTH.164_P7,5/18/2025,,,,,,,,,,,
CTRL.WTH.148_P4,5/18/2025,,,,,,,,,,,
CTRL.WTH.148_P5,5/18/2025,,,,,,,,,,,
CTRL.WTH.148_P6,5/18/2025,,,,,,,,,,,
CTRL.WTH.148_P7,5/18/2025,,,,,,,,,,,
CTRL.WTH.15_P3,5/18/2025,dead_rm_rm,,,,,,,,,,
CTRL.WTH.15_P4,5/18/2025,,,,,,,,,,,
CTRL.WTH.161_P4,5/18/2025,,,,,,,,,,,
CTRL.WTH.139_P1,5/18/2025,,,,,,,,,,,
CTRL.WTH.139_P2,5/18/2025,,,,,,,,,,,
CTRL.WTH.139_P3,5/18/2025,,,,,,,,,,,
CTRL.WTH.139_P4,5/18/2025,,,,,,,,,,,
CTRL.WTH.139_P5,5/18/2025,,,,,,,,,,,
CTRL.WTH.138_P3,5/18/2025,,,,,,,,,,,
CTRL.WTH.158_P4,5/18/2025,,,,,,,,,,,
CTRL.WTH.158_P5,5/18/2025,,,,,,,,,,,
CTRL.WTH.160_P6,5/18/2025,,,,,,,,,,,
CTRL.WTH.160_P7,5/18/2025,,,,,,,,,,,
CTRL.WTH.70_P6,5/18/2025,dead_end,,,,,,,,,,
F6.MEAN.CTRL_P2,5/18/2025,,,,,,,,,,,
F3.CTRL.CTRL_F4,5/18/2025,,,,,,,,,,,
F5.CTRL.CTRL_P2,5/18/2025,,,,,,,,,,,
F3.MEAN.CTRL_P1,5/18/2025,,,,,,,,,,,
F1.HOT.CTRL_P1,5/18/2025,,,,,,,,,,,
F4.CTRL.CTRL_P6,5/18/2025,dead_end,,,,,,,,,,
F4.CTRL.CTRL_P7,5/18/2025,,,,,,,,,,,
F7.COOL.CTRL_P6,5/18/2025,,,,,,,,,,,
HOT.WTH.78_P5,5/19/2025,dead,10/9/2025,,,,,,,,,
HOT.WTH.17_P10,5/19/2025,,,,,,,,,,,
HOT.WTH.158_P6,5/19/2025,,,,,,,,,,,
HOT.WTH.160_P7,5/19/2025,,,,,,,,,,,
F3.MEAN.HOT_P5,5/19/2025,,,,,,,,,,,
HOT.WTH.157_P5,5/19/2025,,,,,,,,,,,
F2.WARM.HOT_P1,5/19/2025,dead,11/5/2025,,,,,,,,,
HOT.WTH.145_P6,5/19/2025,,,,,,,,,,,
HOT.WTH.33_P4,5/19/2025,,,,,,,,,,,
F6.MEAN.HOT_P3,5/19/2025,,,,,,,,,,,
F3.CTRL.HOT2_P3,5/19/2025,,,,,,,,,,,
F3.CTRL.HOT2_P4,5/19/2025,dead,7/11/2025,,,,,,,,,
F3.CTRL.HOT2_P5,5/19/2025,,,,,,,,,,,
F3.CTRL.HOT2_P6,5/19/2025,,,,,,,,,,,
HOT.WTH.121_P8,5/19/2025,,,,,,,,,,,
HOT.WTH.154_P5,5/19/2025,,,,,,,,,,,
HOT.WTH.154_P6,5/19/2025,,,,,,,,,,,
HOT.WTH.154_P7,5/19/2025,,,,,,,,,,,
CTRL.WTH.138_P4,5/19/2025,,,,,,,,,,,
CTRL.WTH.164_P8,5/19/2025,,,,,,,,,,,
CTRL.WTH.161_P5,5/19/2025,,,,,,,,,,,
CTRL.WTH.29_P7,5/19/2025,dead,11/5/2025,,,,,,,,,
CTRL.WTH.152_P2,5/19/2025,,,,,,,,,,,
CTRL.WTH.89_P2,5/19/2025,,,,,,,,,,,
CTRL.WTH.89_P3,5/19/2025,,,,,,,,,,,
CTRL.WTH.89_P4,5/19/2025,dead,27/10/25,,,,,,,,,
CTRL.WTH.110_P6,5/19/2025,dead,9/11/2025,,,,,,,,,
F1.CTRL.CTRL_P7,5/19/2025,dead_end,,,,,,,,,,
WARM.WTH.1_P4,5/19/2025,,,,,,,,,,,
WARM.WTH.23_P3,5/19/2025,,,,,,,,,,,
WARM.WTH.41_P3,5/19/2025,,,,,,,,,,,
WARM.WTH.41_P4,5/19/2025,,,,,,,,,,,
WARM.WTH.41_P5,5/19/2025,,,,,,,,,,,
WARM.GLF.15_P1,5/19/2025,,,,,,,,,,,
WARM.MUN.1_P4,5/19/2025,,,,,,,,,,,
F1.COOL.WARM_P6,5/19/2025,,,,,,,,,,,
F1.COOL.WARM_P7,5/19/2025,,,,,,,,,,,
F1.COOL.WARM_P8,5/19/2025,,,,,,,,,,,
F1.COOL.WARM_P9,5/19/2025,,,,,,,,,,,
F1.COOL.WARM_P10,5/19/2025,,,,,,,,,,,
WARM.WTH.43_P3,5/19/2025,,,,,,,,,,,
WARM.WTH.43_P4,5/19/2025,,,,,,,,,,,
WARM.WTH.43_P5,5/19/2025,,,,,,,,,,,
WARM.WTH.50_P3,5/19/2025,,,,,,,,,,,
WARM.WTH.50_P4,5/19/2025,,,,,,,,,,,
WARM.WTH.50_P5,5/19/2025,,,,,,,,,,,
WARM.WTH.38_P2,5/19/2025,,,,,,,,,,,
WARM.WTH.25_P1,5/19/2025,,,,,,,,,,,
F2.COOL.WARM_P1,5/19/2025,,,,,,,,,,,
WARM.WTH.22_P1,5/19/2025,,,,,,,,,,,
WARM.WTH.60_P1,5/19/2025,,,,,,,,,,,
F3.MEAN.CTRL_P2,5/19/2025,,,,,,,,,,,
F1.HOT.CTRL_P2,5/19/2025,,,,,,,,,,,
F1.HOT.CTRL_P3,5/19/2025,dead,7/11/2025,,,,,,,,,
F1.HOT.CTRL_P4,5/19/2025,,,,,,,,,,,
F1.WARM.CTRL_P2,5/19/2025,,,,,,,,,,,
F1.WARM.CTRL_P3,5/19/2025,,,,,,,,,,,
CTRL.WTH.139_P6,5/19/2025,dead,9/11/2025,,,,,,,,,
CTRL.WTH.139_P7,5/19/2025,,,,,,,,,,,
CTRL.WTH.139_P8,5/19/2025,,,,,,,,,,,
CTRL.WTH.16_P5,5/19/2025,dead_end,,,,,,,,,,
CTRL.WTH.176_P2,5/19/2025,,,,,,,,,,,
CTRL.WTH.176_P3,5/19/2025,,,,,,,,,,,
CTRL.WTH.176_P4,5/19/2025,,,,,,,,,,,
CTRL.WTH.158_P6,5/19/2025,dead_end,,,,,,,,,,
CTRL.WTH.15_P5,5/19/2025,,,,,,,,,,,
CTRL.WTH.102_P3,5/19/2025,,,,,,,,,,,
CTRL.WTH.114_P6,5/19/2025,,,,,,,,,,,
CTRL.WTH.168_P4,5/19/2025,,,,,,,,,,,
CTRL.WTH.170_P6,5/19/2025,,,,,,,,,,,
CTRL.BLG.15_P10,5/19/2025,,,,,,,,,,,
CTRL.WTH.123_P4,5/19/2025,,,,,,,,,,,
CTRL.WTH.123_P5,5/19/2025,dead_end,,,,,,,,,,
CTRL.WTH.96_P1,5/19/2025,,,,,,,,,,,
WARM.WTH.114_P1,5/20/2025,,,,,,,,,,,
WARM.WTH.89_P1,5/20/2025,,,,,,,,,,,
WARM.WTH.25_P2,5/20/2025,,,,,,,,,,,
F2.COOL.WARM_P2,5/20/2025,,,,,,,,,,,
F2.COOL.WARM_P3,5/20/2025,,,,,,,,,,,
WARM.WTH.22_P4,5/20/2025,dead ,10/9/2025,,,,,,,,,
WARM.WTH.22_P5,5/20/2025,dead_end,,,,,,,,,,
WARM.WTH.22_P6,5/20/2025,,,,,,,,,,,
WARM.WTH.43_P6,5/20/2025,,,,,,,,,,,
WARM.WTH.48_P1,5/20/2025,,,,,,,,,,,
WARM.WTH.48_P2,5/20/2025,,,,,,,,,,,
WARM.WTH.48_P3,5/20/2025,,,,,,,,,,,
WARM.WTH.50_P6,5/20/2025,,,,,,,,,,,
WARM.WTH.50_P7,5/20/2025,,,,,,,,,,,
WARM.WTH.38_P3,5/20/2025,,,,,,,,,,,
WARM.WTH.38_P4,5/20/2025,,,,,,,,,,,
WARM.WTH.41_P6,5/20/2025,,,,,,,,,,,
WARM.WTH.26_P1,5/20/2025,,,,,,,,,,,
WARM.WTH.130_P8,5/20/2025,,,,,,,,,,,
WARM.WTH.44_P3,5/20/2025,,,,,,,,,,,
WARM.WTH.86_P1,5/20/2025,,,,,,,,,,,
WARM.WTH.86_P2,5/20/2025,,,,,,,,,,,
WARM.WTH.86_P3,5/20/2025,,,,,,,,,,,
F4.COOL.WARM_P2,5/20/2025,,,,,,,,,,,
F4.COOL.WARM_P3,5/20/2025,,,,,,,,,,,
WARM.WTH.64_P1,5/20/2025,,,,,,,,,,,
WARM.WTH.103_P1,5/20/2025,,,,,,,,,,,
WARM.WTH.117_P1,5/20/2025,,,,,,,,,,,
WARM.WTH.23_P4,5/20/2025,,,,,,,,,,,
WARM.WTH.23_P5,5/20/2025,,,,,,,,,,,
F1.CTRL.WARM_P4,5/20/2025,,,,,,,,,,,
WARM.WTH.60_P3,5/20/2025,,,,,,,,,,,
WARM.URD.1_P1,5/20/2025,,,,,,,,,,,
WARM.URD.1_P2,5/20/2025,dead_end,,,,,,,,,,
WARM.URD.1_P3,5/20/2025,dead_end,,,,,,,,,,
WARM.URD.1_P4,5/20/2025,,,,,,,,,,,
WARM.URD.1_P5,5/20/2025,,,,,,,,,,,
WARM.URD.1_P6,5/20/2025,,,,,,,,,,,
HOT.WTH.123_p5,5/20/2025,,,,,,,,,,,
F3.MEAN.HOT_P6,5/20/2025,,,,,,,,,,,
F3.MEAN.HOT_P7,5/20/2025,,,,,,,,,,,
F3.MEAN.HOT_P8,5/20/2025,,,,,,,,,,,
F2.WARM.HOT_P2,5/20/2025,dead,10/9/2025,,,,,,,,,
F6.MEAN.HOT_P4,5/20/2025,,,,,,,,,,,
HOT.WTH.78_P6,5/20/2025,dead_end,,,,,,,,,,
HOT.WTH.48_P1,5/20/2025,dead_end,,,,,,,,,,
HOT.WTH.168_P6,5/20/2025,,,,,,,,,,,
HOT.WTH.170_P3,5/20/2025,dead,7/11/2025,,,,,,,,,
HOT.GLF.16_P2,5/20/2025,,,,,,,,,,,
HOT.GLF.16_P3,5/20/2025,,,,,,,,,,,
HOT.WTH.161_P6,5/20/2025,,,,,,,,,,,
HOT.WTH.161_P7,5/20/2025,,,,,,,,,,,
F1.WARM.CTRL_P4,5/20/2025,,,,,,,,,,,
F1.HOT.CTRL_P5,5/20/2025,dead,27/10/25,,,,,,,,,
F1.HOT.CTRL_P6,5/20/2025,,,,,,,,,,,
CTRL.WTH.104_P2,5/20/2025,,,,,,,,,,,
CTRL.WTH.104_P3,5/20/2025,,,,,,,,,,,
CTRL.WTH.179_P5,5/20/2025,,,,,,,,,,,
CTRL.WTH.176_P5,5/20/2025,dead_end,,,,,,,,,,
CTRL.WTH.142_P2,5/21/2025,dead ,17/11/25,,,,,,,,,
F1.HOT.CTRL_P7,5/21/2025,,,,,,,,,,,
F1.WARM.CTRL_P5,5/21/2025,,,,,,,,,,,
CTRL.WTH.70_P7,5/21/2025,,,,,,,,,,,
CTRL.WTH.158_P7,5/21/2025,dead_end,,,,,,,,,,
CTRL.WTH.22_P11,5/21/2025,dead,27/10/25,,,,,,,,,
F3.CTRL.CTRL_P5,5/21/2025,,,,,,,,,,,
CTRL.WTH.78_P5,5/21/2025,dead,10/9/2025,,,,,,,,,
CTRL.WTH.78_P6,5/21/2025,,,,,,,,,,,
CTRL.WTH.84_P1,5/21/2025,dead,10/9/2025,,,,,,,,,
CTRL.WTH.152_P3,5/21/2025,dead,,,,,,,,,,
CTRL.WTH.152_P4,5/21/2025,,,,,,,,,,,
CTRL.WTH.152_P5,5/21/2025,,,,,,,,,,,
CTRL.WTH.152_P6,5/21/2025,,,,,,,,,,,
CTRL.WTH.152_P7,5/21/2025,,,,,,,,,,,
F2.WARM.CTRL_P3,5/21/2025,dead,11/5/2025,,,,,,,,,
F3.MEAN.CTRL_P3,5/21/2025,,,,,,,,,,,
CTRL.WTH.159_P5,5/21/2025,,,,,,,,,,,
F4.WARM.HOT_P1,5/21/2025,,,,,,,,,,,
F4.WARM.HOT_P2,5/21/2025,dead_rm,Aug-25,,,,,,,,,
CTRL.WTH.138_P5,5/21/2025,,,,,,,,,,,
F2.WARM.HOT_P3,5/21/2025,,,,,,,,,,,
F2.WARM.HOT_P4,5/21/2025,,,,,,,,,,,
F2.WARM.HOT_P5,5/21/2025,,,,,,,,,,,
F2.WARM.HOT_P6,5/21/2025,,,,,,,,,,,
F2.WARM.HOT_P7,5/21/2025,,,,,,,,,,,
HOT.WTH.170_P4,5/21/2025,,,,,,,,,,,
F2.WARM.HOT_P8,5/21/2025,dead ,27/10/25,,,,,,,,,
WARM.WTH.162_P1,5/21/2025,,,,,,,,,,,
WARM.WTH.162_P2,5/21/2025,dead ,27/10/25,,,,,,,,,
WARM.WTH.162_P3,5/21/2025,,,,,,,,,,,
WARM.WTH.60_P3,5/21/2025,dead ,27/10/25,,,,,,,,,
WARM.WTH.60_P4,5/21/2025,,,,,,,,,,,
WARM.WTH.60_P5,5/21/2025,,,,,,,,,,,
WARM.WTH.60_P6,5/21/2025,,,,,,,,,,,
WARM.WTH.38_P5,5/21/2025,,,,,,,,,,,
WARM.WTH.38_P6,5/21/2025,dead_end,,,,,,,,,,
F1.CTRL.WARM_P5,5/21/2025,,,,,,,,,,,
WARM.URD.1_P7,5/21/2025,dead ,11/3/2025,,,,,,,,,
WARM.WTH.117_P2,5/21/2025,,,,,,,,,,,
WARM.WTH.64_P2,5/21/2025,,,,,,,,,,,
WARM.WTH.47_P1,5/21/2025,,,,,,,,,,,
WARM.WTH.47_P2,5/21/2025,dead_end,,,,,,,,,,
WARM.WTH.47_P3,5/21/2025,dead ,27/10/25,,,,,,,,,
F4.CTRL.WARM_P1,5/21/2025,,,,,,,,,,,
F4.CTRL.WARM_P2,5/21/2025,,,,,,,,,,,
F4.CTRL.WARM_P3,5/21/2025,,,,,,,,,,,
WARM.WTH.94_P2,5/21/2025,,,,,,,,,,,
WARM.WTH.1_P5,5/21/2025,dead_end,,,,,,,,,,
WARM.WTH.1_P6,5/21/2025,,,,,,,,,,,
WARM.WTH.1_P7,5/21/2025,,,,,,,,,,,
WARM.WTH.22_P7,5/21/2025,,,,,,,,,,,
WARM.WTH.22_P8,5/21/2025,dead,10/9/2025,,,,,,,,,
WARM.WTH.23_P6,5/21/2025,,,,,,,,,,,
WARM.WTH.103_P2,5/21/2025,dead ,11/3/2025,,,,,,,,,
WARM.WTH.13_P4,5/21/2025,,,,,,,,,,,
WARM.WTH.106_P1,5/21/2025,,,,,,,,,,,
WARM.WTH.74_P1,5/21/2025,,,,,,,,,,,
WARM.WTH.74_P2,5/21/2025,dead,10/9/2025,,,,,,,,,
WARM.WTH.127_P1,5/21/2025,dead_end,,,,,,,,,,
WARM.WTH.53_P1,5/21/2025,,,,,,,,,,,
F3.CTRL.WARM_P1,5/21/2025,,,,,,,,,,,
F5.COOL.WARM_P2,5/21/2025,,,,,,,,,,,
WARM.WTH.15_P1,5/21/2025,,,,,,,,,,,
WARM.WTH.29_P2,5/21/2025,,,,,,,,,,,
F6.MEAN.WARM_P1,5/21/2025,dead_end,,,,,,,,,,
WARM.WTH.25_P3,5/21/2025,,,,,,,,,,,
WARM.WTH.25_P4,5/21/2025,,,,,,,,,,,
WARM.WTH.25_P5,5/21/2025,,,,,,,,,,,
WARM.WTH.25_P6,5/21/2025,,,,,,,,,,,
WARM.WTH.25_P7,5/21/2025,,,,,,,,,,,
WARM.WTH.17_P3,5/21/2025,,,,,,,,,,,
WARM.WTH.17_P4,5/21/2025,,,,,,,,,,,
WARM.WTH.114_P2,5/21/2025,dead ,9/11/2025,,,,,,,,,
WARM.WTH.114_P3,5/21/2025,dead,11/5/2025,,,,,,,,,
WARM.WTH.148_P1,5/21/2025,,,,,,,,,,,
WARM.WTH.148_P2,5/21/2025,,,,,,,,,,,
WARM.WTH.148_P3,5/21/2025,,,,,,,,,,,
WARM.WTH.148_P4,5/21/2025,,,,,,,,,,,
WARM.WTH.96_P1,5/21/2025,,,,,,,,,,,
WARM.WTH.96_P2,5/21/2025,,,,,,,,,,,
WARM.WTH.111_P1,5/21/2025,,,,,,,,,,,
WARM.WTH.111_P2,5/21/2025,,,,,,,,,,,
WARM.WTH.26_P2,5/21/2025,,,,,,,,,,,
WARM.WTH.26_P3,5/21/2025,,,,,,,,,,,
WARM.WTH.26_P4,5/21/2025,dead ,7/11/2025,,,,,,,,,
WARM.WTH.26_P5,5/21/2025,,,,,,,,,,,
F3.MEAN.HOT_P9,5/22/2025,dead ,11/3/2025,,,,,,,,,
HOT.WTH.154_P8,5/22/2025,dead ,27/10/25,,,,,,,,,
HOT.WTH.154_P9,5/22/2025,dead ,7/11/2025,,,,,,,,,
HOT.WTH.39_P5,5/22/2025,,,,,,,,,,,
HOT.WTH.38_P3,5/22/2025,,,,,,,,,,,
HOT.WTH.41_P8,5/22/2025,,,,,,,,,,,
HOT.GLF.16_P4,5/22/2025,,,,,,,,,,,
HOT.WTH.164_P4,5/22/2025,,,,,,,,,,,
F6.CTRL.HOT_P2,5/22/2025,,,,,,,,,,,
CTRL.GLF.16_P2,5/22/2025,,,,,,,,,,,
CTRL.GLF.16_P3,5/22/2025,,,,,,,,,,,
CTRL.GLF.16_P4,5/22/2025,,,,,,,,,,,
CTRL.GLF.16_P5,5/22/2025,,,,,,,,,,,
CTRL.GLF.16_P6,5/22/2025,,,,,,,,,,,
CTRL.WTH.159_P6,5/22/2025,dead,10/9/2025,,,,,,,,,
F7.COOL.WARM_P1,5/22/2025,,,,,,,,,,,
F5.CTRL.WARM_P1,5/22/2025,,,,,,,,,,,
WARM.WTH.15_P2,5/22/2025,,,,,,,,,,,
WARM.WTH.146_P1,5/22/2025,dead,27/10/25,,,,,,,,,
F3.CTRL.WARM_P2,5/22/2025,dead,27/10/25,,,,,,,,,
F3.CTRL.WARM_P3,5/22/2025,,,,,,,,,,,
WARM.WTH.106_P2,5/22/2025,dead,10/9/2025,,,,,,,,,
WARM.WTH.104_P1,5/22/2025,,,,,,,,,,,
WARM.WTH.42_P4,5/22/2025,,,,,,,,,,,
WARM.WTH.42_P5,5/22/2025,,,,,,,,,,,
WARM.WTH.37_P1,5/22/2025,,,,,,,,,,,
F6.CTRL.WARM_P1,5/22/2025,,,,,,,,,,,
F6.CTRL.WARM_P2,5/22/2025,dead_end,,,,,,,,,,
WARM.WTH.53_P2,5/22/2025,,,,,,,,,,,
WARM.WTH.53_P3,5/22/2025,,,,,,,,,,,
WARM.WTH.53_P4,5/22/2025,,,,,,,,,,,
WARM.WTH.53_P5,5/22/2025,,,,,,,,,,,
WARM.GLF.5_P2,5/22/2025,,,,,,,,,,,
WARM.GLF.5_P3,5/22/2025,,,,,,,,,,,
WARM.WTH.47_P4,5/22/2025,,,,,,,,,,,
WARM.WTH.74_P3,5/22/2025,dead_end,,,,,,,,,,
WARM.WTH.74_P3,5/22/2025,dead,10/9/2025,,,,,,,,,
WARM.WTH.13_P5,5/22/2025,,,,,,,,,,,
WARM.WTH.127_P2,5/22/2025,,,,,,,,,,,
WARM.WTH.127_P3,5/22/2025,,,,,,,,,,,
WARM.WTH.44_P5,5/22/2025,dead,27/10/25,,,,,,,,,
WARM.WTH.145_P1,5/22/2025,dead_end,,,,,,,,,,
WARM.WTH.145_P2,5/22/2025,dead,10/9/2025,,,,,,,,,
WARM.WTH.145_P3,5/22/2025,dead,10/9/2025,,,,,,,,,
WARM.WTH.145_P4,5/22/2025,,,,,,,,,,,
WARM.WTH.84_P1,5/22/2025,,,,,,,,,,,
WARM.WTH.84_P2,5/22/2025,dead,27/10/25,,,,,,,,,
WARM.WTH.49_P2,5/22/2025,,,,,,,,,,,
F1.CTRL.WARM_P6,5/22/2025,,,,,,,,,,,
F1.CTRL.WARM_P7,5/22/2025,dead,10/9/2025,,,,,,,,,
F1.CTRL.WARM_P8,5/22/2025,,,,,,,,,,,
F1.CTRL.WARM_P9,5/22/2025,dead_end,,,,,,,,,,
WARM.WTH.167_P1,5/22/2025,,,,,,,,,,,
WARM.WTH.167_P2,5/22/2025,dead_end,,,,,,,,,,
WARM.WTH.89_P2,5/22/2025,,,,,,,,,,,
WARM.WTH.160_P1,5/22/2025,,,,,,,,,,,
WARM.WTH.160_P2,5/22/2025,,,,,,,,,,,
WARM.WTH.50_P8,5/22/2025,,,,,,,,,,,
WARM.WTH.50_P9,5/22/2025,dead,27/10/25,,,,,,,,,
WARM.WTH.60_P7,5/22/2025,dead,10/9/2025,,,,,,,,,
WARM.WTH.60_P8,5/22/2025,,,,,,,,,,,
WARM.WTH.60_P9,5/22/2025,,,,,,,,,,,
WARM.WTH.155_P1,5/22/2025,,,,,,,,,,,
WARM.WTH.162_P4,5/22/2025,,,,,,,,,,,
WARM.WTH.92_P2,5/22/2025,,,,,,,,,,,
WARM.WTH.92_P3,5/22/2025,,,,,,,,,,,
WARM.WTH.29_P3,5/22/2025,,,,,,,,,,,
WARM.WTH.103_P3,5/22/2025,,,,,,,,,,,
WARM.WTH.103_P4,5/22/2025,,,,,,,,,,,
WARM.WTH.103_P5,5/22/2025,,,,,,,,,,,
WARM.WTH.16_P1,5/22/2025,,,,,,,,,,,
WARM.WTH.153_P1,5/22/2025,,,,,,,,,,,
WARM.WTH.153_P2,5/22/2025,,,,,,,,,,,
WARM.WTH.153_P3,5/22/2025,,,,,,,,,,,
WARM.WTH.179_P1,5/22/2025,dead,10/9/2025,,,,,,,,,
WARM.WTH.179_P2,5/22/2025,,,,,,,,,,,
WARM.WTH.94_P3,5/22/2025,,,,,,,,,,,
WARM.WTH.111_P3,5/22/2025,,,,,,,,,,,
WARM.WTH.96_P3,5/22/2025,,,,,,,,,,,
WARM.WTH.48_P1,5/22/2025,,,,,,,,,,,
F2.WARM.HOT_P9,5/23/2025,,,,,,,,,,,
F3.CTRL.HOT2_P7,5/23/2025,dead,11/5/2025,,,,,,,,,
F1.HOT.CTRL_P8,5/23/2025,,,,,,,,,,,
WARM.WTH.103_P6,5/23/2025,,,,,,,,,,,
WARM.WTH.103_P7,5/23/2025,,,,,,,,,,,
WARM.WTH.103_P8,5/23/2025,,,,,,,,,,,
WARM.WTH.153_P4,5/23/2025,,,,,,,,,,,
F6.MEAN.WARM_P2,5/23/2025,,,,,,,,,,,
WARM.WTH.96_P4,5/23/2025,,,,,,,,,,,
WARM.WTH.92_P4,5/23/2025,,,,,,,,,,,
WARM.WTH.92_P5,5/23/2025,,,,,,,,,,,
WARM.WTH.92_P6,5/23/2025,dead_end,,,,,,,,,,
F4.CTRL.WARM_P4,5/23/2025,,,,,,,,,,,
WARM.WTH.113_P1,5/23/2025,,,,,,,,,,,
WARM.WTH.33_P1,5/23/2025,,,,,,,,,,,
WARM.WTH.33_P2,5/23/2025,dead_end,,,,,,,,,,
WARM.WTH.33_P3,5/23/2025,,,,,,,,,,,
WARM.WTH.1_P8,5/23/2025,dead,12/1/2025,,,,,,,,,
WARM.WTH.148_P5,5/23/2025,,,,,,,,,,,
WARM.WTH.117_P3,5/23/2025,,,,,,,,,,,
WARM.WTH.121_P1,5/23/2025,,,,,,,,,,,
WARM.WTH.98_P1,5/23/2025,,,,,,,,,,,
HOT.WTH.53_P5,5/24/2025,,,,,,,,,,,
HOT.WTH.159_P5,5/24/2025,,,,,,,,,,,
CTRL.GLF.16_P7,5/24/2025,dead,11/19/2025,,,,,,,,,
F3.MEAN.CTRL_P4,5/24/2025,,,,,,,,,,,
CTRL.WTH.142_P3,5/24/2025,,,,,,,,,,,
F2.WARM.CTRL_P4,5/24/2025,,,,,,,,,,,
WARM.WTH.179_P3,5/24/2025,dead ,15/11/25,,,,,,,,,
WARM.WTH.179_P4,5/24/2025,,,,,,,,,,,
WARM.WTH.148_P6,5/24/2025,dead,27/10/25,,,,,,,,,
WARM.WTH.22_P9,5/24/2025,,,,,,,,,,,
WARM.WTH.22_P10,5/24/2025,dead,10/9/2025,,,,,,,,,
WARM.WTH.103_P9,5/24/2025,dead,11/11/2025,,,,,,,,,
WARM.WTH.74_P4,5/24/2025,,,,,,,,,,,
WARM.WTH.74_P5,5/24/2025,,,,,,,,,,,
WARM.WTH.53_P6,5/24/2025,,,,,,,,,,,
WARM.WTH.123_P1,5/24/2025,,,,,,,,,,,
WARM.WTH.123_P2,5/24/2025,dead_end,,,,,,,,,,
F5.CTRL.WARM_P2,5/24/2025,,,,,,,,,,,
F5.CTRL.WARM_P3,5/24/2025,,,,,,,,,,,
F5.CTRL.WARM_P4,5/24/2025,,,,,,,,,,,
F5.CTRL.WARM_P5,5/24/2025,dead ,7/11/2025,,,,,,,,,
F5.CTRL.WARM_P6,5/24/2025,,,,,,,,,,,
F5.CTRL.WARM_P7,5/24/2025,,,,,,,,,,,
WARM.WTH.39_P1,5/24/2025,,,,,,,,,,,
WARM.WTH.121_P2,5/24/2025,,,,,,,,,,,
WARM.WTH.121_P3,5/24/2025,,,,,,,,,,,
WARM.WTH.121_P4,5/24/2025,,,,,,,,,,,
WARM.WTH.121_P5,5/24/2025,,,,,,,,,,,
F6.MEAN.WARM_P3,5/24/2025,,,,,,,,,,,
WARM.WTH.78_P1,5/24/2025,,,,,,,,,,,
WARM.WTH.78_P2,5/24/2025,,,,,,,,,,,
WARM.WTH.78_P3,5/24/2025,dead,27/10/25,,,,,,,,,
WARM.WTH.78_P4,5/24/2025,,,,,,,,,,,
WARM.WTH.78_P5,5/24/2025,,,,,,,,,,,
WARM.WTH.160_P3,5/24/2025,,,,,,,,,,,
WARM.WTH.84_P3,5/24/2025,,,,,,,,,,,
WARM.WTH.84_P4,5/24/2025,,,,,,,,,,,
WARM.WTH.98_P2,5/24/2025,dead ,27/10/25,,,,,,,,,
WARM.WTH.98_P3,5/24/2025,,,,,,,,,,,
WARM.WTH.139_P1,5/24/2025,,,,,,,,,,,
WARM.WTH.139_P2,5/24/2025,,,,,,,,,,,
WARM.WTH.151_P1,5/24/2025,,,,,,,,,,,
WARM.WTH.151_P2,5/24/2025,,,,,,,,,,,
WARM.WTH.145_P5,5/24/2025,,,,,,,,,,,
WARM.WTH.64_P3,5/24/2025,,,,,,,,,,,
WARM.WTH.117_P4,5/24/2025,,,,,,,,,,,
WARM.WTH.117_P5,5/24/2025,,,,,,,,,,,
WARM.WTH.117_P6,5/24/2025,,,,,,,,,,,
WARM.WTH.43_P7,5/24/2025,,,,,,,,,,,
WARM.WTH.43_P8,5/24/2025,,,,,,,,,,,
WARM.WTH.43_P9,5/24/2025,,,,,,,,,,,
F3.MEAN.WARM_P1,5/24/2025,dead ,11/3/2025,,,,,,,,,
WARM.WTH.104_P2,5/24/2025,,,,,,,,,,,
WARM.WTH.104_P3,5/24/2025,,,,,,,,,,,
WARM.WTH.37_P3,5/24/2025,,,,,,,,,,,
F1.HOT.WARM_P1,5/24/2025,dead_end,,,,,,,,,,
F1.HOT.WARM_P2,5/24/2025,,,,,,,,,,,
F1.HOT.WARM_P3,5/24/2025,,,,,,,,,,,
WARM.WTH.150_P2,5/24/2025,,,,,,,,,,,
WARM.BLG.15_P1,5/24/2025,,,,,,,,,,,
WARM.BLG.15_P2,5/24/2025,,,,,,,,,,,
WARM.URD.1_P8,5/24/2025,,,,,,,,,,,
WARM.WTH.37_P2,5/24/2025,,,,,,,,,,,
WARM.WTH.88_P1,5/24/2025,,,,,,,,,,,
WARM.WTH.96_P5,5/24/2025,,,,,,,,,,,
F4.COOL.WARM_P4,5/24/2025,,,,,,,,,,,
WARM.WTH.111_P4,5/24/2025,,,,,,,,,,,
WARM.WTH.158_P1,5/24/2025,,,,,,,,,,,
WARM.WTH.49_P3,5/24/2025,,,,,,,,,,,
WARM.WTH.49_P4,5/24/2025,,,,,,,,,,,
WARM.WTH.157_P1,5/24/2025,dead_end,,,,,,,,,,
F1.CTRL.WARM_P10,5/24/2025,,,,,,,,,,,
HOT.GLF.16_P5,5/25/2025,,,,,,,,,,,
HOT.WTH.142_P4,5/25/2025,,,,,,,,,,,
CTRL.MUN.1_P1,5/25/2025,,,,,,,,,,,
F2.WARM.CTRL_P5,5/25/2025,dead,27/10/25,,,,,,,,,
CTRL.GLF.16_P8,5/25/2025,dead_end,,,,,,,,,,
CTRL.GLF.16_P9,5/25/2025,,,,,,,,,,,
WARM.WTH.151_P3,5/25/2025,,,,,,,,,,,
WARM.WTH.160_P4,5/25/2025,,,,,,,,,,,
WARM.WTH.78_P6,5/25/2025,dead ,11/3/2025,,,,,,,,,
WARM.WTH.78_P7,5/25/2025,,,,,,,,,,,
WARM.WTH.164_P1,5/25/2025,,,,,,,,,,,
WARM.WTH.70_P1,5/25/2025,,,,,,,,,,,
WARM.WTH.139_P3,5/25/2025,,,,,,,,,,,
WARM.WTH.39_P2,5/25/2025,,,,,,,,,,,
WARM.WTH.98_P4,5/25/2025,dead_end,,,,,,,,,,
F7.COOL.WARM_P2,5/25/2025,,,,,,,,,,,
F7.COOL.WARM_P3,5/25/2025,,,,,,,,,,,
F5.CTRL.WARM_P8,5/25/2025,dead,27/10/25,,,,,,,,,
F5.CTRL.WARM_P9,5/25/2025,dead ,10/9/2025,,,,,,,,,
F6.MEAN.WARM_P4,5/25/2025,dead_end,,,,,,,,,,
F6.MEAN.WARM_P5,5/25/2025,,,,,,,,,,,
WARM.WTH.168_P1,5/25/2025,,,,,,,,,,,
WARM.WTH.25_P9,5/25/2025,,,,,,,,,,,
WARM.WTH.86_P4,5/25/2025,dead,11/5/2025,,,,,,,,,
WARM.WTH.113_P2,5/25/2025,,,,,,,,,,,
WARM.WTH.113_P3,5/25/2025,,,,,,,,,,,
WARM.WTH.114_P4,5/25/2025,,,,,,,,,,,
WARM.WTH.127_P4,5/25/2025,,,,,,,,,,,
WARM.WTH.74_P6,5/25/2025,,,,,,,,,,,
WARM.WTH.74_P7,5/25/2025,,,,,,,,,,,
WARM.WTH.138_P2,5/25/2025,,,,,,,,,,,
WARM.WTH.138_P3,5/25/2025,,,,,,,,,,,
WARM.WTH.138_P4,5/25/2025,,,,,,,,,,,
WARM.WTH.155_P2,5/25/2025,,,,,,,,,,,
WARM.WTH.102_P1,5/25/2025,,,,,,,,,,,
WARM.WTH.176_P1,5/25/2025,,,,,,,,,,,
WARM.WTH.118_P2,5/25/2025,,,,,,,,,,,
WARM.WTH.153_P5,5/25/2025,,,,,,,,,,,
WARM.WTH.153_P6,5/25/2025,,,,,,,,,,,
WARM.WTH.153_P7,5/25/2025,,,,,,,,,,,
WARM.WTH.153_P8,5/25/2025,,,,,,,,,,,
WARM.WTH.88_P3,5/25/2025,,,,,,,,,,,
WARM.WTH.106_P3,5/25/2025,,,,,,,,,,,
WARM.WTH.106_P4,5/25/2025,,,,,,,,,,,
WARM.BLG.15_P3,5/25/2025,,,,,,,,,,,
WARM.BLG.15_P4,5/25/2025,,,,,,,,,,,
WARM.BLG.15_P5,5/25/2025,,,,,,,,,,,
WARM.WTH.167_P3,5/25/2025,,,,,,,,,,,
WARM.WTH.167_P4,5/25/2025,,,,,,,,,,,
WARM.WTH.167_P5,5/25/2025,dead,27/10/25,,,,,,,,,
WARM.WTH.49_P5,5/25/2025,,,,,,,,,,,
WARM.WTH.49_P6,5/25/2025,,,,,,,,,,,
WARM.WTH.49_P7,5/25/2025,,,,,,,,,,,
WARM.WTH.104_P4,5/25/2025,,,,,,,,,,,
WARM.WTH.89_P3,5/25/2025,,,,,,,,,,,
WARM.WTH.142_P1,5/25/2025,dead ,11/3/2025,,,,,,,,,
WARM.WTH.29_P4,5/25/2025,dead,27/10/25,,,,,,,,,
WARM.WTH.29_P5,5/25/2025,,,,,,,,,,,
WARM.WTH.29_P6,5/25/2025,,,,,,,,,,,
WARM.WTH.150_P3,5/25/2025,,,,,,,,,,,
WARM.WTH.154_P1,5/25/2025,dead_end,,,,,,,,,,
WARM.WTH.154_P2,5/25/2025,,,,,,,,,,,
WARM.WTH.154_P3,5/25/2025,,,,,,,,,,,
F6.CTRL.WARM_P3,5/25/2025,dead_end,,,,,,,,,,
WARM.WTH.164_P2,5/25/2025,dead_end,,,,,,,,,,
F1.HOT.WARM_P4,5/25/2025,,,,,,,,,,,
F1.HOT.WARM_P5,5/25/2025,,,,,,,,,,,
F1.HOT.WARM_P6,5/25/2025,dead_end,,,,,,,,,,
HOT.GLF.16_P6,5/26/2025,dead_end,,,,,,,,,,
CTRL.WTH.15_P6,5/26/2025,,,,,,,,,,,
F4.WARM.CTRL_P1,5/26/2025,dead ,10/9/2025,,,,,,,,,
F4.CTRL.WARM_P5,5/26/2025,,,,,,,,,,,
F1.WARM.WARM_P1,5/26/2025,,,,,,,,,,,
F7.COOL.WARM_P4,5/26/2025,,,,,,,,,,,
F7.COOL.WARM_P5,5/26/2025,,,,,,,,,,,
WARM.WTH.139_P4,5/26/2025,,,,,,,,,,,
WARM.WTH.139_P5,5/26/2025,,,,,,,,,,,
WARM.WTH.179_P5,5/26/2025,,,,,,,,,,,
WARM.WTH.170_P1,5/26/2025,,,,,,,,,,,
WARM.WTH.170_P2,5/26/2025,,,,,,,,,,,
WARM.WTH.84_P5,5/26/2025,,,,,,,,,,,
WARM.WTH.102_P2,5/26/2025,,,,,,,,,,,
WARM.WTH.102_P3,5/26/2025,,,,,,,,,,,
WARM.WTH.70_P2,5/26/2025,dead,11/11/2025,,,,,,,,,
WARM.WTH.70_P3,5/26/2025,,,,,,,,,,,
WARM.WTH.155_P3,5/26/2025,,,,,,,,,,,
WARM.WTH.138_P5,5/26/2025,,,,,,,,,,,
WARM.WTH.121_P6,5/26/2025,,,,,,,,,,,
WARM.WTH.160_P5,5/26/2025,,,,,,,,,,,
WARM.WTH.160_P6,5/26/2025,,,,,,,,,,,
WARM.WTH.160_P7,5/26/2025,,,,,,,,,,,
WARM.WTH.98_P5,5/26/2025,,,,,,,,,,,
F1.HOT.WARM_P7,5/26/2025,,,,,,,,,,,
WARM.BLG.15_P6,5/26/2025,,,,,,,,,,,
WARM.BLG.15_P7,5/26/2025,,,,,,,,,,,
WARM.WTH.106_P5,5/26/2025,,,,,,,,,,,
WARM.WTH.106_P6,5/26/2025,,,,,,,,,,,
WARM.WTH.110_P1,5/26/2025,,,,,,,,,,,
WARM.WTH.158_P2,5/26/2025,,,,,,,,,,,
WARM.WTH.158_P3,5/26/2025,,,,,,,,,,,
WARM.WTH.158_P4,5/26/2025,,,,,,,,,,,
WARM.WTH.37_P4,5/26/2025,,,,,,,,,,,
F3.MEAN.WARM_P2,5/26/2025,,,,,,,,,,,
WARM.WTH.161_P1,5/26/2025,,,,,,,,,,,
WARM.WTH.157_P2,5/26/2025,,,,,,,,,,,
WARM.WTH.157_P3,5/26/2025,,,,,,,,,,,
WARM.WTH.146_P2,5/26/2025,,,,,,,,,,,
WARM.WTH.164_P3,5/26/2025,,,,,,,,,,,
WARM.WTH.164_P4,5/26/2025,,,,,,,,,,,
WARM.WTH.167_P6,5/26/2025,,,,,,,,,,,
WARM.WTH.123_P3,5/26/2025,,,,,,,,,,,
WARM.WTH.123_P4,5/26/2025,,,,,,,,,,,
WARM.WTH.123_P5,5/26/2025,,,,,,,,,,,
WARM.WTH.142_P2,5/27/2025,,,,,,,,,,,
WARM.WTH.157_P4,5/27/2025,,,,,,,,,,,
WARM.WTH.70_P4,5/27/2025,,,,,,,,,,,
WARM.WTH.70_P5,5/27/2025,,,,,,,,,,,
WARM.WTH.33_P4,5/27/2025,,,,,,,,,,,
WARM.WTH.33_P5,5/27/2025,,,,,,,,,,,
WARM.WTH.89_P4,5/27/2025,,,,,,,,,,,
WARM.WTH.89_P5,5/27/2025,,,,,,,,,,,
WARM.WTH.89_P6,5/27/2025,,,,,,,,,,,
WARM.WTH.161_P2,5/27/2025,,,,,,,,,,,
WARM.WTH.161_P3,5/27/2025,,,,,,,,,,,
WARM.WTH.161_P4,5/27/2025,,,,,,,,,,,
WARM.WTH.123_P6,5/27/2025,,,,,,,,,,,
WARM.WTH.123_P7,5/27/2025,,,,,,,,,,,
WARM.WTH.150_P4,5/27/2025,,,,,,,,,,,
WARM.WTH.104_P5,5/27/2025,,,,,,,,,,,
F3.MEAN.WARM_P3,5/27/2025,,,,,,,,,,,
WARM.WTH.15_P3,5/27/2025,dead_end,,,,,,,,,,
F1.HOT.WARM_P9,5/27/2025,,,,,,,,,,,
WARM.WTH.15_P4,5/27/2025,,,,,,,,,,,
WARM.WTH.96_P6,5/27/2025,,,,,,,,,,,
CTRL.WTH.142_P4,5/27/2025,,,,,,,,,,,
F5.CTRL.WARM_P10,5/27/2025,,,,,,,,,,,
WARM.WTH.84_P6,5/27/2025,,,,,,,,,,,
WARM.WTH.102_P4,5/27/2025,,,,,,,,,,,
WARM.WTH.102_P5,5/27/2025,,,,,,,,,,,
WARM.EDI.12_P1,5/27/2025,,,,,,,,,,,
WARM.WTH.98_P6,5/27/2025,dead_end,,,,,,,,,,
WARM.WTH.98_P7,5/27/2025,,,,,,,,,,,
WARM.WTH.98_P8,5/27/2025,,,,,,,,,,,
WARM.WTH.98_P9,5/27/2025,,,,,,,,,,,
WARM.WTH.98_P10,5/27/2025,,,,,,,,,,,
WARM.WTH.98_P11,5/27/2025,,,,,,,,,,,
WARM.WTH.98_P12,5/27/2025,,,,,,,,,,,
WARM.WTH.114_P6,5/27/2025,,,,,,,,,,,
WARM.WTH.114_P5,5/27/2025,,,,,,,,,,,
F1.WARM.WARM_P2,5/27/2025,,,,,,,,,,,
WARM.WTH.170_P3,5/27/2025,,,,,,,,,,,
WARM.WTH.160_P8,5/27/2025,,,,,,,,,,,
WARM.WTH.155_P4,5/27/2025,,,,,,,,,,,
HOT.GLF.16_P7,5/28/2025,,,,,,,,,,,
WARM.WTH.49_P8,5/28/2025,,,,,,,,,,,
WARM.WTH.168_P2,5/28/2025,,,,,,,,,,,
WARM.WTH.157_P5,5/28/2025,,,,,,,,,,,
WARM.WTH.157_P6,5/28/2025,,,,,,,,,,,
WARM.WTH.89_P7,5/28/2025,,,,,,,,,,,
WARM.WTH.89_P8,5/28/2025,,,,,,,,,,,
WARM.WTH.89_P9,5/28/2025,,,,,,,,,,,
WARM.WTH.114_P7,5/28/2025,,,,,,,,,,,
WARM.WTH.114_P8,5/28/2025,,,,,,,,,,,
WARM.WTH.102_P6,5/28/2025,,,,,,,,,,,
WARM.WTH.102_P7,5/28/2025,,,,,,,,,,,
WARM.WTH.102_P8,5/28/2025,dead ,11/5/2025,,,,,,,,,
WARM.WTH.78_P8,5/28/2025,,,,,,,,,,,
WARM.WTH.170_P4,5/28/2025,,,,,,,,,,,
WARM.WTH.170_P5,5/28/2025,dead ,7/11/2025,,,,,,,,,
WARM.WTH.170_P6,5/28/2025,,,,,,,,,,,
WARM.WTH.170_P7,5/28/2025,dead_end,,,,,,,,,,
WARM.WTH.170_P8,5/28/2025,,,,,,,,,,,
F3.MEAN.WARM_P4,5/28/2025,,,,,,,,,,,
F3.MEAN.WARM_P5,5/28/2025,,,,,,,,,,,
WARM.WTH.53_P7,5/28/2025,,,,,,,,,,,
F1.WARM.WARM_P3,5/28/2025,,,,,,,,,,,
F1.WARM.WARM_P4,5/28/2025,,,,,,,,,,,
F1.WARM.WARM_P5,5/28/2025,dead ,11/3/2025,,,,,,,,,
WARM.WTH.111_P5,5/28/2025,,,,,,,,,,,
WARM.WTH.159_P1,5/28/2025,,,,,,,,,,,
WARM.WTH.159_P2,5/28/2025,,,,,,,,,,,
WARM.WTH.159_P3,5/28/2025,,,,,,,,,,,
WARM.WTH.110_P2,5/28/2025,,,,,,,,,,,
WARM.WTH.47_P5,5/28/2025,,,,,,,,,,,
F4.WARM.WARM_P1,5/28/2025,,,,,,,,,,,
F2.HOT.WARM_P2,5/28/2025,,,,,,,,,,,
F2.WARM.WARM_P1,5/28/2025,,,,,,,,,,,
F2.WARM.WARM_P2,5/28/2025,,,,,,,,,,,
F2.WARM.WARM_P3,5/28/2025,,,,,,,,,,,
F2.WARM.WARM_P4,5/28/2025,,,,,,,,,,,
WARM.WTH.167_P7,5/28/2025,,,,,,,,,,,
WARM.WTH.33_P6,5/28/2025,,,,,,,,,,,
WARM.WTH.33_P7,5/28/2025,,,,,,,,,,,
WARM.WTH.146_P3,5/28/2025,,,,,,,,,,,
WARM.WTH.123_P8,5/28/2025,,,,,,,,,,,
WARM.WTH.164_P5,5/28/2025,,,,,,,,,,,
WARM.WTH.164_P6,5/28/2025,,,,,,,,,,,
WARM.WTH.142_P3,5/28/2025,,,,,,,,,,,
WARM.WTH.142_P4,5/28/2025,,,,,,,,,,,
F7.COOL.WARM_P6,5/28/2025,,,,,,,,,,,
WARM.WTH.154_P4,5/28/2025,,,,,,,,,,,
F2.HOT.WARM_P3,5/29/2025,dead ,17/11/25,,,,,,,,,
WARM.WTH.110_P3,5/29/2025,,,,,,,,,,,
F2.WARM.WARM_P5,5/29/2025,,,,,,,,,,,
WARM.WTH.152_P1,5/29/2025,,,,,,,,,,,
F3.MEAN.WARM_P6,5/29/2025,dead ,17/11/25,,,,,,,,,
F3.MEAN.WARM_P7,5/29/2025,,,,,,,,,,,
WARM.WTH.170_P9,5/29/2025,,,,,,,,,,,
WARM.WTH.170_P10,5/29/2025,,,,,,,,,,,
WARM.WTH.170_P11,5/29/2025,,,,,,,,,,,
CTRL.GLF.16_P10,5/29/2025,,,,,,,,,,,
HOT.GLF.16_P8,5/29/2025,,,,,,,,,,,
WARM.WTH.155_P5,5/30/2025,,,,,,,,,,,
WARM.WTH.152_P2,5/30/2025,,,,,,,,,,,
WARM.WTH.152_P3,5/30/2025,,,,,,,,,,,
F2.WARM.WARM_P6,5/30/2025,,,,,,,,,,,
WARM.WTH.168_P3,5/30/2025,,,,,,,,,,,
WARM.WTH.168_P4,5/30/2025,,,,,,,,,,,
WARM.WTH.70_P6,5/30/2025,,,,,,,,,,,
F2.HOT.WARM_P4,5/30/2025,,,,,,,,,,,
F4.WARM.WARM_P2,5/30/2025,,,,,,,,,,,
WARM.WTH.154_P5,5/30/2025,,,,,,,,,,,
WARM.WTH.146_P4,5/30/2025,,,,,,,,,,,
WARM.ART.3_P1,5/30/2025,,,,,,,,,,,
WARM.WTH.150_P5,5/30/2025,,,,,,,,,,,
WARM.WTH.161_P5,5/31/2025,,,,,,,,,,,
F6.MEAN.WARM_P6,5/31/2025,,,,,,,,,,,
WARM.WTH.176_P2,5/31/2025,,,,,,,,,,,
WARM.WTH.138_P6,5/31/2025,,,,,,,,,,,
F2.HOT.WARM_P5,5/31/2025,,,,,,,,,,,
WARM.GLF.16_P1,5/31/2025,,,,,,,,,,,
WARM.WTH.164_P7,5/31/2025,,,,,,,,,,,
WARM.WTH.159_P4,5/31/2025,,,,,,,,,,,
WARM.WTH.159_P5,5/31/2025,,,,,,,,,,,
F3.CTRL.WARM_P4,5/31/2025,,,,,,,,,,,
MEAN.WTH.23_P1,6/1/2025,,,,,,,,,,,
MEAN.WTH.23_P2,6/1/2025,,,,,,,,,,,
MEAN.WTH.23_P3,6/1/2025,dead_end,,,,,,,,,,
MEAN.WTH.130_P1,6/1/2025,,,,,,,,,,,
MEAN.WTH.17_P1,6/1/2025,,,,,,,,,,,
MEAN.WTH.44_P1,6/1/2025,,,,,,,,,,,
HOT.ART.3_P1,6/1/2025,,,,,,,,,,,
F2.HOT.WARM_P6,6/1/2025,,,,,,,,,,,
WARM.WTH.154_P6,6/1/2025,,,,,,,,,,,
WARM.WTH.154_P7,6/1/2025,,,,,,,,,,,
F1.WARM.WARM_P6,6/1/2025,,,,,,,,,,,
WARM.WTH.152_P4,6/1/2025,,,,,,,,,,,
WARM.WTH.152_P5,6/1/2025,dead_end,,,,,,,,,,
F2.WARM.WARM_P7,6/1/2025,dead_end,,,,,,,,,,
F2.WARM.WARM_P8,6/1/2025,,,,,,,,,,,
WARM.WTH.139_P6,6/1/2025,,,,,,,,,,,
WARM.WTH.110_P4,6/2/2025,,,,,,,,,,,
F2.WARM.WARM_P9,6/2/2025,,,,,,,,,,,
F2.WARM.WARM_P10,6/2/2025,,,,,,,,,,,
WARM.WTH.98_P13,6/2/2025,dead_end,,,,,,,,,,
WARM.GLF.16_P2,6/2/2025,dead,11/5/2025,,,,,,,,,
WARM.WTH.161_P6,6/2/2025,,,,,,,,,,,
WARM.WTH.102_P9,6/2/2025,,,,,,,,,,,
MEAN.WTH.22_P1,6/2/2025,,,,,,,,,,,
MEAN.WTH.42_P1,6/2/2025,,,,,,,,,,,
MEAN.WTH.42_P2,6/2/2025,,,,,,,,,,,
MEAN.WTH.130_P2,6/2/2025,,,,,,,,,,,
MEAN.WTH.23_P4,6/2/2025,,,,,,,,,,,
MEAN.WTH.23_P5,6/2/2025,,,,,,,,,,,
MEAN.WTH.23_P6,6/2/2025,dead_end,,,,,,,,,,
MEAN.WTH.1_P1,6/2/2025,,,,,,,,,,,
MEAN.WTH.1_P2,6/2/2025,,,,,,,,,,,
MEAN.WTH.1_P3,6/2/2025,,,,,,,,,,,
MEAN.WTH.44_P2,6/2/2025,,,,,,,,,,,
MEAN.WTH.13_P1,6/2/2025,,,,,,,,,,,
WARM.URD.2_P1,6/3/2025,dead_end,,,,,,,,,,
WARM.WTH.164_P8,6/3/2025,,,,,,,,,,,
WARM.WTH.158_P5,6/4/2025,,,,,,,,,,,
WARM.WTH.152_P6,6/4/2025,,,,,,,,,,,
MEAN.WTH.151_P1,6/4/2025,,,,,,,,,,,
MEAN.WTH.151_P2,6/4/2025,,,,,,,,,,,
MEAN.WTH.22_P2,6/4/2025,,,,,,,,,,,
MEAN.WTH.22_P3,6/4/2025,dead_end,,,,,,,,,,
MEAN.WTH.22_P4,6/4/2025,,,,,,,,,,,
MEAN.WTH.42_P3,6/4/2025,,,,,,,,,,,
MEAN.WTH.16_P1,6/4/2025,,,,,,,,,,,
F5.COOL.MEAN_P1,6/4/2025,,,,,,,,,,,
MEAN.WTH.64_P1,6/4/2025,,,,,,,,,,,
MEAN.WTH.44_P3,6/4/2025,,,,,,,,,,,
MEAN.WTH.44_P4,6/4/2025,,,,,,,,,,,
MEAN.WTH.13_P2,6/4/2025,dead,16/10/25,,,,,,,,,
MEAN.WTH.43_P1,6/4/2025,,,,,,,,,,,
MEAN.WTH.43_P2,6/4/2025,,,,,,,,,,,
MEAN.WTH.23_P7,6/5/2025,dead,10/9/2025,,,,,,,,,
F1.CTRL.MEAN_P1,6/5/2025,,,,,,,,,,,
F4.CTRL.MEAN_P1,6/5/2025,,,,,,,,,,,
MEAN.WTH.22_P5,6/5/2025,dead,9/11/2025,,,,,,,,,
MEAN.WTH.22_P6,6/5/2025,,,,,,,,,,,
MEAN.WTH.49_P1,6/5/2025,,,,,,,,,,,
MEAN.WTH.43_P3,6/5/2025,dead_end,,,,,,,,,,
MEAN.WTH.44_P5,6/5/2025,,,,,,,,,,,
MEAN.WTH.44_P6,6/5/2025,dead,11/5/2025,,,,,,,,,
F2.COOL.MEAN_P1,6/5/2025,,,,,,,,,,,
F2.COOL.MEAN_P2,6/5/2025,dead_end,,,,,,,,,,
MEAN.WTH.33_P1,6/5/2025,dead,,,,,,,,,,
MEAN.WTH.33_P2,6/5/2025,,,,,,,,,,,
MEAN.GLF.5_P1,6/5/2025,dead,11/5/2025,,,,,,,,,
MEAN.GLF.5_P2,6/5/2025,,,,,,,,,,,
MEAN.GLF.5_P3,6/5/2025,dead,11/3/2025,,,,,,,,,
WARM.WTH.152_P7,6/5/2025,,,,,,,,,,,
WARM.GLF.16_P3,6/5/2025,,,,,,,,,,,
MEAN.WTH.17_P2,6/6/2025,,,,,,,,,,,
MEAN.MCH.7_P1,6/6/2025,,,,,,,,,,,
MEAN.WTH.29_P1,6/6/2025,,,,,,,,,,,
MEAN.WTH.29_P2,6/6/2025,,,,,,,,,,,
MEAN.WTH.44_P7,6/6/2025,,,,,,,,,,,
MEAN.WTH.42_P4,6/6/2025,dead,10/9/2025,,,,,,,,,
MEAN.WTH.42_P5,6/6/2025,,,,,,,,,,,
MEAN.WTH.42_P6,6/6/2025,,,,,,,,,,,
MEAN.WTH.48_P1,6/6/2025,dead_end,,,,,,,,,,
MEAN.WTH.16_P2,6/6/2025,,,,,,,,,,,
MEAN.WTH.43_P4,6/6/2025,dead_end,,,,,,,,,,
MEAN.WTH.162_P1,6/6/2025,,,,,,,,,,,
MEAN.WTH.162_P2,6/6/2025,,,,,,,,,,,
F1.WARM.MEAN_P1,6/7/2025,,,,,,,,,,,
MEAN.WTH.162_P3,6/7/2025,dead_end,,,,,,,,,,
MEAN.WTH.162_P4,6/7/2025,,,,,,,,,,,
MEAN.WTH.12_P1,6/7/2025,,,,,,,,,,,
MEAN.WTH.96_P1,6/7/2025,,,,,,,,,,,
MEAN.WTH.47_P1,6/7/2025,,,,,,,,,,,
MEAN.WTH.151_P3,6/7/2025,,,,,,,,,,,
MEAN.WTH.151_P4,6/7/2025,,,,,,,,,,,
MEAN.WTH.25_P1,6/7/2025,,,,,,,,,,,
MEAN.WTH.53_P1,6/7/2025,,,,,,,,,,,
MEAN.WTH.53_P2,6/7/2025,,,,,,,,,,,
MEAN.WTH.106_P1,6/7/2025,,,,,,,,,,,
MEAN.WTH.130_P3,6/7/2025,,,,,,,,,,,
MEAN.WTH.44_P8,6/7/2025,dead_end,,,,,,,,,,
F4.CTRL.MEAN_P2,6/7/2025,dead_end,,,,,,,,,,
MEAN.MUN.1_P1,6/8/2025,,,,,,,,,,,
MEAN.MUN.1_P2,6/8/2025,,,,,,,,,,,
MEAN.WTH.43_P5,6/9/2025,,,,,,,,,,,
MEAN.WTH.43_P6,6/9/2025,,,,,,,,,,,
MEAN.WTH.43_P7,6/9/2025,,,,,,,,,,,
MEAN.ART.3_P1,6/9/2025,,,,,,,,,,,
MEAN.WTH.38_P1,6/9/2025,,,,,,,,,,,
MEAN.WTH.16_P3,6/9/2025,dead_end,,,,,,,,,,
MEAN.WTH.88_P1,6/10/2025,dead,11/5/2025,,,,,,,,,
MEAN.WTH.106_P2,6/10/2025,,,,,,,,,,,
MEAN.WTH.127_P1,6/10/2025,,,,,,,,,,,
MEAN.WTH.103_P1,6/10/2025,,,,,,,,,,,
MEAN.WTH.103_P2,6/10/2025,,,,,,,,,,,
MEAN.WTH.60_P1,6/10/2025,,,,,,,,,,,
MEAN.WTH.60_P2,6/10/2025,dead_end,,,,,,,,,,
MEAN.WTH.53_P3,6/10/2025,,,,,,,,,,,
MEAN.WTH.17_P3,6/10/2025,dead,9/11/2025,,,,,,,,,
F5.CTRL.MEAN_P1,6/10/2025,,,,,,,,,,,
F5.CTRL.MEAN_P2,6/10/2025,,,,,,,,,,,
MEAN.WTH.160_P1,6/10/2025,,,,,,,,,,,
MEAN.WTH.84_P1,6/10/2025,,,,,,,,,,,
MEAN.WTH.84_P2,6/10/2025,dead_end,17/11/25,,,,,,,,,
MEAN.WTH.145_P1,6/10/2025,dead ,,,,,,,,,,
MEAN.GLF.5_P4,6/10/2025,,,,,,,,,,,
MEAN.WTH.110_P1,6/10/2025,,,,,,,,,,,
MEAN.WTH.102_P1,6/10/2025,,,,,,,,,,,
MEAN.WTH.102_P2,6/10/2025,,,,,,,,,,,
MEAN.WTH.22_P7,6/10/2025,dead,11/5/2025,,,,,,,,,
F6.CTRL.MEAN_P1,6/10/2025,,,,,,,,,,,
MEAN.WTH.98_P1,6/10/2025,,,,,,,,,,,
MEAN.WTH.33_P3,6/10/2025,,,,,,,,,,,
MEAN.WTH.102_P3,6/11/2025,dead,11/3/2025,,,,,,,,,
F6.MEAN.MEAN_P1,6/11/2025,,,,,,,,,,,
MEAN.WTH.110_P2,6/11/2025,dead,16/10/25,,,,,,,,,
MEAN.WTH.145_P2,6/11/2025,,,,,,,,,,,
MEAN.WTH.111_P1,6/11/2025,,,,,,,,,,,
F2.MEAN.MEAN_P1,6/11/2025,,,,,,,,,,,
MEAN.GLF.5_P5,6/11/2025,,,,,,,,,,,
MEAN.WTH.127_P2,6/11/2025,dead ,16/10/25,,,,,,,,,
MEAN.WTH.15_P1,6/11/2025,,,,,,,,,,,
MEAN.WTH.158_P1,6/11/2025,,,,,,,,,,,
MEAN.WTH.60_P3,6/11/2025,,,,,,,,,,,
MEAN.WTH.168_P1,6/11/2025,,,,,,,,,,,
MEAN.WTH.168_P2,6/11/2025,,,,,,,,,,,
MEAN.WTH.153_P1,6/11/2025,,,,,,,,,,,
MEAN.WTH.153_P2,6/11/2025,,,,,,,,,,,
MEAN.WTH.153_P3,6/11/2025,,,,,,,,,,,
MEAN.WTH.164_P1,6/11/2025,,,,,,,,,,,
MEAN.WTH.164_P2,6/11/2025,,,,,,,,,,,
MEAN.WTH.25_P2,6/11/2025,,,,,,,,,,,
MEAN.WTH.29_P3,6/11/2025,,,,,,,,,,,
MEAN.WTH.118_P1,6/11/2025,,,,,,,,,,,
MEAN.WTH.104_P1,6/11/2025,,,,,,,,,,,
MEAN.WTH.130_P4,6/11/2025,,,,,,,,,,,
MEAN.WTH.92_P1,6/11/2025,,,,,,,,,,,
MEAN.EDI.12_P1,6/11/2025,,,,,,,,,,,
F3.CTRL.MEAN_P1,6/11/2025,,,,,,,,,,,
F3.CTRL.MEAN_P2,6/11/2025,dead_end,,,,,,,,,,
F1.CTRL.MEAN_P2,6/11/2025,,,,,,,,,,,
F1.CTRL.MEAN_P3,6/11/2025,dead,27/10/25,,,,,,,,,
MEAN.WTH.117_P1,6/11/2025,dead,11/19/2025,,,,,,,,,
MEAN.WTH.117_P2,6/11/2025,dead,9/11/2025,,,,,,,,,
MEAN.WTH.117_P3,6/11/2025,dead_end,,,,,,,,,,
MEAN.WTH.44_P9,6/11/2025,,,,,,,,,,,
MEAN.WTH.1_P4,6/11/2025,,,,,,,,,,,
MEAN.WTH.139_P1,6/11/2025,,,,,,,,,,,
MEAN.WTH.49_P2,6/11/2025,,,,,,,,,,,
MEAN.WTH.49_P3,6/11/2025,dead_end,,,,,,,,,,
MEAN.WTH.49_P4,6/11/2025,,,,,,,,,,,
MEAN.WTH.148_P1,6/11/2025,,,,,,,,,,,
MEAN.WTH.98_P2,6/11/2025,dead_end,,,,,,,,,,
MEAN.WTH.162_P5,6/11/2025,,,,,,,,,,,
MEAN.WTH.114_P1,6/11/2025,,,,,,,,,,,
MEAN.WTH.26_P1,6/11/2025,dead_end,,,,,,,,,,
MEAN.WTH.26_P2,6/11/2025,,,,,,,,,,,
F6.CTRL.MEAN_P2,6/12/2025,,,,,,,,,,,
MEAN.WTH.47_P2,6/12/2025,dead_end,,,,,,,,,,
MEAN.WTH.170_P1,6/13/2025,,,,,,,,,,,
MEAN.WTH.170_P2,6/13/2025,,,,,,,,,,,
MEAN.WTH.153_P4,6/13/2025,dead,11/5/2025,,,,,,,,,
MEAN.WTH.154_P1,6/13/2025,,,,,,,,,,,
MEAN.WTH.139_P2,6/13/2025,,,,,,,,,,,
MEAN.WTH.168_P3,6/13/2025,,,,,,,,,,,
MEAN.WTH.168_P4,6/13/2025,,,,,,,,,,,
MEAN.WTH.146_P1,6/13/2025,dead_end,,,,,,,,,,
MEAN.WTH.146_P2,6/13/2025,,,,,,,,,,,
MEAN.WTH.60_P4,6/13/2025,dead,17/11/25,,,,,,,,,
MEAN.WTH.70_P1,6/13/2025,,,,,,,,,,,
MEAN.WTH.70_P2,6/13/2025,dead,27/10/25,,,,,,,,,
MEAN.WTH.64_P1,6/13/2025,,,,,,,,,,,
MEAN.WTH.64_P2,6/13/2025,,,,,,,,,,,
MEAN.WTH.118_P3,6/14/2025,,,,,,,,,,,
MEAN.WTH.70_P3,6/14/2025,,,,,,,,,,,
MEAN.WTH.70_P4,6/14/2025,,,,,,,,,,,
MEAN.WTH.106_P3,6/14/2025,,,,,,,,,,,
MEAN.WTH.15_P2,6/14/2025,dead_end,,,,,,,,,,
MEAN.WTH.160_P2,6/14/2025,dead_end,,,,,,,,,,
MEAN.WTH.96_P2,6/14/2025,,,,,,,,,,,
MEAN.BLG.15_P1,6/14/2025,dead,11/3/2025,,,,,,,,,
MEAN.WTH.60_P5,6/14/2025,,,,,,,,,,,
F1.CTRL.MEAN_P4,6/14/2025,,,,,,,,,,,
F3.CTRL.MEAN_P3,6/14/2025,,,,,,,,,,,
F2.HOT.MEAN_P1,6/14/2025,,,,,,,,,,,
F2.HOT.MEAN_P2,6/14/2025,dead,11/5/2025,,,,,,,,,
MEAN.WTH.89_P1,6/14/2025,dead,9/11/2025,,,,,,,,,
MEAN.WTH.157_P1,6/14/2025,,,,,,,,,,,
F3.MEAN.MEAN_P1,6/14/2025,,,,,,,,,,,
F3.MEAN.MEAN_P2,6/14/2025,,,,,,,,,,,
MEAN.WTH.148_P2,6/14/2025,dead,9/11/2025,,,,,,,,,
MEAN.WTH.26_P3,6/14/2025,,,,,,,,,,,
MEAN.WTH.88_P2,6/14/2025,,,,,,,,,,,
F6.CTRL.MEAN_P3,6/14/2025,,,,,,,,,,,
MEAN.WTH.14_P1,6/14/2025,dead_end,,,,,,,,,,
MEAN.WTH.142_P1,6/14/2025,dead,16/10/25,,,,,,,,,
MEAN.WTH.145_P3,6/14/2025,,,,,,,,,,,
MEAN.WTH.158_P2,6/14/2025,dead,11/5/2025,,,,,,,,,
WARM.GLF.16_P4,6/14/2025,,,,,,,,,,,
MEAN.WTH.155_P1,6/15/2025,,,,,,,,,,,
MEAN.WTH.94_P1,6/15/2025,,,,,,,,,,,
MEAN.WTH.70_P5,6/15/2025,,,,,,,,,,,
MEAN.WTH.17_P4,6/15/2025,,,,,,,,,,,
F1.WARM.MEAN_P2,6/15/2025,,,,,,,,,,,
F5.CTRL.MEAN_P3,6/15/2025,dead ,7/11/2025,,,,,,,,,
MEAN.WTH.84_P3,6/15/2025,,,,,,,,,,,
MEAN.WTH.84_P4,6/15/2025,,,,,,,,,,,
MEAN.WTH.78_P1,6/15/2025,,,,,,,,,,,
MEAN.WTH.78_P2,6/15/2025,,,,,,,,,,,
MEAN.WTH.39_P1,6/15/2025,,,,,,,,,,,
MEAN.WTH.39_P2,6/15/2025,,,,,,,,,,,
F7.COOL.MEAN_P1,6/15/2025,,,,,,,,,,,
F6.CTRL.CTRL_P1,6/15/2025,,,,,,,,,,,
HOT.WTH.74_P2,5/9/2025,,,,,,,,,,,
HOT.WTH.17_P2,5/8/2025,,,,,,,,,,,
HOT.WTH.157_P4,6/15/2025,,,,,,,,,,,
MEAN.WTH.139_P3,6/16/2025,dead_end,,,,,,,,,,
F2.HOT.MEAN_P3,6/17/2025,dead_end,,,,,,,,,,
MEAN.WTH.123_P1,6/17/2025,,,,,,,,,,,
MEAN.WTH.74_P1,6/17/2025,,,,,,,,,,,
MEAN.BLG.15_P2,6/17/2025,,,,,,,,,,,
MEAN.WTH.142_P2,6/18/2025,,,,,,,,,,,
F1.HOT.MEAN_p1,6/18/2025,dead_end,,,,,,,,,,
MEAN.WTH.86_P1,6/18/2025,dead_end,,,,,,,,,,
MEAN.WTH.104_P2,6/18/2025,dead_end,,,,,,,,,,
MEAN.WTH.104_P3,6/18/2025,dead ,27/10/25,,,,,,,,,
MEAN.WTH.155_P2,6/18/2025,,,,,,,,,,,
MEAN.WTH.155_P3,6/18/2025,,,,,,,,,,,
COOL.GLF.5_P1,6/18/2025,,,,,,,,,,,
COOL.WTH.43_P1,1/19/2025,dead_end,,,,,,,,,,
COOL.WTH.45_P1,6/19/2025,,,,,,,,,,,
MEAN.WTH.152_P1,6/19/2025,,,,,,,,,,,
MEAN.WTH.152_P2,6/20/2025,dead_end,,,,,,,,,,
F1.WARM.MEAN_P3,6/20/2025,dead_end,,,,,,,,,,
MEAN.WTH.179_P1,6/20/2025,,,,,,,,,,,
MEAN.WTH.179_P2,6/20/2025,,,,,,,,,,,
MEAN.WTH.167_P1,6/21/2025,,,,,,,,,,,
F2.WARM.MEAN_P1,6/22/2025,,,,,,,,,,,
F1.COOL.COOL_P1,6/22/2025,dead_end ,,,,,,,,,,
MEAN.WTH.152_P1,6/23/2025,,,,,,,,,,,
COOL.WTH.162_P1,6/24/2025,,,,,,,,,,,
COOL.MCH.7_P1,6/25/2025,,,,,,,,,,,
F5.COOL.COOL_P1,6/25/2025,,,,,,,,,,,
COOL.WTH.117_P1,6/25/2025,dead_end,,,,,,,,,,
F1.COOL.COOL_P2,6/25/2025,,,,,,,,,,,
COOL.WTH.96_P1,6/25/2025,,,,,,,,,,,
F3.CTRL.COOL_P1,6/25/2025,,,,,,,,,,,
COOL.MUN.1_P1,6/25/2025,,,,,,,,,,,
COOL.MUN.1_P2,6/25/2025,,,,,,,,,,,
COOL.WTH.114_P1,6/25/2025,dead_end,,,,,,,,,,
COOL.WTH.118_P1,6/25/2025,,,,,,,,,,,
COOL.WTH.148_P1,6/26/2025,,,,,,,,,,,
COOL.WTH.94_P1,6/26/2025,,,,,,,,,,,
COOL.WTH.103_P1,6/26/2025,,,,,,,,,,,
COOL.WTH.123_P1,6/27/2025,,,,,,,,,,,
COOL.WTH.103_P2,6/27/2025,,,,,,,,,,,
COOL.WTH.164_P1,6/27/2025,,,,,,,,,,,
F3.MEAN.MEAN_P3,6/28/2025,,,,,,,,,,,
COOL.WTH.42_P1,6/28/2025,dead_end,,,,,,,,,,
COOL.WTH.60_P1,6/28/2025,,,,,,,,,,,
COOL.WTH.148_P2,6/28/2025,dead_end,,,,,,,,,,
COOL.WTH.111_P1,6/28/2025,,,,,,,,,,,
COOL.WTH.33_P1,6/28/2025,,,,,,,,,,,
COOL.WTH.104_P1,6/28/2025,,,,,,,,,,,
COOL.WTH.157_P1,6/28/2025,,,,,,,,,,,
COOL.WTH.74_P1,6/28/2025,dead_end,,,,,,,,,,
F1.CTRL.COOL_P1,6/28/2025,dead,27/10/25,,,,,,,,,
COOL.WTH.110_P1,6/29/2025,,,,,,,,,,,
F6.CTRL.COOL_P1,6/29/2025,,,,,,,,,,,
COOL.WTH.60_P2,6/29/2025,,,,,,,,,,,
COOL.WTH.60_P3,6/29/2025,,,,,,,,,,,
COOL.WTH.159_P1,6/29/2025,,,,,,,,,,,
COOL.WTH.26_P1,6/29/2025,,,,,,,,,,,
COOL.WTH.92_P1,6/29/2025,,,,,,,,,,,
COOL.WTH.92_P2,6/29/2025,,,,,,,,,,,
COOL.WTH.123_P2,6/29/2025,,,,,,,,,,,
COOL.WTH.157_P2,6/29/2025,,,,,,,,,,,
COOL.WTH.121_P1,6/29/2025,,,,,,,,,,,
MEAN.GLF.9_P1,6/30/2025,,,,,,,,,,,
COOL.WTH.48_P1,6/30/2025,,,,,,,,,,,
COOL.WTH.159_P2,6/30/2025,,,,,,,,,,,
F4.CTRL.COOL_P1,6/30/2025,,,,,,,,,,,
COOL.WTH.106_P1,6/30/2025,,,,,,,,,,,
COOL.WTH.158_P1,6/30/2025,,,,,,,,,,,
F2.HOT.COOL_P1,6/30/2025,,,,,,,,,,,
COOL.WTH.86_P1,7/1/2025,dead_end,,,,,,,,,,
COOL.WTH.17_P1,7/1/2025,,,,,,,,,,,
COOL.WTH.17_P2,7/1/2025,,,,,,,,,,,
COOL.WTH.121_P2,7/1/2025,,,,,,,,,,,
COOL.WTH.170_P1,7/1/2025,dead_end,,,,,,,,,,
COOL.WTH.29_P1,7/1/2025,,,,,,,,,,,
F5.MEAN.COOL_P1,7/2/2025,,,,,,,,,,,
COOL.GLF.16_P1,7/2/2025,,,,,,,,,,,
COOL.WTH.15_P1,7/2/2025,,,,,,,,,,,
F6.CTRL.COOL_P2,7/2/2025,dead,10/9/2025,,,,,,,,,
COOL.WTH.98_P1,7/2/2025,,,,,,,,,,,
COOL.WTH.98_P2,7/2/2025,,,,,,,,,,,
F2.WARM.COOL_P1,7/2/2025,,,,,,,,,,,
F2.WARM.COOL_P2,7/2/2025,,,,,,,,,,,
COOL.ART.3_P1,7/2/2025,,,,,,,,,,,
COOL.WTH.29_P2,7/2/2025,,,,,,,,,,,
COOL.WTH.145_P1,7/2/2025,,,,,,,,,,,
COOL.WTH.49_P1,7/2/2025,,,,,,,,,,,
COOL.WTH.88_P1,7/2/2025,,,,,,,,,,,
COOL.WTH.89_P1,7/2/2025,,,,,,,,,,,
COOL.WTH.98_P3,7/3/2025,,,,,,,,,,,
COOL.WTH.102_P1,7/3/2025,,,,,,,,,,,
COOL.WTH.161_P1,7/3/2025,dead_end,,,,,,,,,,
COOL.WTH.161_P2,7/3/2025,,,,,,,,,,,
COOL.WTH.139_P1,7/3/2025,,,,,,,,,,,
F1.HOT.COOL_P1,7/3/2025,,,,,,,,,,,
F5.MEAN.COOL_P1,7/4/2025,,,,,,,,,,,
COOL.WTH.176_P1,7/4/2025,dead,10/9/2025,,,,,,,,,
COOL.WTH.176_P2,7/4/2025,,,,,,,,,,,
COOL.WTH.179_P1,7/5/2025,,,,,,,,,,,
COOL.WTH.16_P1,7/5/2025,,,,,,,,,,,
COOL.WTH.26_P2,7/5/2025,,,,,,,,,,,
COOL.URD.2_P1,7/6/2025,,,,,,,,,,,
COOL.WTH.170_P2,7/6/2025,,,,,,,,,,,
COOL.WTH.148_P3,7/6/2025,,,,,,,,,,,
COOL.WTH.168_P1,7/6/2025,,,,,,,,,,,
F6.MEAN.COOL_P2,7/6/2025,,,,,,,,,,,
F5.CTRL.COOL_P1,7/6/2025,,,,,,,,,,,
COOL.WTH.94_P4,7/7/2025,,,,,,,,,,,
COOL.WTH.155_P1,7/9/2025,,,,,,,,,,,
F4.COOL.HOT_P3,pre-05/06/2025,,,,,,,,,,,
F4.WARM.COOL_P1,7/8/2025,,,,,,,,,,,
HOT.WTH.17_P1,pre-05/06/2025,,,,,,,,,,,
HOT.GLF.5_P1,pre-05/06/2025,,,,,,,,,,,
HOT.WTH.17_P2,pre-05/06/2025,,,,,,,,,,,
F3.MEAN.COOL_P1,7/10/2025,,,,,,,,,,,
F3.MEAN.COOL_P2,7/10/2025,dead_end,,,,,,,,,,
COOL.WTH.155_P2,7/10/2025,,,,,,,,,,,
COOL.WTH.155_P3,7/10/2025,,,,,,,,,,,
COOL.WTH.154_P1,7/10/2025,dead,19-Nov,,,,,,,,,
F3.MEAN.COOL_P3,7/11/2025,,,,,,,,,,,
F3.MEAN.COOL_P3,7/11/2025,,,,,,,,,,,
COOL.WTH.150_P1,post-11/07/2025,dead_end,,,,,,,,,,
COOL.WTH.176_P2,post-11/07/2025,,,,,,,,,,,
COOL.WTH.155_P4,post-11/07/2025,,,,,,,,,,,
COOL.WTH.70_P1,post-11/07/2025,,,,,,,,,,,
COOL.WTH.84_P1,post-11/07/2025,,,,,,,,,,,
F2.HOT.COOL_P2,post-11/07/2025,,,,,,,,,,,
COOL.GLF.16_P2,post-11/07/2025,,,,,,,,,,,
HOT.WTH.157_P2,12/5/2025,dead,11/3/2025,,,,,,,,,
WARM.WTH.25_P8,22/05/25,dead,11/3/2025,,,,,,,,,
F2.MEAN.WARM_P1,22/05/25,dead,11/3/2025,,,,,,,,,
COOL.GLF.5_P2,6/21/2025,dead,11/5/2025,,,,,,,,,
CTRL.WTH.130_P2,5/13/2025,dead,11/5/2025,,,,,,,,,
F1.HOT.HOT_P3_A,5/16/2025,dead_end,,,,,,,,,,
CTRL.WTH.102_P4,5/19/2025,dead_end,,,,,,,,,,
COOL.WTH.14_P1,7/2/2025,dead_end,,,,,,,,,,
CTRL.WTH.50_P2,5/16/2025,dead_end,,,,,,,,,,
